#
# There is insufficient memory for the Java Runtime Environment to continue.
# Native memory allocation (mmap) failed to map 596639744 bytes. Error detail: committing reserved memory.
# Possible reasons:
#   The system is out of physical RAM or swap space
#   This process is running with CompressedOops enabled, and the Java Heap may be blocking the growth of the native heap
# Possible solutions:
#   Reduce memory load on the system
#   Increase physical memory or swap space
#   Check if swap backing store is full
#   Decrease Java heap size (-Xmx/-Xms)
#   Decrease number of Java threads
#   Decrease Java thread stack sizes (-Xss)
#   Set larger code cache with -XX:ReservedCodeCacheSize=
#   JVM is running with Unscaled Compressed Oops mode in which the Java heap is
#     placed in the first 4GB address space. The Java Heap base address is the
#     maximum limit for the native heap growth. Please use -XX:HeapBaseMinAddress
#     to set the Java Heap base and to place the Java Heap above 4GB virtual address.
# This output file may be truncated or incomplete.
#
#  Out of Memory Error (os_linux.cpp:2834), pid=2662, tid=2672
#
# JRE version: OpenJDK Runtime Environment (17.0.20+8) (build 17.0.20+8-1-deb12u1-Debian)
# Java VM: OpenJDK 64-Bit Server VM (17.0.20+8-1-deb12u1-Debian, mixed mode, sharing, tiered, compressed oops, compressed class ptrs, g1 gc, linux-amd64)
# No core dump will be written. Core dumps have been disabled. To enable core dumping, try "ulimit -c unlimited" before starting Java again
#

---------------  S U M M A R Y ------------

Command Line: --add-opens=java.base/java.lang=ALL-UNNAMED --add-opens=java.base/java.lang.invoke=ALL-UNNAMED --add-opens=java.base/java.util=ALL-UNNAMED --add-opens=java.prefs/java.util.prefs=ALL-UNNAMED --add-exports=jdk.compiler/com.sun.tools.javac.api=ALL-UNNAMED --add-exports=jdk.compiler/com.sun.tools.javac.util=ALL-UNNAMED --add-opens=java.base/java.util=ALL-UNNAMED --add-opens=java.prefs/java.util.prefs=ALL-UNNAMED --add-opens=java.base/java.nio.charset=ALL-UNNAMED --add-opens=java.base/java.net=ALL-UNNAMED --add-opens=java.base/java.util.concurrent=ALL-UNNAMED --add-opens=java.base/java.util.concurrent.atomic=ALL-UNNAMED --add-opens=java.xml/javax.xml.namespace=ALL-UNNAMED --add-opens=java.base/java.time=ALL-UNNAMED -Xmx2g -Dfile.encoding=UTF-8 -Duser.country -Duser.language=en -Duser.variant -javaagent:/root/.gradle/wrapper/dists/gradle-9.3.1-bin/23ovyewtku6u96viwx3xl3oks/gradle-9.3.1/lib/agents/gradle-instrumentation-agent-9.3.1.jar org.gradle.launcher.daemon.bootstrap.GradleDaemon 9.3.1

Host: Intel(R) Xeon(R) Processor @ 2.50GHz, 2 cores, 2G, Debian GNU/Linux 12 (bookworm)
Time: Wed Sep 16 14:44:46 2026 UTC elapsed time: 88.995518 seconds (0d 0h 1m 28s)

---------------  T H R E A D  ---------------

Current thread (0x00007f1cfc0d3980):  VMThread "VM Thread" [stack: 0x00007f1d00155000,0x00007f1d00255000] [id=2672]

Stack: [0x00007f1d00155000,0x00007f1d00255000],  sp=0x00007f1d00252d70,  free space=1015k
Native frames: (J=compiled Java code, j=interpreted, Vv=VM code, C=native code)
V  [libjvm.so+0xf21211]  VMError::report_and_die(int, char const*, char const*, __va_list_tag*, Thread*, unsigned char*, void*, void*, char const*, int, unsigned long)+0x171
V  [libjvm.so+0xf21d7d]  VMError::report_and_die(Thread*, char const*, int, unsigned long, VMErrorType, char const*, __va_list_tag*)+0x2d
V  [libjvm.so+0x60378c]  report_vm_out_of_memory(char const*, int, unsigned long, VMErrorType, char const*, ...)+0xdc
V  [libjvm.so+0xc2a14b]  os::pd_commit_memory_or_exit(char*, unsigned long, unsigned long, bool, char const*)+0xeb
V  [libjvm.so+0xc23ffb]  os::commit_memory_or_exit(char*, unsigned long, unsigned long, bool, char const*)+0x1b
V  [libjvm.so+0x733436]  G1PageBasedVirtualSpace::commit(unsigned long, unsigned long)+0x66
V  [libjvm.so+0x7473e0]  G1RegionsLargerThanCommitSizeMapper::commit_regions(unsigned int, unsigned long, WorkGang*)+0x110
V  [libjvm.so+0x7dadc8]  HeapRegionManager::commit_regions(unsigned int, unsigned long, WorkGang*)+0x88
V  [libjvm.so+0x7dcc0b]  HeapRegionManager::expand(unsigned int, unsigned int, WorkGang*)+0x2b
V  [libjvm.so+0x7dce27]  HeapRegionManager::expand_by(unsigned int, WorkGang*)+0x77
V  [libjvm.so+0x6ebed8]  G1CollectedHeap::expand(unsigned long, WorkGang*, double*)+0xe8
V  [libjvm.so+0x6efb29]  G1CollectedHeap::do_collection_pause_at_safepoint_helper(double)+0x8a9
V  [libjvm.so+0x6efb8f]  G1CollectedHeap::do_collection_pause_at_safepoint(double)+0x2f
V  [libjvm.so+0x76b9d7]  VM_G1CollectForAllocation::doit()+0x47
V  [libjvm.so+0xf26715]  VM_Operation::evaluate()+0xe5
V  [libjvm.so+0xf28005]  VMThread::evaluate_operation(VM_Operation*)+0x105
V  [libjvm.so+0xf2857f]  VMThread::inner_execute(VM_Operation*)+0x28f
V  [libjvm.so+0xf2878f]  VMThread::run()+0xbf
V  [libjvm.so+0xea40a5]  Thread::call_run()+0xa5
V  [libjvm.so+0xc2c8f3]  thread_native_entry(Thread*)+0xe3

VM_Operation (0x00007f1c85bdf7e0): G1CollectForAllocation, mode: safepoint, requested by thread 0x00007f1cce37f360


---------------  P R O C E S S  ---------------

Threads class SMR info:
_java_thread_list=0x00007f1c7801a480, length=64, elements={
0x00007f1cfc01af00, 0x00007f1cfc0d7a80, 0x00007f1cfc0d8e60, 0x00007f1cfc0dfc60,
0x00007f1cfc0e1010, 0x00007f1cfc0e2420, 0x00007f1cfc0e3dd0, 0x00007f1cfc0e5300,
0x00007f1cfc0e6770, 0x00007f1cfc10a4a0, 0x00007f1cfc227460, 0x00007f1cfd3778e0,
0x00007f1cfd3fe240, 0x00007f1cfd42fda0, 0x00007f1c70021f20, 0x00007f1c78005ec0,
0x00007f1c7800b000, 0x00007f1c78011470, 0x00007f1ccc0064d0, 0x00007f1ccc00d9e0,
0x00007f1ccc0182d0, 0x00007f1ccc272580, 0x00007f1ccc275380, 0x00007f1ccc2a9e00,
0x00007f1ccc60b800, 0x00007f1ccc74d630, 0x00007f1ccc7f1040, 0x00007f1ccc8d66b0,
0x00007f1ccc965a50, 0x00007f1ccc985ce0, 0x00007f1ccd2b45b0, 0x00007f1ccd36cf10,
0x00007f1ccd3774d0, 0x00007f1ccd757630, 0x00007f1ccd770d00, 0x00007f1ccd8c1ed0,
0x00007f1cce37f360, 0x00007f1cdc0385e0, 0x00007f1cfc19e720, 0x00007f1cfc1838d0,
0x00007f1cfc0f7bb0, 0x00007f1cfd0dee30, 0x00007f1cfd0e9570, 0x00007f1cfd0e69d0,
0x00007f1cfd0e7830, 0x00007f1cfd65b150, 0x00007f1cdc04efd0, 0x00007f1cdc06f3f0,
0x00007f1cdc071f10, 0x00007f1cdc07a120, 0x00007f1cdc071090, 0x00007f1cdc07c1b0,
0x00007f1cdc081460, 0x00007f1cdc088120, 0x00007f1cdc08c1a0, 0x00007f1cdc08b2d0,
0x00007f1c7c47e770, 0x00007f1cdc084d10, 0x00007f1c7c490cc0, 0x00007f1c7c496750,
0x00007f1c7c498a60, 0x00007f1c7c4b0af0, 0x00007f1c7c4b3a80, 0x00007f1c78019590
}

Java Threads: ( => current thread )
  0x00007f1cfc01af00 JavaThread "main" [_thread_blocked, id=2663, stack(0x00007f1d03bec000,0x00007f1d03cec000)]
  0x00007f1cfc0d7a80 JavaThread "Reference Handler" daemon [_thread_blocked, id=2673, stack(0x00007f1d00054000,0x00007f1d00154000)]
  0x00007f1cfc0d8e60 JavaThread "Finalizer" daemon [_thread_blocked, id=2674, stack(0x00007f1ce1411000,0x00007f1ce1511000)]
  0x00007f1cfc0dfc60 JavaThread "Signal Dispatcher" daemon [_thread_blocked, id=2675, stack(0x00007f1ce12b9000,0x00007f1ce13b9000)]
  0x00007f1cfc0e1010 JavaThread "Service Thread" daemon [_thread_blocked, id=2676, stack(0x00007f1ce11b8000,0x00007f1ce12b8000)]
  0x00007f1cfc0e2420 JavaThread "Monitor Deflation Thread" daemon [_thread_blocked, id=2677, stack(0x00007f1ce10b7000,0x00007f1ce11b7000)]
  0x00007f1cfc0e3dd0 JavaThread "C2 CompilerThread0" daemon [_thread_in_native, id=2678, stack(0x00007f1ce0fb6000,0x00007f1ce10b6000)]
  0x00007f1cfc0e5300 JavaThread "C1 CompilerThread0" daemon [_thread_blocked, id=2679, stack(0x00007f1ce0eb5000,0x00007f1ce0fb5000)]
  0x00007f1cfc0e6770 JavaThread "Sweeper thread" daemon [_thread_blocked, id=2680, stack(0x00007f1ce0db4000,0x00007f1ce0eb4000)]
  0x00007f1cfc10a4a0 JavaThread "Common-Cleaner" daemon [_thread_blocked, id=2681, stack(0x00007f1ce0cb3000,0x00007f1ce0db3000)]
  0x00007f1cfc227460 JavaThread "Notification Thread" daemon [_thread_blocked, id=2682, stack(0x00007f1ce0bb2000,0x00007f1ce0cb2000)]
  0x00007f1cfd3778e0 JavaThread "Daemon health stats" [_thread_blocked, id=2690, stack(0x00007f1ce0500000,0x00007f1ce0600000)]
  0x00007f1cfd3fe240 JavaThread "Incoming local TCP Connector on port 35783" [_thread_in_native, id=2692, stack(0x00007f1ce03ff000,0x00007f1ce04ff000)]
  0x00007f1cfd42fda0 JavaThread "Daemon periodic checks" [_thread_blocked, id=2693, stack(0x00007f1ce02fe000,0x00007f1ce03fe000)]
  0x00007f1c70021f20 JavaThread "Daemon" [_thread_blocked, id=2694, stack(0x00007f1ce01fd000,0x00007f1ce02fd000)]
  0x00007f1c78005ec0 JavaThread "Handler for socket connection from /127.0.0.1:35783 to /127.0.0.1:58182" [_thread_in_native, id=2695, stack(0x00007f1ce00fc000,0x00007f1ce01fc000)]
  0x00007f1c7800b000 JavaThread "Cancel handler" [_thread_blocked, id=2696, stack(0x00007f1c86f00000,0x00007f1c87000000)]
  0x00007f1c78011470 JavaThread "Daemon worker" [_thread_blocked, id=2697, stack(0x00007f1c86dff000,0x00007f1c86eff000)]
  0x00007f1ccc0064d0 JavaThread "Asynchronous log dispatcher for DefaultDaemonConnection: socket connection from /127.0.0.1:35783 to /127.0.0.1:58182" [_thread_blocked, id=2698, stack(0x00007f1c86cfe000,0x00007f1c86dfe000)]
  0x00007f1ccc00d9e0 JavaThread "Stdin handler" [_thread_blocked, id=2699, stack(0x00007f1c86bfd000,0x00007f1c86cfd000)]
  0x00007f1ccc0182d0 JavaThread "Daemon client event forwarder" [_thread_blocked, id=2700, stack(0x00007f1c86afc000,0x00007f1c86bfc000)]
  0x00007f1ccc272580 JavaThread "Cache worker for journal cache (/root/.gradle/caches/journal-1)" [_thread_blocked, id=2703, stack(0x00007f1c869fb000,0x00007f1c86afb000)]
  0x00007f1ccc275380 JavaThread "File lock request listener" [_thread_in_native, id=2704, stack(0x00007f1c868fa000,0x00007f1c869fa000)]
  0x00007f1ccc2a9e00 JavaThread "Cache worker for file hash cache (/root/.gradle/caches/9.3.1/fileHashes)" [_thread_blocked, id=2705, stack(0x00007f1c867f9000,0x00007f1c868f9000)]
  0x00007f1ccc60b800 JavaThread "Cache worker for file hash cache (/workspace/.gradle/9.3.1/fileHashes)" [_thread_blocked, id=2709, stack(0x00007f1c866f8000,0x00007f1c867f8000)]
  0x00007f1ccc74d630 JavaThread "Cache worker for Build Output Cleanup Cache (/workspace/.gradle/buildOutputCleanup)" [_thread_blocked, id=2710, stack(0x00007f1c865f7000,0x00007f1c866f7000)]
  0x00007f1ccc7f1040 JavaThread "Cache worker for checksums cache (/workspace/.gradle/9.3.1/checksums)" [_thread_blocked, id=2712, stack(0x00007f1c864f6000,0x00007f1c865f6000)]
  0x00007f1ccc8d66b0 JavaThread "Cache worker for file content cache (/root/.gradle/caches/9.3.1/fileContent)" [_thread_blocked, id=2713, stack(0x00007f1c863f5000,0x00007f1c864f5000)]
  0x00007f1ccc965a50 JavaThread "Cache worker for cache directory md-supplier (/root/.gradle/caches/9.3.1/md-supplier)" [_thread_blocked, id=2715, stack(0x00007f1c862f4000,0x00007f1c863f4000)]
  0x00007f1ccc985ce0 JavaThread "Cache worker for cache directory md-rule (/root/.gradle/caches/9.3.1/md-rule)" [_thread_blocked, id=2716, stack(0x00007f1c861f3000,0x00007f1c862f3000)]
  0x00007f1ccd2b45b0 JavaThread "Unconstrained build operations" [_thread_blocked, id=2730, stack(0x00007f1c860f2000,0x00007f1c861f2000)]
  0x00007f1ccd36cf10 JavaThread "Unconstrained build operations Thread 2" [_thread_blocked, id=2732, stack(0x00007f1c85ff1000,0x00007f1c860f1000)]
  0x00007f1ccd3774d0 JavaThread "Unconstrained build operations Thread 3" [_thread_blocked, id=2734, stack(0x00007f1c85ef0000,0x00007f1c85ff0000)]
  0x00007f1ccd757630 JavaThread "Memory manager" [_thread_blocked, id=2746, stack(0x00007f1c85def000,0x00007f1c85eef000)]
  0x00007f1ccd770d00 JavaThread "build event listener" [_thread_blocked, id=2748, stack(0x00007f1c85cee000,0x00007f1c85dee000)]
  0x00007f1ccd8c1ed0 JavaThread "build event listener" [_thread_blocked, id=2751, stack(0x00007f1c85bed000,0x00007f1c85ced000)]
  0x00007f1cce37f360 JavaThread "included builds" [_thread_blocked, id=2767, stack(0x00007f1c85aec000,0x00007f1c85bec000)]
  0x00007f1cdc0385e0 JavaThread "Execution worker" [_thread_blocked, id=2768, stack(0x00007f1c859eb000,0x00007f1c85aeb000)]
  0x00007f1cfc19e720 JavaThread "Cache worker for execution history cache (/workspace/.gradle/9.3.1/executionHistory)" [_thread_blocked, id=2769, stack(0x00007f1c858ea000,0x00007f1c859ea000)]
  0x00007f1cfc1838d0 JavaThread "Unconstrained build operations Thread 4" [_thread_blocked, id=2772, stack(0x00007f1c857e9000,0x00007f1c858e9000)]
  0x00007f1cfc0f7bb0 JavaThread "Unconstrained build operations Thread 5" [_thread_blocked, id=2776, stack(0x00007f1c856e8000,0x00007f1c857e8000)]
  0x00007f1cfd0dee30 JavaThread "Unconstrained build operations Thread 6" [_thread_blocked, id=2778, stack(0x00007f1c855e7000,0x00007f1c856e7000)]
  0x00007f1cfd0e9570 JavaThread "Unconstrained build operations Thread 7" [_thread_blocked, id=2779, stack(0x00007f1c854e6000,0x00007f1c855e6000)]
  0x00007f1cfd0e69d0 JavaThread "Unconstrained build operations Thread 8" [_thread_blocked, id=2780, stack(0x00007f1c853e5000,0x00007f1c854e5000)]
  0x00007f1cfd0e7830 JavaThread "Unconstrained build operations Thread 9" [_thread_blocked, id=2782, stack(0x00007f1c852e4000,0x00007f1c853e4000)]
  0x00007f1cfd65b150 JavaThread "WorkerExecutor Queue" [_thread_in_native, id=2785, stack(0x00007f1c851e3000,0x00007f1c852e3000)]
  0x00007f1cdc04efd0 JavaThread "Unconstrained build operations Thread 10" [_thread_blocked, id=2786, stack(0x00007f1c850e2000,0x00007f1c851e2000)]
  0x00007f1cdc06f3f0 JavaThread "Unconstrained build operations Thread 11" [_thread_blocked, id=2788, stack(0x00007f1c84fe1000,0x00007f1c850e1000)]
  0x00007f1cdc071f10 JavaThread "Unconstrained build operations Thread 12" [_thread_blocked, id=2789, stack(0x00007f1c84ee0000,0x00007f1c84fe0000)]
  0x00007f1cdc07a120 JavaThread "Unconstrained build operations Thread 13" [_thread_blocked, id=2791, stack(0x00007f1c84ddf000,0x00007f1c84edf000)]
  0x00007f1cdc071090 JavaThread "Unconstrained build operations Thread 14" [_thread_blocked, id=2793, stack(0x00007f1c84cde000,0x00007f1c84dde000)]
  0x00007f1cdc07c1b0 JavaThread "Unconstrained build operations Thread 15" [_thread_blocked, id=2794, stack(0x00007f1c84bdd000,0x00007f1c84cdd000)]
  0x00007f1cdc081460 JavaThread "Unconstrained build operations Thread 16" [_thread_blocked, id=2796, stack(0x00007f1c84adc000,0x00007f1c84bdc000)]
  0x00007f1cdc088120 JavaThread "Unconstrained build operations Thread 17" [_thread_blocked, id=2797, stack(0x00007f1c849db000,0x00007f1c84adb000)]
  0x00007f1cdc08c1a0 JavaThread "Unconstrained build operations Thread 18" [_thread_blocked, id=2799, stack(0x00007f1c848da000,0x00007f1c849da000)]
  0x00007f1cdc08b2d0 JavaThread "Unconstrained build operations Thread 19" [_thread_blocked, id=2801, stack(0x00007f1c847d9000,0x00007f1c848d9000)]
  0x00007f1c7c47e770 JavaThread "process reaper (pid 2802)" daemon [_thread_in_native, id=2803, stack(0x00007f1ce00d9000,0x00007f1ce00fb000)]
  0x00007f1cdc084d10 JavaThread "Unconstrained build operations Thread 20" [_thread_blocked, id=2823, stack(0x00007f1c845d7000,0x00007f1c846d7000)]
  0x00007f1c7c490cc0 JavaThread "RMI Scheduler(0)" daemon [_thread_blocked, id=2833, stack(0x00007f1c846d8000,0x00007f1c847d8000)]
  0x00007f1c7c496750 JavaThread "RMI RenewClean-[127.0.0.1:17086,org.jetbrains.kotlin.daemon.common.LoopbackNetworkInterface$ClientLoopbackSocketFactory@2b401376]" daemon [_thread_blocked, id=2834, stack(0x00007f1c844d6000,0x00007f1c845d6000)]
  0x00007f1c7c498a60 JavaThread "RMI GC Daemon" daemon [_thread_blocked, id=2835, stack(0x00007f1c843d5000,0x00007f1c844d5000)]
  0x00007f1c7c4b0af0 JavaThread "RMI TCP Accept-0" daemon [_thread_in_native, id=2837, stack(0x00007f1c842d4000,0x00007f1c843d4000)]
  0x00007f1c7c4b3a80 JavaThread "RMI Reaper" [_thread_blocked, id=2838, stack(0x00007f1c841d3000,0x00007f1c842d3000)]
  0x00007f1c78019590 JavaThread "RMI TCP Connection(idle)" daemon [_thread_blocked, id=2841, stack(0x00007f1c840d2000,0x00007f1c841d2000)]

Other Threads:
=>0x00007f1cfc0d3980 VMThread "VM Thread" [stack: 0x00007f1d00155000,0x00007f1d00255000] [id=2672]
  0x00007f1cfc01d270 WatcherThread [stack: 0x00007f1ce0ab1000,0x00007f1ce0bb1000] [id=2683]
  0x00007f1cfc075d80 GCTaskThread "GC Thread#0" [stack: 0x00007f1d00a81000,0x00007f1d00b81000] [id=2667]
  0x00007f1c80004990 GCTaskThread "GC Thread#1" [stack: 0x00007f1ce09b0000,0x00007f1ce0ab0000] [id=2684]
  0x00007f1cfc087360 ConcurrentGCThread "G1 Main Marker" [stack: 0x00007f1d00980000,0x00007f1d00a80000] [id=2668]
  0x00007f1cfc0882d0 ConcurrentGCThread "G1 Conc#0" [stack: 0x00007f1d0087f000,0x00007f1d0097f000] [id=2669]
  0x00007f1cfc0a6f00 ConcurrentGCThread "G1 Refine#0" [stack: 0x00007f1d0057c000,0x00007f1d0067c000] [id=2670]
  0x00007f1ccc000ea0 ConcurrentGCThread "G1 Refine#1" [stack: 0x00007f1ce081f000,0x00007f1ce091f000] [id=2686]
  0x00007f1cfc0a7e00 ConcurrentGCThread "G1 Service" [stack: 0x00007f1d0047b000,0x00007f1d0057b000] [id=2671]

Threads with active compile tasks:
C2 CompilerThread0  89004 21290       4       com.android.tools.r8.internal.ec1::a (71 bytes)

VM state: at safepoint (normal execution)

VM Mutex/Monitor currently owned by a thread:  ([mutex/lock_event])
[0x00007f1cfc017cf0] Threads_lock - owner thread: 0x00007f1cfc0d3980
[0x00007f1cfc0184a0] Heap_lock - owner thread: 0x00007f1cce37f360

Heap address: 0x0000000080000000, size: 2048 MB, Compressed Oops mode: 32-bit

CDS archive(s) mapped at: [0x00007f1c8b000000-0x00007f1c8bbca000-0x00007f1c8bbca000), size 12361728, SharedBaseAddress: 0x00007f1c8b000000, ArchiveRelocationMode: 1.
Compressed class space mapped at: 0x00007f1c8c000000-0x00007f1ccc000000, reserved size: 1073741824
Narrow klass base: 0x00007f1c8b000000, Narrow klass shift: 0, Narrow klass range: 0x100000000

GC Precious Log:
 CPUs: 2 total, 2 available
 Memory: 2048M
 Large Page Support: Disabled
 NUMA Support: Disabled
 Compressed Oops: Enabled (32-bit)
 Heap Region Size: 1M
 Heap Min Capacity: 8M
 Heap Initial Capacity: 32M
 Heap Max Capacity: 2G
 Pre-touch: Disabled
 Parallel Workers: 2
 Concurrent Workers: 1
 Concurrent Refinement Workers: 2
 Periodic GC: Disabled

Heap:
 garbage-first heap   total 641024K, used 212404K [0x0000000080000000, 0x0000000100000000)
  region size 1024K, 1 young (1024K), 1 survivors (1024K)
 Metaspace       used 125931K, committed 126976K, reserved 1179648K
  class space    used 17317K, committed 17792K, reserved 1048576K

Heap Regions: E=young(eden), S=young(survivor), O=old, HS=humongous(starts), HC=humongous(continues), CS=collection set, F=free, OA=open archive, CA=closed archive, TAMS=top-at-mark-start (previous, next)
|   0|0x0000000080000000, 0x0000000080100000, 0x0000000080100000|100%|HS|  |TAMS 0x0000000080100000, 0x0000000080000000| Complete 
|   1|0x0000000080100000, 0x0000000080200000, 0x0000000080200000|100%|HC|  |TAMS 0x0000000080200000, 0x0000000080100000| Complete 
|   2|0x0000000080200000, 0x0000000080300000, 0x0000000080300000|100%|HC|  |TAMS 0x0000000080300000, 0x0000000080200000| Complete 
|   3|0x0000000080300000, 0x0000000080400000, 0x0000000080400000|100%|HC|  |TAMS 0x0000000080400000, 0x0000000080300000| Complete 
|   4|0x0000000080400000, 0x0000000080500000, 0x0000000080500000|100%| O|  |TAMS 0x0000000080500000, 0x0000000080400000| Untracked 
|   5|0x0000000080500000, 0x0000000080600000, 0x0000000080600000|100%| O|  |TAMS 0x0000000080600000, 0x0000000080500000| Untracked 
|   6|0x0000000080600000, 0x0000000080700000, 0x0000000080700000|100%| O|  |TAMS 0x0000000080700000, 0x0000000080600000| Untracked 
|   7|0x0000000080700000, 0x0000000080800000, 0x0000000080800000|100%| O|  |TAMS 0x0000000080800000, 0x0000000080700000| Untracked 
|   8|0x0000000080800000, 0x0000000080900000, 0x0000000080900000|100%| O|  |TAMS 0x0000000080900000, 0x0000000080800000| Untracked 
|   9|0x0000000080900000, 0x0000000080a00000, 0x0000000080a00000|100%| O|  |TAMS 0x0000000080a00000, 0x0000000080900000| Untracked 
|  10|0x0000000080a00000, 0x0000000080b00000, 0x0000000080b00000|100%|HS|  |TAMS 0x0000000080b00000, 0x0000000080a00000| Complete 
|  11|0x0000000080b00000, 0x0000000080c00000, 0x0000000080c00000|100%| O|  |TAMS 0x0000000080c00000, 0x0000000080b00000| Untracked 
|  12|0x0000000080c00000, 0x0000000080d00000, 0x0000000080d00000|100%| O|  |TAMS 0x0000000080d00000, 0x0000000080c00000| Untracked 
|  13|0x0000000080d00000, 0x0000000080e00000, 0x0000000080e00000|100%| O|  |TAMS 0x0000000080e00000, 0x0000000080d00000| Untracked 
|  14|0x0000000080e00000, 0x0000000080f00000, 0x0000000080f00000|100%| O|  |TAMS 0x0000000080f00000, 0x0000000080e00000| Untracked 
|  15|0x0000000080f00000, 0x0000000081000000, 0x0000000081000000|100%| O|  |TAMS 0x0000000081000000, 0x0000000080f00000| Untracked 
|  16|0x0000000081000000, 0x0000000081100000, 0x0000000081100000|100%| O|  |TAMS 0x0000000081100000, 0x0000000081000000| Untracked 
|  17|0x0000000081100000, 0x0000000081200000, 0x0000000081200000|100%| O|  |TAMS 0x0000000081200000, 0x0000000081100000| Untracked 
|  18|0x0000000081200000, 0x0000000081300000, 0x0000000081300000|100%| O|  |TAMS 0x0000000081300000, 0x0000000081200000| Untracked 
|  19|0x0000000081300000, 0x0000000081400000, 0x0000000081400000|100%| O|  |TAMS 0x0000000081400000, 0x0000000081300000| Untracked 
|  20|0x0000000081400000, 0x0000000081500000, 0x0000000081500000|100%| O|  |TAMS 0x0000000081500000, 0x0000000081400000| Untracked 
|  21|0x0000000081500000, 0x0000000081600000, 0x0000000081600000|100%| O|  |TAMS 0x0000000081600000, 0x0000000081500000| Untracked 
|  22|0x0000000081600000, 0x0000000081700000, 0x0000000081700000|100%| O|  |TAMS 0x0000000081700000, 0x0000000081600000| Untracked 
|  23|0x0000000081700000, 0x0000000081800000, 0x0000000081800000|100%| O|  |TAMS 0x0000000081800000, 0x0000000081700000| Untracked 
|  24|0x0000000081800000, 0x0000000081900000, 0x0000000081900000|100%| O|  |TAMS 0x0000000081900000, 0x0000000081800000| Untracked 
|  25|0x0000000081900000, 0x0000000081a00000, 0x0000000081a00000|100%| O|  |TAMS 0x0000000081a00000, 0x0000000081900000| Untracked 
|  26|0x0000000081a00000, 0x0000000081b00000, 0x0000000081b00000|100%| O|  |TAMS 0x0000000081b00000, 0x0000000081a00000| Untracked 
|  27|0x0000000081b00000, 0x0000000081c00000, 0x0000000081c00000|100%| O|  |TAMS 0x0000000081c00000, 0x0000000081b00000| Untracked 
|  28|0x0000000081c00000, 0x0000000081d00000, 0x0000000081d00000|100%| O|  |TAMS 0x0000000081d00000, 0x0000000081c00000| Untracked 
|  29|0x0000000081d00000, 0x0000000081e00000, 0x0000000081e00000|100%| O|  |TAMS 0x0000000081e00000, 0x0000000081d00000| Untracked 
|  30|0x0000000081e00000, 0x0000000081f00000, 0x0000000081f00000|100%| O|  |TAMS 0x0000000081f00000, 0x0000000081e00000| Untracked 
|  31|0x0000000081f00000, 0x0000000082000000, 0x0000000082000000|100%| O|  |TAMS 0x0000000082000000, 0x0000000081f00000| Untracked 
|  32|0x0000000082000000, 0x0000000082100000, 0x0000000082100000|100%| O|  |TAMS 0x0000000082100000, 0x0000000082000000| Untracked 
|  33|0x0000000082100000, 0x0000000082200000, 0x0000000082200000|100%| O|  |TAMS 0x0000000082200000, 0x0000000082100000| Untracked 
|  34|0x0000000082200000, 0x0000000082300000, 0x0000000082300000|100%| O|  |TAMS 0x0000000082300000, 0x0000000082200000| Untracked 
|  35|0x0000000082300000, 0x0000000082400000, 0x0000000082400000|100%| O|  |TAMS 0x0000000082400000, 0x0000000082300000| Untracked 
|  36|0x0000000082400000, 0x0000000082500000, 0x0000000082500000|100%| O|  |TAMS 0x0000000082500000, 0x0000000082400000| Untracked 
|  37|0x0000000082500000, 0x0000000082600000, 0x0000000082600000|100%|HS|  |TAMS 0x0000000082600000, 0x0000000082500000| Complete 
|  38|0x0000000082600000, 0x0000000082700000, 0x0000000082700000|100%|HS|  |TAMS 0x0000000082700000, 0x0000000082600000| Complete 
|  39|0x0000000082700000, 0x0000000082800000, 0x0000000082800000|100%| O|  |TAMS 0x0000000082800000, 0x0000000082700000| Untracked 
|  40|0x0000000082800000, 0x0000000082900000, 0x0000000082900000|100%|HS|  |TAMS 0x0000000082900000, 0x0000000082800000| Complete 
|  41|0x0000000082900000, 0x0000000082a00000, 0x0000000082a00000|100%|HC|  |TAMS 0x0000000082a00000, 0x0000000082900000| Complete 
|  42|0x0000000082a00000, 0x0000000082b00000, 0x0000000082b00000|100%|HS|  |TAMS 0x0000000082b00000, 0x0000000082a00000| Complete 
|  43|0x0000000082b00000, 0x0000000082c00000, 0x0000000082c00000|100%|HS|  |TAMS 0x0000000082c00000, 0x0000000082b00000| Complete 
|  44|0x0000000082c00000, 0x0000000082d00000, 0x0000000082d00000|100%|HS|  |TAMS 0x0000000082d00000, 0x0000000082c00000| Complete 
|  45|0x0000000082d00000, 0x0000000082e00000, 0x0000000082e00000|100%| O|  |TAMS 0x0000000082e00000, 0x0000000082d00000| Untracked 
|  46|0x0000000082e00000, 0x0000000082f00000, 0x0000000082f00000|100%| O|  |TAMS 0x0000000082f00000, 0x0000000082e00000| Untracked 
|  47|0x0000000082f00000, 0x0000000083000000, 0x0000000083000000|100%| O|  |TAMS 0x0000000083000000, 0x0000000082f00000| Untracked 
|  48|0x0000000083000000, 0x0000000083100000, 0x0000000083100000|100%| O|  |TAMS 0x0000000083100000, 0x0000000083000000| Untracked 
|  49|0x0000000083100000, 0x0000000083200000, 0x0000000083200000|100%| O|  |TAMS 0x0000000083200000, 0x0000000083100000| Untracked 
|  50|0x0000000083200000, 0x0000000083300000, 0x0000000083300000|100%| O|  |TAMS 0x0000000083300000, 0x0000000083200000| Untracked 
|  51|0x0000000083300000, 0x0000000083400000, 0x0000000083400000|100%|HS|  |TAMS 0x0000000083400000, 0x0000000083300000| Complete 
|  52|0x0000000083400000, 0x0000000083500000, 0x0000000083500000|100%| O|  |TAMS 0x0000000083500000, 0x0000000083400000| Untracked 
|  53|0x0000000083500000, 0x0000000083600000, 0x0000000083600000|100%|HS|  |TAMS 0x0000000083600000, 0x0000000083500000| Complete 
|  54|0x0000000083600000, 0x0000000083700000, 0x0000000083700000|100%|HC|  |TAMS 0x0000000083700000, 0x0000000083600000| Complete 
|  55|0x0000000083700000, 0x0000000083800000, 0x0000000083800000|100%| O|  |TAMS 0x0000000083800000, 0x0000000083700000| Untracked 
|  56|0x0000000083800000, 0x0000000083900000, 0x0000000083900000|100%| O|  |TAMS 0x0000000083900000, 0x0000000083800000| Untracked 
|  57|0x0000000083900000, 0x0000000083a00000, 0x0000000083a00000|100%| O|  |TAMS 0x0000000083a00000, 0x0000000083900000| Untracked 
|  58|0x0000000083a00000, 0x0000000083b00000, 0x0000000083b00000|100%| O|  |TAMS 0x0000000083b00000, 0x0000000083a00000| Untracked 
|  59|0x0000000083b00000, 0x0000000083c00000, 0x0000000083c00000|100%| O|  |TAMS 0x0000000083c00000, 0x0000000083b00000| Untracked 
|  60|0x0000000083c00000, 0x0000000083d00000, 0x0000000083d00000|100%| O|  |TAMS 0x0000000083d00000, 0x0000000083c00000| Untracked 
|  61|0x0000000083d00000, 0x0000000083e00000, 0x0000000083e00000|100%| O|  |TAMS 0x0000000083e00000, 0x0000000083d00000| Untracked 
|  62|0x0000000083e00000, 0x0000000083f00000, 0x0000000083f00000|100%| O|  |TAMS 0x0000000083f00000, 0x0000000083e00000| Untracked 
|  63|0x0000000083f00000, 0x0000000084000000, 0x0000000084000000|100%| O|  |TAMS 0x0000000084000000, 0x0000000083f00000| Untracked 
|  64|0x0000000084000000, 0x0000000084100000, 0x0000000084100000|100%| O|  |TAMS 0x0000000084100000, 0x0000000084000000| Untracked 
|  65|0x0000000084100000, 0x0000000084200000, 0x0000000084200000|100%|HS|  |TAMS 0x0000000084200000, 0x0000000084100000| Complete 
|  66|0x0000000084200000, 0x0000000084300000, 0x0000000084300000|100%| O|  |TAMS 0x0000000084300000, 0x0000000084200000| Untracked 
|  67|0x0000000084300000, 0x0000000084400000, 0x0000000084400000|100%| O|  |TAMS 0x0000000084400000, 0x0000000084300000| Untracked 
|  68|0x0000000084400000, 0x0000000084500000, 0x0000000084500000|100%| O|  |TAMS 0x0000000084500000, 0x0000000084400000| Untracked 
|  69|0x0000000084500000, 0x0000000084600000, 0x0000000084600000|100%| O|  |TAMS 0x0000000084600000, 0x0000000084500000| Untracked 
|  70|0x0000000084600000, 0x0000000084700000, 0x0000000084700000|100%| O|  |TAMS 0x0000000084700000, 0x0000000084600000| Untracked 
|  71|0x0000000084700000, 0x0000000084800000, 0x0000000084800000|100%| O|  |TAMS 0x0000000084800000, 0x0000000084700000| Untracked 
|  72|0x0000000084800000, 0x0000000084900000, 0x0000000084900000|100%| O|  |TAMS 0x0000000084900000, 0x0000000084800000| Untracked 
|  73|0x0000000084900000, 0x0000000084a00000, 0x0000000084a00000|100%| O|  |TAMS 0x0000000084a00000, 0x0000000084900000| Untracked 
|  74|0x0000000084a00000, 0x0000000084b00000, 0x0000000084b00000|100%|HS|  |TAMS 0x0000000084b00000, 0x0000000084a00000| Complete 
|  75|0x0000000084b00000, 0x0000000084c00000, 0x0000000084c00000|100%|HC|  |TAMS 0x0000000084c00000, 0x0000000084b00000| Complete 
|  76|0x0000000084c00000, 0x0000000084d00000, 0x0000000084d00000|100%|HC|  |TAMS 0x0000000084d00000, 0x0000000084c00000| Complete 
|  77|0x0000000084d00000, 0x0000000084e00000, 0x0000000084e00000|100%|HC|  |TAMS 0x0000000084e00000, 0x0000000084d00000| Complete 
|  78|0x0000000084e00000, 0x0000000084f00000, 0x0000000084f00000|100%| O|  |TAMS 0x0000000084f00000, 0x0000000084e00000| Untracked 
|  79|0x0000000084f00000, 0x0000000085000000, 0x0000000085000000|100%| O|  |TAMS 0x0000000085000000, 0x0000000084f00000| Untracked 
|  80|0x0000000085000000, 0x0000000085100000, 0x0000000085100000|100%| O|  |TAMS 0x0000000085100000, 0x0000000085000000| Untracked 
|  81|0x0000000085100000, 0x0000000085200000, 0x0000000085200000|100%| O|  |TAMS 0x0000000085200000, 0x0000000085100000| Untracked 
|  82|0x0000000085200000, 0x0000000085300000, 0x0000000085300000|100%| O|  |TAMS 0x0000000085300000, 0x0000000085200000| Untracked 
|  83|0x0000000085300000, 0x0000000085400000, 0x0000000085400000|100%| O|  |TAMS 0x0000000085400000, 0x0000000085300000| Untracked 
|  84|0x0000000085400000, 0x0000000085500000, 0x0000000085500000|100%| O|  |TAMS 0x0000000085500000, 0x0000000085400000| Untracked 
|  85|0x0000000085500000, 0x0000000085600000, 0x0000000085600000|100%| O|  |TAMS 0x0000000085600000, 0x0000000085500000| Untracked 
|  86|0x0000000085600000, 0x0000000085700000, 0x0000000085700000|100%| O|  |TAMS 0x0000000085700000, 0x0000000085600000| Untracked 
|  87|0x0000000085700000, 0x0000000085800000, 0x0000000085800000|100%| O|  |TAMS 0x0000000085800000, 0x0000000085700000| Untracked 
|  88|0x0000000085800000, 0x0000000085900000, 0x0000000085900000|100%| O|  |TAMS 0x0000000085900000, 0x0000000085800000| Untracked 
|  89|0x0000000085900000, 0x0000000085a00000, 0x0000000085a00000|100%| O|  |TAMS 0x0000000085a00000, 0x0000000085900000| Untracked 
|  90|0x0000000085a00000, 0x0000000085b00000, 0x0000000085b00000|100%| O|  |TAMS 0x0000000085b00000, 0x0000000085a00000| Untracked 
|  91|0x0000000085b00000, 0x0000000085c00000, 0x0000000085c00000|100%| O|  |TAMS 0x0000000085c00000, 0x0000000085b00000| Untracked 
|  92|0x0000000085c00000, 0x0000000085d00000, 0x0000000085d00000|100%| O|  |TAMS 0x0000000085d00000, 0x0000000085c00000| Untracked 
|  93|0x0000000085d00000, 0x0000000085e00000, 0x0000000085e00000|100%| O|  |TAMS 0x0000000085e00000, 0x0000000085d00000| Untracked 
|  94|0x0000000085e00000, 0x0000000085f00000, 0x0000000085f00000|100%| O|  |TAMS 0x0000000085f00000, 0x0000000085e00000| Untracked 
|  95|0x0000000085f00000, 0x0000000086000000, 0x0000000086000000|100%| O|  |TAMS 0x0000000086000000, 0x0000000085f00000| Untracked 
|  96|0x0000000086000000, 0x0000000086100000, 0x0000000086100000|100%| O|  |TAMS 0x0000000086100000, 0x0000000086000000| Untracked 
|  97|0x0000000086100000, 0x0000000086200000, 0x0000000086200000|100%| O|  |TAMS 0x0000000086200000, 0x0000000086100000| Untracked 
|  98|0x0000000086200000, 0x0000000086300000, 0x0000000086300000|100%| O|  |TAMS 0x0000000086300000, 0x0000000086200000| Untracked 
|  99|0x0000000086300000, 0x0000000086400000, 0x0000000086400000|100%| O|  |TAMS 0x0000000086400000, 0x0000000086300000| Untracked 
| 100|0x0000000086400000, 0x0000000086400000, 0x0000000086500000|  0%| F|  |TAMS 0x0000000086400000, 0x0000000086400000| Untracked 
| 101|0x0000000086500000, 0x0000000086600000, 0x0000000086600000|100%| O|  |TAMS 0x0000000086600000, 0x0000000086500000| Untracked 
| 102|0x0000000086600000, 0x0000000086700000, 0x0000000086700000|100%| O|  |TAMS 0x0000000086700000, 0x0000000086600000| Untracked 
| 103|0x0000000086700000, 0x0000000086800000, 0x0000000086800000|100%| O|  |TAMS 0x0000000086800000, 0x0000000086700000| Untracked 
| 104|0x0000000086800000, 0x0000000086900000, 0x0000000086900000|100%| O|  |TAMS 0x0000000086900000, 0x0000000086800000| Untracked 
| 105|0x0000000086900000, 0x0000000086a00000, 0x0000000086a00000|100%| O|  |TAMS 0x0000000086a00000, 0x0000000086900000| Untracked 
| 106|0x0000000086a00000, 0x0000000086b00000, 0x0000000086b00000|100%| O|  |TAMS 0x0000000086b00000, 0x0000000086a00000| Untracked 
| 107|0x0000000086b00000, 0x0000000086c00000, 0x0000000086c00000|100%| O|  |TAMS 0x0000000086c00000, 0x0000000086b00000| Untracked 
| 108|0x0000000086c00000, 0x0000000086d00000, 0x0000000086d00000|100%| O|  |TAMS 0x0000000086d00000, 0x0000000086c00000| Untracked 
| 109|0x0000000086d00000, 0x0000000086e00000, 0x0000000086e00000|100%| O|  |TAMS 0x0000000086e00000, 0x0000000086d00000| Untracked 
| 110|0x0000000086e00000, 0x0000000086f00000, 0x0000000086f00000|100%| O|  |TAMS 0x0000000086f00000, 0x0000000086e00000| Untracked 
| 111|0x0000000086f00000, 0x0000000087000000, 0x0000000087000000|100%| O|  |TAMS 0x0000000086f00000, 0x0000000086f00000| Untracked 
| 112|0x0000000087000000, 0x0000000087100000, 0x0000000087100000|100%| O|  |TAMS 0x0000000087100000, 0x0000000087000000| Untracked 
| 113|0x0000000087100000, 0x0000000087200000, 0x0000000087200000|100%| O|  |TAMS 0x0000000087100000, 0x0000000087100000| Untracked 
| 114|0x0000000087200000, 0x0000000087300000, 0x0000000087300000|100%| O|  |TAMS 0x0000000087300000, 0x0000000087200000| Untracked 
| 115|0x0000000087300000, 0x0000000087400000, 0x0000000087400000|100%| O|  |TAMS 0x0000000087400000, 0x0000000087300000| Untracked 
| 116|0x0000000087400000, 0x0000000087500000, 0x0000000087500000|100%| O|  |TAMS 0x0000000087500000, 0x0000000087400000| Untracked 
| 117|0x0000000087500000, 0x0000000087600000, 0x0000000087600000|100%| O|  |TAMS 0x0000000087600000, 0x0000000087500000| Untracked 
| 118|0x0000000087600000, 0x0000000087600000, 0x0000000087700000|  0%| F|  |TAMS 0x0000000087600000, 0x0000000087600000| Untracked 
| 119|0x0000000087700000, 0x0000000087800000, 0x0000000087800000|100%| O|  |TAMS 0x0000000087800000, 0x0000000087700000| Untracked 
| 120|0x0000000087800000, 0x0000000087900000, 0x0000000087900000|100%| O|  |TAMS 0x0000000087900000, 0x0000000087800000| Untracked 
| 121|0x0000000087900000, 0x0000000087a00000, 0x0000000087a00000|100%| O|  |TAMS 0x0000000087a00000, 0x0000000087900000| Untracked 
| 122|0x0000000087a00000, 0x0000000087b00000, 0x0000000087b00000|100%| O|  |TAMS 0x0000000087b00000, 0x0000000087a00000| Untracked 
| 123|0x0000000087b00000, 0x0000000087c00000, 0x0000000087c00000|100%| O|  |TAMS 0x0000000087b00000, 0x0000000087b00000| Untracked 
| 124|0x0000000087c00000, 0x0000000087c00000, 0x0000000087d00000|  0%| F|  |TAMS 0x0000000087c00000, 0x0000000087c00000| Untracked 
| 125|0x0000000087d00000, 0x0000000087d00000, 0x0000000087e00000|  0%| F|  |TAMS 0x0000000087d00000, 0x0000000087d00000| Untracked 
| 126|0x0000000087e00000, 0x0000000087f00000, 0x0000000087f00000|100%| O|  |TAMS 0x0000000087f00000, 0x0000000087e00000| Untracked 
| 127|0x0000000087f00000, 0x0000000088000000, 0x0000000088000000|100%|HS|  |TAMS 0x0000000088000000, 0x0000000087f00000| Complete 
| 128|0x0000000088000000, 0x0000000088100000, 0x0000000088100000|100%|HC|  |TAMS 0x0000000088100000, 0x0000000088000000| Complete 
| 129|0x0000000088100000, 0x0000000088200000, 0x0000000088200000|100%| O|  |TAMS 0x0000000088200000, 0x0000000088100000| Untracked 
| 130|0x0000000088200000, 0x0000000088300000, 0x0000000088300000|100%| O|  |TAMS 0x0000000088300000, 0x0000000088200000| Untracked 
| 131|0x0000000088300000, 0x0000000088400000, 0x0000000088400000|100%| O|  |TAMS 0x0000000088400000, 0x0000000088300000| Untracked 
| 132|0x0000000088400000, 0x0000000088500000, 0x0000000088500000|100%| O|  |TAMS 0x0000000088500000, 0x0000000088400000| Untracked 
| 133|0x0000000088500000, 0x0000000088600000, 0x0000000088600000|100%| O|  |TAMS 0x0000000088600000, 0x0000000088500000| Untracked 
| 134|0x0000000088600000, 0x0000000088700000, 0x0000000088700000|100%| O|  |TAMS 0x0000000088700000, 0x0000000088600000| Untracked 
| 135|0x0000000088700000, 0x0000000088800000, 0x0000000088800000|100%| O|  |TAMS 0x0000000088800000, 0x0000000088700000| Untracked 
| 136|0x0000000088800000, 0x0000000088900000, 0x0000000088900000|100%| O|  |TAMS 0x0000000088900000, 0x0000000088800000| Untracked 
| 137|0x0000000088900000, 0x0000000088a00000, 0x0000000088a00000|100%| O|  |TAMS 0x0000000088a00000, 0x0000000088900000| Untracked 
| 138|0x0000000088a00000, 0x0000000088b00000, 0x0000000088b00000|100%| O|  |TAMS 0x0000000088b00000, 0x0000000088a00000| Untracked 
| 139|0x0000000088b00000, 0x0000000088c00000, 0x0000000088c00000|100%| O|  |TAMS 0x0000000088c00000, 0x0000000088b00000| Untracked 
| 140|0x0000000088c00000, 0x0000000088d00000, 0x0000000088d00000|100%| O|  |TAMS 0x0000000088d00000, 0x0000000088c00000| Untracked 
| 141|0x0000000088d00000, 0x0000000088e00000, 0x0000000088e00000|100%| O|  |TAMS 0x0000000088e00000, 0x0000000088d00000| Untracked 
| 142|0x0000000088e00000, 0x0000000088f00000, 0x0000000088f00000|100%| O|  |TAMS 0x0000000088f00000, 0x0000000088e00000| Untracked 
| 143|0x0000000088f00000, 0x0000000089000000, 0x0000000089000000|100%| O|  |TAMS 0x0000000089000000, 0x0000000088f00000| Untracked 
| 144|0x0000000089000000, 0x0000000089100000, 0x0000000089100000|100%| O|  |TAMS 0x0000000089100000, 0x0000000089000000| Untracked 
| 145|0x0000000089100000, 0x0000000089200000, 0x0000000089200000|100%| O|  |TAMS 0x0000000089200000, 0x0000000089100000| Untracked 
| 146|0x0000000089200000, 0x0000000089300000, 0x0000000089300000|100%| O|  |TAMS 0x0000000089300000, 0x0000000089200000| Untracked 
| 147|0x0000000089300000, 0x0000000089400000, 0x0000000089400000|100%| O|  |TAMS 0x0000000089400000, 0x0000000089300000| Untracked 
| 148|0x0000000089400000, 0x0000000089500000, 0x0000000089500000|100%| O|  |TAMS 0x0000000089500000, 0x0000000089400000| Untracked 
| 149|0x0000000089500000, 0x0000000089600000, 0x0000000089600000|100%| O|  |TAMS 0x0000000089600000, 0x0000000089500000| Untracked 
| 150|0x0000000089600000, 0x0000000089700000, 0x0000000089700000|100%| O|  |TAMS 0x0000000089700000, 0x0000000089600000| Untracked 
| 151|0x0000000089700000, 0x0000000089800000, 0x0000000089800000|100%| O|  |TAMS 0x0000000089800000, 0x0000000089700000| Untracked 
| 152|0x0000000089800000, 0x0000000089900000, 0x0000000089900000|100%| O|  |TAMS 0x0000000089900000, 0x0000000089800000| Untracked 
| 153|0x0000000089900000, 0x0000000089a00000, 0x0000000089a00000|100%| O|  |TAMS 0x0000000089a00000, 0x0000000089900000| Untracked 
| 154|0x0000000089a00000, 0x0000000089b00000, 0x0000000089b00000|100%| O|  |TAMS 0x0000000089b00000, 0x0000000089a00000| Untracked 
| 155|0x0000000089b00000, 0x0000000089c00000, 0x0000000089c00000|100%| O|  |TAMS 0x0000000089b00000, 0x0000000089b00000| Untracked 
| 156|0x0000000089c00000, 0x0000000089d00000, 0x0000000089d00000|100%| O|  |TAMS 0x0000000089c00000, 0x0000000089c00000| Untracked 
| 157|0x0000000089d00000, 0x0000000089e00000, 0x0000000089e00000|100%| O|  |TAMS 0x0000000089e00000, 0x0000000089d00000| Untracked 
| 158|0x0000000089e00000, 0x0000000089f00000, 0x0000000089f00000|100%| O|  |TAMS 0x0000000089f00000, 0x0000000089e00000| Untracked 
| 159|0x0000000089f00000, 0x000000008a000000, 0x000000008a000000|100%| O|  |TAMS 0x000000008a000000, 0x0000000089f00000| Untracked 
| 160|0x000000008a000000, 0x000000008a100000, 0x000000008a100000|100%| O|  |TAMS 0x000000008a100000, 0x000000008a000000| Untracked 
| 161|0x000000008a100000, 0x000000008a200000, 0x000000008a200000|100%| O|  |TAMS 0x000000008a200000, 0x000000008a100000| Untracked 
| 162|0x000000008a200000, 0x000000008a300000, 0x000000008a300000|100%| O|  |TAMS 0x000000008a300000, 0x000000008a200000| Untracked 
| 163|0x000000008a300000, 0x000000008a400000, 0x000000008a400000|100%| O|  |TAMS 0x000000008a400000, 0x000000008a300000| Untracked 
| 164|0x000000008a400000, 0x000000008a500000, 0x000000008a500000|100%| O|  |TAMS 0x000000008a500000, 0x000000008a400000| Untracked 
| 165|0x000000008a500000, 0x000000008a600000, 0x000000008a600000|100%| O|  |TAMS 0x000000008a600000, 0x000000008a500000| Untracked 
| 166|0x000000008a600000, 0x000000008a700000, 0x000000008a700000|100%| O|  |TAMS 0x000000008a700000, 0x000000008a600000| Untracked 
| 167|0x000000008a700000, 0x000000008a800000, 0x000000008a800000|100%| O|  |TAMS 0x000000008a800000, 0x000000008a700000| Untracked 
| 168|0x000000008a800000, 0x000000008a900000, 0x000000008a900000|100%| O|  |TAMS 0x000000008a900000, 0x000000008a800000| Untracked 
| 169|0x000000008a900000, 0x000000008aa00000, 0x000000008aa00000|100%| O|  |TAMS 0x000000008aa00000, 0x000000008a900000| Untracked 
| 170|0x000000008aa00000, 0x000000008ab00000, 0x000000008ab00000|100%| O|  |TAMS 0x000000008ab00000, 0x000000008aa00000| Untracked 
| 171|0x000000008ab00000, 0x000000008ac00000, 0x000000008ac00000|100%| O|  |TAMS 0x000000008ac00000, 0x000000008ab00000| Untracked 
| 172|0x000000008ac00000, 0x000000008ad00000, 0x000000008ad00000|100%| O|  |TAMS 0x000000008ad00000, 0x000000008ac00000| Untracked 
| 173|0x000000008ad00000, 0x000000008ae00000, 0x000000008ae00000|100%| O|  |TAMS 0x000000008ae00000, 0x000000008ad00000| Untracked 
| 174|0x000000008ae00000, 0x000000008af00000, 0x000000008af00000|100%| O|  |TAMS 0x000000008af00000, 0x000000008ae00000| Untracked 
| 175|0x000000008af00000, 0x000000008b000000, 0x000000008b000000|100%| O|  |TAMS 0x000000008b000000, 0x000000008af00000| Untracked 
| 176|0x000000008b000000, 0x000000008b100000, 0x000000008b100000|100%| O|  |TAMS 0x000000008b100000, 0x000000008b000000| Untracked 
| 177|0x000000008b100000, 0x000000008b200000, 0x000000008b200000|100%| O|  |TAMS 0x000000008b200000, 0x000000008b100000| Untracked 
| 178|0x000000008b200000, 0x000000008b300000, 0x000000008b300000|100%| O|  |TAMS 0x000000008b300000, 0x000000008b200000| Untracked 
| 179|0x000000008b300000, 0x000000008b400000, 0x000000008b400000|100%| O|  |TAMS 0x000000008b400000, 0x000000008b300000| Untracked 
| 180|0x000000008b400000, 0x000000008b500000, 0x000000008b500000|100%| O|  |TAMS 0x000000008b500000, 0x000000008b400000| Untracked 
| 181|0x000000008b500000, 0x000000008b600000, 0x000000008b600000|100%| O|  |TAMS 0x000000008b600000, 0x000000008b500000| Untracked 
| 182|0x000000008b600000, 0x000000008b700000, 0x000000008b700000|100%| O|  |TAMS 0x000000008b700000, 0x000000008b600000| Untracked 
| 183|0x000000008b700000, 0x000000008b800000, 0x000000008b800000|100%| O|  |TAMS 0x000000008b800000, 0x000000008b700000| Untracked 
| 184|0x000000008b800000, 0x000000008b900000, 0x000000008b900000|100%| O|  |TAMS 0x000000008b900000, 0x000000008b800000| Untracked 
| 185|0x000000008b900000, 0x000000008ba00000, 0x000000008ba00000|100%| O|  |TAMS 0x000000008ba00000, 0x000000008b900000| Untracked 
| 186|0x000000008ba00000, 0x000000008bb00000, 0x000000008bb00000|100%| O|  |TAMS 0x000000008bb00000, 0x000000008ba00000| Untracked 
| 187|0x000000008bb00000, 0x000000008bc00000, 0x000000008bc00000|100%| O|  |TAMS 0x000000008bc00000, 0x000000008bb00000| Untracked 
| 188|0x000000008bc00000, 0x000000008bd00000, 0x000000008bd00000|100%| O|  |TAMS 0x000000008bd00000, 0x000000008bc00000| Untracked 
| 189|0x000000008bd00000, 0x000000008be00000, 0x000000008be00000|100%| O|  |TAMS 0x000000008be00000, 0x000000008bd00000| Untracked 
| 190|0x000000008be00000, 0x000000008bf00000, 0x000000008bf00000|100%| O|  |TAMS 0x000000008be80000, 0x000000008be00000| Untracked 
| 191|0x000000008bf00000, 0x000000008c000000, 0x000000008c000000|100%| O|  |TAMS 0x000000008bf00000, 0x000000008bf00000| Untracked 
| 192|0x000000008c000000, 0x000000008c100000, 0x000000008c100000|100%| O|  |TAMS 0x000000008c000000, 0x000000008c000000| Untracked 
| 193|0x000000008c100000, 0x000000008c200000, 0x000000008c200000|100%| O|  |TAMS 0x000000008c100000, 0x000000008c100000| Untracked 
| 194|0x000000008c200000, 0x000000008c300000, 0x000000008c300000|100%| O|  |TAMS 0x000000008c200000, 0x000000008c200000| Untracked 
| 195|0x000000008c300000, 0x000000008c400000, 0x000000008c400000|100%| O|  |TAMS 0x000000008c300000, 0x000000008c300000| Untracked 
| 196|0x000000008c400000, 0x000000008c500000, 0x000000008c500000|100%| O|  |TAMS 0x000000008c400000, 0x000000008c400000| Untracked 
| 197|0x000000008c500000, 0x000000008c600000, 0x000000008c600000|100%| O|  |TAMS 0x000000008c500000, 0x000000008c500000| Untracked 
| 198|0x000000008c600000, 0x000000008c700000, 0x000000008c700000|100%| O|  |TAMS 0x000000008c600000, 0x000000008c600000| Untracked 
| 199|0x000000008c700000, 0x000000008c800000, 0x000000008c800000|100%| O|  |TAMS 0x000000008c700000, 0x000000008c700000| Untracked 
| 200|0x000000008c800000, 0x000000008c900000, 0x000000008c900000|100%| O|  |TAMS 0x000000008c800000, 0x000000008c800000| Untracked 
| 201|0x000000008c900000, 0x000000008ca00000, 0x000000008ca00000|100%| O|  |TAMS 0x000000008c900000, 0x000000008c900000| Untracked 
| 202|0x000000008ca00000, 0x000000008cb00000, 0x000000008cb00000|100%| O|  |TAMS 0x000000008ca00000, 0x000000008ca00000| Untracked 
| 203|0x000000008cb00000, 0x000000008cc00000, 0x000000008cc00000|100%| O|  |TAMS 0x000000008cb00000, 0x000000008cb00000| Untracked 
| 204|0x000000008cc00000, 0x000000008cd00000, 0x000000008cd00000|100%| O|  |TAMS 0x000000008cc00000, 0x000000008cc00000| Untracked 
| 205|0x000000008cd00000, 0x000000008ce00000, 0x000000008ce00000|100%| O|  |TAMS 0x000000008cd00000, 0x000000008cd00000| Untracked 
| 206|0x000000008ce00000, 0x000000008cf00000, 0x000000008cf00000|100%| O|  |TAMS 0x000000008ce00000, 0x000000008ce00000| Untracked 
| 207|0x000000008cf00000, 0x000000008d000000, 0x000000008d000000|100%| O|  |TAMS 0x000000008cf00000, 0x000000008cf00000| Untracked 
| 208|0x000000008d000000, 0x000000008d100000, 0x000000008d100000|100%| O|  |TAMS 0x000000008d000000, 0x000000008d000000| Untracked 
| 209|0x000000008d100000, 0x000000008d180000, 0x000000008d200000| 50%| O|  |TAMS 0x000000008d100000, 0x000000008d100000| Untracked 
| 210|0x000000008d200000, 0x000000008d200000, 0x000000008d300000|  0%| F|  |TAMS 0x000000008d200000, 0x000000008d200000| Untracked 
| 211|0x000000008d300000, 0x000000008d300000, 0x000000008d400000|  0%| F|  |TAMS 0x000000008d300000, 0x000000008d300000| Untracked 
| 212|0x000000008d400000, 0x000000008d400000, 0x000000008d500000|  0%| F|  |TAMS 0x000000008d400000, 0x000000008d400000| Untracked 
| 213|0x000000008d500000, 0x000000008d500000, 0x000000008d600000|  0%| F|  |TAMS 0x000000008d500000, 0x000000008d500000| Untracked 
| 214|0x000000008d600000, 0x000000008d600000, 0x000000008d700000|  0%| F|  |TAMS 0x000000008d600000, 0x000000008d600000| Untracked 
| 215|0x000000008d700000, 0x000000008d700000, 0x000000008d800000|  0%| F|  |TAMS 0x000000008d700000, 0x000000008d700000| Untracked 
| 216|0x000000008d800000, 0x000000008d800000, 0x000000008d900000|  0%| F|  |TAMS 0x000000008d800000, 0x000000008d800000| Untracked 
| 217|0x000000008d900000, 0x000000008d900000, 0x000000008da00000|  0%| F|  |TAMS 0x000000008d900000, 0x000000008d900000| Untracked 
| 218|0x000000008da00000, 0x000000008da00000, 0x000000008db00000|  0%| F|  |TAMS 0x000000008da00000, 0x000000008da00000| Untracked 
| 219|0x000000008db00000, 0x000000008db00000, 0x000000008dc00000|  0%| F|  |TAMS 0x000000008db00000, 0x000000008db00000| Untracked 
| 220|0x000000008dc00000, 0x000000008dc00000, 0x000000008dd00000|  0%| F|  |TAMS 0x000000008dc00000, 0x000000008dc00000| Untracked 
| 221|0x000000008dd00000, 0x000000008dd00000, 0x000000008de00000|  0%| F|  |TAMS 0x000000008dd00000, 0x000000008dd00000| Untracked 
| 222|0x000000008de00000, 0x000000008de00000, 0x000000008df00000|  0%| F|  |TAMS 0x000000008de00000, 0x000000008de00000| Untracked 
| 223|0x000000008df00000, 0x000000008df00000, 0x000000008e000000|  0%| F|  |TAMS 0x000000008df00000, 0x000000008df00000| Untracked 
| 224|0x000000008e000000, 0x000000008e000000, 0x000000008e100000|  0%| F|  |TAMS 0x000000008e000000, 0x000000008e000000| Untracked 
| 225|0x000000008e100000, 0x000000008e100000, 0x000000008e200000|  0%| F|  |TAMS 0x000000008e100000, 0x000000008e100000| Untracked 
| 226|0x000000008e200000, 0x000000008e200000, 0x000000008e300000|  0%| F|  |TAMS 0x000000008e200000, 0x000000008e200000| Untracked 
| 227|0x000000008e300000, 0x000000008e300000, 0x000000008e400000|  0%| F|  |TAMS 0x000000008e300000, 0x000000008e300000| Untracked 
| 228|0x000000008e400000, 0x000000008e400000, 0x000000008e500000|  0%| F|  |TAMS 0x000000008e400000, 0x000000008e400000| Untracked 
| 229|0x000000008e500000, 0x000000008e500000, 0x000000008e600000|  0%| F|  |TAMS 0x000000008e500000, 0x000000008e500000| Untracked 
| 230|0x000000008e600000, 0x000000008e600000, 0x000000008e700000|  0%| F|  |TAMS 0x000000008e600000, 0x000000008e600000| Untracked 
| 231|0x000000008e700000, 0x000000008e700000, 0x000000008e800000|  0%| F|  |TAMS 0x000000008e700000, 0x000000008e700000| Untracked 
| 232|0x000000008e800000, 0x000000008e800000, 0x000000008e900000|  0%| F|  |TAMS 0x000000008e800000, 0x000000008e800000| Untracked 
| 233|0x000000008e900000, 0x000000008e900000, 0x000000008ea00000|  0%| F|  |TAMS 0x000000008e900000, 0x000000008e900000| Untracked 
| 234|0x000000008ea00000, 0x000000008ea00000, 0x000000008eb00000|  0%| F|  |TAMS 0x000000008ea00000, 0x000000008ea00000| Untracked 
| 235|0x000000008eb00000, 0x000000008eb00000, 0x000000008ec00000|  0%| F|  |TAMS 0x000000008eb00000, 0x000000008eb00000| Untracked 
| 236|0x000000008ec00000, 0x000000008ec00000, 0x000000008ed00000|  0%| F|  |TAMS 0x000000008ec00000, 0x000000008ec00000| Untracked 
| 237|0x000000008ed00000, 0x000000008ed00000, 0x000000008ee00000|  0%| F|  |TAMS 0x000000008ed00000, 0x000000008ed00000| Untracked 
| 238|0x000000008ee00000, 0x000000008ee00000, 0x000000008ef00000|  0%| F|  |TAMS 0x000000008ee00000, 0x000000008ee00000| Untracked 
| 239|0x000000008ef00000, 0x000000008ef00000, 0x000000008f000000|  0%| F|  |TAMS 0x000000008ef00000, 0x000000008ef00000| Untracked 
| 240|0x000000008f000000, 0x000000008f000000, 0x000000008f100000|  0%| F|  |TAMS 0x000000008f000000, 0x000000008f000000| Untracked 
| 241|0x000000008f100000, 0x000000008f100000, 0x000000008f200000|  0%| F|  |TAMS 0x000000008f100000, 0x000000008f100000| Untracked 
| 242|0x000000008f200000, 0x000000008f200000, 0x000000008f300000|  0%| F|  |TAMS 0x000000008f200000, 0x000000008f200000| Untracked 
| 243|0x000000008f300000, 0x000000008f300000, 0x000000008f400000|  0%| F|  |TAMS 0x000000008f300000, 0x000000008f300000| Untracked 
| 244|0x000000008f400000, 0x000000008f400000, 0x000000008f500000|  0%| F|  |TAMS 0x000000008f400000, 0x000000008f400000| Untracked 
| 245|0x000000008f500000, 0x000000008f500000, 0x000000008f600000|  0%| F|  |TAMS 0x000000008f500000, 0x000000008f500000| Untracked 
| 246|0x000000008f600000, 0x000000008f600000, 0x000000008f700000|  0%| F|  |TAMS 0x000000008f600000, 0x000000008f600000| Untracked 
| 247|0x000000008f700000, 0x000000008f700000, 0x000000008f800000|  0%| F|  |TAMS 0x000000008f700000, 0x000000008f700000| Untracked 
| 248|0x000000008f800000, 0x000000008f800000, 0x000000008f900000|  0%| F|  |TAMS 0x000000008f800000, 0x000000008f800000| Untracked 
| 249|0x000000008f900000, 0x000000008f900000, 0x000000008fa00000|  0%| F|  |TAMS 0x000000008f900000, 0x000000008f900000| Untracked 
| 250|0x000000008fa00000, 0x000000008fa00000, 0x000000008fb00000|  0%| F|  |TAMS 0x000000008fa00000, 0x000000008fa00000| Untracked 
| 251|0x000000008fb00000, 0x000000008fb00000, 0x000000008fc00000|  0%| F|  |TAMS 0x000000008fb00000, 0x000000008fb00000| Untracked 
| 252|0x000000008fc00000, 0x000000008fc00000, 0x000000008fd00000|  0%| F|  |TAMS 0x000000008fc00000, 0x000000008fc00000| Untracked 
| 253|0x000000008fd00000, 0x000000008fd00000, 0x000000008fe00000|  0%| F|  |TAMS 0x000000008fd00000, 0x000000008fd00000| Untracked 
| 254|0x000000008fe00000, 0x000000008fe00000, 0x000000008ff00000|  0%| F|  |TAMS 0x000000008fe00000, 0x000000008fe00000| Untracked 
| 255|0x000000008ff00000, 0x000000008ff00000, 0x0000000090000000|  0%| F|  |TAMS 0x000000008ff00000, 0x000000008ff00000| Untracked 
| 256|0x0000000090000000, 0x0000000090000000, 0x0000000090100000|  0%| F|  |TAMS 0x0000000090000000, 0x0000000090000000| Untracked 
| 257|0x0000000090100000, 0x0000000090100000, 0x0000000090200000|  0%| F|  |TAMS 0x0000000090100000, 0x0000000090100000| Untracked 
| 258|0x0000000090200000, 0x0000000090200000, 0x0000000090300000|  0%| F|  |TAMS 0x0000000090200000, 0x0000000090200000| Untracked 
| 259|0x0000000090300000, 0x0000000090300000, 0x0000000090400000|  0%| F|  |TAMS 0x0000000090300000, 0x0000000090300000| Untracked 
| 260|0x0000000090400000, 0x0000000090400000, 0x0000000090500000|  0%| F|  |TAMS 0x0000000090400000, 0x0000000090400000| Untracked 
| 261|0x0000000090500000, 0x0000000090500000, 0x0000000090600000|  0%| F|  |TAMS 0x0000000090500000, 0x0000000090500000| Untracked 
| 262|0x0000000090600000, 0x0000000090600000, 0x0000000090700000|  0%| F|  |TAMS 0x0000000090600000, 0x0000000090600000| Untracked 
| 263|0x0000000090700000, 0x0000000090700000, 0x0000000090800000|  0%| F|  |TAMS 0x0000000090700000, 0x0000000090700000| Untracked 
| 264|0x0000000090800000, 0x0000000090800000, 0x0000000090900000|  0%| F|  |TAMS 0x0000000090800000, 0x0000000090800000| Untracked 
| 265|0x0000000090900000, 0x0000000090900000, 0x0000000090a00000|  0%| F|  |TAMS 0x0000000090900000, 0x0000000090900000| Untracked 
| 266|0x0000000090a00000, 0x0000000090a00000, 0x0000000090b00000|  0%| F|  |TAMS 0x0000000090a00000, 0x0000000090a00000| Untracked 
| 267|0x0000000090b00000, 0x0000000090b00000, 0x0000000090c00000|  0%| F|  |TAMS 0x0000000090b00000, 0x0000000090b00000| Untracked 
| 268|0x0000000090c00000, 0x0000000090c00000, 0x0000000090d00000|  0%| F|  |TAMS 0x0000000090c00000, 0x0000000090c00000| Untracked 
| 269|0x0000000090d00000, 0x0000000090d00000, 0x0000000090e00000|  0%| F|  |TAMS 0x0000000090d00000, 0x0000000090d00000| Untracked 
| 270|0x0000000090e00000, 0x0000000090e00000, 0x0000000090f00000|  0%| F|  |TAMS 0x0000000090e00000, 0x0000000090e00000| Untracked 
| 271|0x0000000090f00000, 0x0000000090f00000, 0x0000000091000000|  0%| F|  |TAMS 0x0000000090f00000, 0x0000000090f00000| Untracked 
| 272|0x0000000091000000, 0x0000000091000000, 0x0000000091100000|  0%| F|  |TAMS 0x0000000091000000, 0x0000000091000000| Untracked 
| 273|0x0000000091100000, 0x0000000091100000, 0x0000000091200000|  0%| F|  |TAMS 0x0000000091100000, 0x0000000091100000| Untracked 
| 274|0x0000000091200000, 0x0000000091200000, 0x0000000091300000|  0%| F|  |TAMS 0x0000000091200000, 0x0000000091200000| Untracked 
| 275|0x0000000091300000, 0x0000000091300000, 0x0000000091400000|  0%| F|  |TAMS 0x0000000091300000, 0x0000000091300000| Untracked 
| 276|0x0000000091400000, 0x0000000091400000, 0x0000000091500000|  0%| F|  |TAMS 0x0000000091400000, 0x0000000091400000| Untracked 
| 277|0x0000000091500000, 0x0000000091500000, 0x0000000091600000|  0%| F|  |TAMS 0x0000000091500000, 0x0000000091500000| Untracked 
| 278|0x0000000091600000, 0x0000000091600000, 0x0000000091700000|  0%| F|  |TAMS 0x0000000091600000, 0x0000000091600000| Untracked 
| 279|0x0000000091700000, 0x0000000091700000, 0x0000000091800000|  0%| F|  |TAMS 0x0000000091700000, 0x0000000091700000| Untracked 
| 280|0x0000000091800000, 0x0000000091800000, 0x0000000091900000|  0%| F|  |TAMS 0x0000000091800000, 0x0000000091800000| Untracked 
| 281|0x0000000091900000, 0x0000000091900000, 0x0000000091a00000|  0%| F|  |TAMS 0x0000000091900000, 0x0000000091900000| Untracked 
| 282|0x0000000091a00000, 0x0000000091a00000, 0x0000000091b00000|  0%| F|  |TAMS 0x0000000091a00000, 0x0000000091a00000| Untracked 
| 283|0x0000000091b00000, 0x0000000091b00000, 0x0000000091c00000|  0%| F|  |TAMS 0x0000000091b00000, 0x0000000091b00000| Untracked 
| 284|0x0000000091c00000, 0x0000000091c00000, 0x0000000091d00000|  0%| F|  |TAMS 0x0000000091c00000, 0x0000000091c00000| Untracked 
| 285|0x0000000091d00000, 0x0000000091d00000, 0x0000000091e00000|  0%| F|  |TAMS 0x0000000091d00000, 0x0000000091d00000| Untracked 
| 286|0x0000000091e00000, 0x0000000091e00000, 0x0000000091f00000|  0%| F|  |TAMS 0x0000000091e00000, 0x0000000091e00000| Untracked 
| 287|0x0000000091f00000, 0x0000000091f00000, 0x0000000092000000|  0%| F|  |TAMS 0x0000000091f00000, 0x0000000091f00000| Untracked 
| 288|0x0000000092000000, 0x0000000092000000, 0x0000000092100000|  0%| F|  |TAMS 0x0000000092000000, 0x0000000092000000| Untracked 
| 289|0x0000000092100000, 0x0000000092100000, 0x0000000092200000|  0%| F|  |TAMS 0x0000000092100000, 0x0000000092100000| Untracked 
| 290|0x0000000092200000, 0x0000000092200000, 0x0000000092300000|  0%| F|  |TAMS 0x0000000092200000, 0x0000000092200000| Untracked 
| 291|0x0000000092300000, 0x0000000092300000, 0x0000000092400000|  0%| F|  |TAMS 0x0000000092300000, 0x0000000092300000| Untracked 
| 292|0x0000000092400000, 0x0000000092400000, 0x0000000092500000|  0%| F|  |TAMS 0x0000000092400000, 0x0000000092400000| Untracked 
| 293|0x0000000092500000, 0x0000000092500000, 0x0000000092600000|  0%| F|  |TAMS 0x0000000092500000, 0x0000000092500000| Untracked 
| 294|0x0000000092600000, 0x0000000092600000, 0x0000000092700000|  0%| F|  |TAMS 0x0000000092600000, 0x0000000092600000| Untracked 
| 295|0x0000000092700000, 0x0000000092700000, 0x0000000092800000|  0%| F|  |TAMS 0x0000000092700000, 0x0000000092700000| Untracked 
| 296|0x0000000092800000, 0x0000000092800000, 0x0000000092900000|  0%| F|  |TAMS 0x0000000092800000, 0x0000000092800000| Untracked 
| 297|0x0000000092900000, 0x0000000092900000, 0x0000000092a00000|  0%| F|  |TAMS 0x0000000092900000, 0x0000000092900000| Untracked 
| 298|0x0000000092a00000, 0x0000000092a00000, 0x0000000092b00000|  0%| F|  |TAMS 0x0000000092a00000, 0x0000000092a00000| Untracked 
| 299|0x0000000092b00000, 0x0000000092b00000, 0x0000000092c00000|  0%| F|  |TAMS 0x0000000092b00000, 0x0000000092b00000| Untracked 
| 300|0x0000000092c00000, 0x0000000092c00000, 0x0000000092d00000|  0%| F|  |TAMS 0x0000000092c00000, 0x0000000092c00000| Untracked 
| 301|0x0000000092d00000, 0x0000000092d00000, 0x0000000092e00000|  0%| F|  |TAMS 0x0000000092d00000, 0x0000000092d00000| Untracked 
| 302|0x0000000092e00000, 0x0000000092e00000, 0x0000000092f00000|  0%| F|  |TAMS 0x0000000092e00000, 0x0000000092e00000| Untracked 
| 303|0x0000000092f00000, 0x0000000092f00000, 0x0000000093000000|  0%| F|  |TAMS 0x0000000092f00000, 0x0000000092f00000| Untracked 
| 304|0x0000000093000000, 0x0000000093000000, 0x0000000093100000|  0%| F|  |TAMS 0x0000000093000000, 0x0000000093000000| Untracked 
| 305|0x0000000093100000, 0x0000000093100000, 0x0000000093200000|  0%| F|  |TAMS 0x0000000093100000, 0x0000000093100000| Untracked 
| 306|0x0000000093200000, 0x0000000093200000, 0x0000000093300000|  0%| F|  |TAMS 0x0000000093200000, 0x0000000093200000| Untracked 
| 307|0x0000000093300000, 0x0000000093300000, 0x0000000093400000|  0%| F|  |TAMS 0x0000000093300000, 0x0000000093300000| Untracked 
| 308|0x0000000093400000, 0x0000000093400000, 0x0000000093500000|  0%| F|  |TAMS 0x0000000093400000, 0x0000000093400000| Untracked 
| 309|0x0000000093500000, 0x0000000093500000, 0x0000000093600000|  0%| F|  |TAMS 0x0000000093500000, 0x0000000093500000| Untracked 
| 310|0x0000000093600000, 0x0000000093600000, 0x0000000093700000|  0%| F|  |TAMS 0x0000000093600000, 0x0000000093600000| Untracked 
| 311|0x0000000093700000, 0x0000000093700000, 0x0000000093800000|  0%| F|  |TAMS 0x0000000093700000, 0x0000000093700000| Untracked 
| 312|0x0000000093800000, 0x0000000093800000, 0x0000000093900000|  0%| F|  |TAMS 0x0000000093800000, 0x0000000093800000| Untracked 
| 313|0x0000000093900000, 0x0000000093900000, 0x0000000093a00000|  0%| F|  |TAMS 0x0000000093900000, 0x0000000093900000| Untracked 
| 314|0x0000000093a00000, 0x0000000093a00000, 0x0000000093b00000|  0%| F|  |TAMS 0x0000000093a00000, 0x0000000093a00000| Untracked 
| 315|0x0000000093b00000, 0x0000000093b00000, 0x0000000093c00000|  0%| F|  |TAMS 0x0000000093b00000, 0x0000000093b00000| Untracked 
| 316|0x0000000093c00000, 0x0000000093c00000, 0x0000000093d00000|  0%| F|  |TAMS 0x0000000093c00000, 0x0000000093c00000| Untracked 
| 317|0x0000000093d00000, 0x0000000093d00000, 0x0000000093e00000|  0%| F|  |TAMS 0x0000000093d00000, 0x0000000093d00000| Untracked 
| 318|0x0000000093e00000, 0x0000000093e00000, 0x0000000093f00000|  0%| F|  |TAMS 0x0000000093e00000, 0x0000000093e00000| Untracked 
| 319|0x0000000093f00000, 0x0000000093f00000, 0x0000000094000000|  0%| F|  |TAMS 0x0000000093f00000, 0x0000000093f00000| Untracked 
| 320|0x0000000094000000, 0x0000000094000000, 0x0000000094100000|  0%| F|  |TAMS 0x0000000094000000, 0x0000000094000000| Untracked 
| 321|0x0000000094100000, 0x0000000094100000, 0x0000000094200000|  0%| F|  |TAMS 0x0000000094100000, 0x0000000094100000| Untracked 
| 322|0x0000000094200000, 0x0000000094200000, 0x0000000094300000|  0%| F|  |TAMS 0x0000000094200000, 0x0000000094200000| Untracked 
| 323|0x0000000094300000, 0x0000000094300000, 0x0000000094400000|  0%| F|  |TAMS 0x0000000094300000, 0x0000000094300000| Untracked 
| 324|0x0000000094400000, 0x0000000094400000, 0x0000000094500000|  0%| F|  |TAMS 0x0000000094400000, 0x0000000094400000| Untracked 
| 325|0x0000000094500000, 0x0000000094500000, 0x0000000094600000|  0%| F|  |TAMS 0x0000000094500000, 0x0000000094500000| Untracked 
| 326|0x0000000094600000, 0x0000000094600000, 0x0000000094700000|  0%| F|  |TAMS 0x0000000094600000, 0x0000000094600000| Untracked 
| 327|0x0000000094700000, 0x0000000094700000, 0x0000000094800000|  0%| F|  |TAMS 0x0000000094700000, 0x0000000094700000| Untracked 
| 328|0x0000000094800000, 0x0000000094800000, 0x0000000094900000|  0%| F|  |TAMS 0x0000000094800000, 0x0000000094800000| Untracked 
| 329|0x0000000094900000, 0x0000000094900000, 0x0000000094a00000|  0%| F|  |TAMS 0x0000000094900000, 0x0000000094900000| Untracked 
| 330|0x0000000094a00000, 0x0000000094a00000, 0x0000000094b00000|  0%| F|  |TAMS 0x0000000094a00000, 0x0000000094a00000| Untracked 
| 331|0x0000000094b00000, 0x0000000094b00000, 0x0000000094c00000|  0%| F|  |TAMS 0x0000000094b00000, 0x0000000094b00000| Untracked 
| 332|0x0000000094c00000, 0x0000000094c00000, 0x0000000094d00000|  0%| F|  |TAMS 0x0000000094c00000, 0x0000000094c00000| Untracked 
| 333|0x0000000094d00000, 0x0000000094d00000, 0x0000000094e00000|  0%| F|  |TAMS 0x0000000094d00000, 0x0000000094d00000| Untracked 
| 334|0x0000000094e00000, 0x0000000094e00000, 0x0000000094f00000|  0%| F|  |TAMS 0x0000000094e00000, 0x0000000094e00000| Untracked 
| 335|0x0000000094f00000, 0x0000000094f00000, 0x0000000095000000|  0%| F|  |TAMS 0x0000000094f00000, 0x0000000094f00000| Untracked 
| 336|0x0000000095000000, 0x0000000095000000, 0x0000000095100000|  0%| F|  |TAMS 0x0000000095000000, 0x0000000095000000| Untracked 
| 337|0x0000000095100000, 0x0000000095100000, 0x0000000095200000|  0%| F|  |TAMS 0x0000000095100000, 0x0000000095100000| Untracked 
| 338|0x0000000095200000, 0x0000000095200000, 0x0000000095300000|  0%| F|  |TAMS 0x0000000095200000, 0x0000000095200000| Untracked 
| 339|0x0000000095300000, 0x0000000095300000, 0x0000000095400000|  0%| F|  |TAMS 0x0000000095300000, 0x0000000095300000| Untracked 
| 340|0x0000000095400000, 0x0000000095400000, 0x0000000095500000|  0%| F|  |TAMS 0x0000000095400000, 0x0000000095400000| Untracked 
| 341|0x0000000095500000, 0x0000000095500000, 0x0000000095600000|  0%| F|  |TAMS 0x0000000095500000, 0x0000000095500000| Untracked 
| 342|0x0000000095600000, 0x0000000095600000, 0x0000000095700000|  0%| F|  |TAMS 0x0000000095600000, 0x0000000095600000| Untracked 
| 343|0x0000000095700000, 0x0000000095700000, 0x0000000095800000|  0%| F|  |TAMS 0x0000000095700000, 0x0000000095700000| Untracked 
| 344|0x0000000095800000, 0x0000000095800000, 0x0000000095900000|  0%| F|  |TAMS 0x0000000095800000, 0x0000000095800000| Untracked 
| 345|0x0000000095900000, 0x0000000095900000, 0x0000000095a00000|  0%| F|  |TAMS 0x0000000095900000, 0x0000000095900000| Untracked 
| 346|0x0000000095a00000, 0x0000000095a00000, 0x0000000095b00000|  0%| F|  |TAMS 0x0000000095a00000, 0x0000000095a00000| Untracked 
| 347|0x0000000095b00000, 0x0000000095b00000, 0x0000000095c00000|  0%| F|  |TAMS 0x0000000095b00000, 0x0000000095b00000| Untracked 
| 348|0x0000000095c00000, 0x0000000095c00000, 0x0000000095d00000|  0%| F|  |TAMS 0x0000000095c00000, 0x0000000095c00000| Untracked 
| 349|0x0000000095d00000, 0x0000000095d00000, 0x0000000095e00000|  0%| F|  |TAMS 0x0000000095d00000, 0x0000000095d00000| Untracked 
| 350|0x0000000095e00000, 0x0000000095e00000, 0x0000000095f00000|  0%| F|  |TAMS 0x0000000095e00000, 0x0000000095e00000| Untracked 
| 351|0x0000000095f00000, 0x0000000095f00000, 0x0000000096000000|  0%| F|  |TAMS 0x0000000095f00000, 0x0000000095f00000| Untracked 
| 352|0x0000000096000000, 0x0000000096000000, 0x0000000096100000|  0%| F|  |TAMS 0x0000000096000000, 0x0000000096000000| Untracked 
| 353|0x0000000096100000, 0x0000000096100000, 0x0000000096200000|  0%| F|  |TAMS 0x0000000096100000, 0x0000000096100000| Untracked 
| 354|0x0000000096200000, 0x0000000096200000, 0x0000000096300000|  0%| F|  |TAMS 0x0000000096200000, 0x0000000096200000| Untracked 
| 355|0x0000000096300000, 0x0000000096300000, 0x0000000096400000|  0%| F|  |TAMS 0x0000000096300000, 0x0000000096300000| Untracked 
| 356|0x0000000096400000, 0x0000000096400000, 0x0000000096500000|  0%| F|  |TAMS 0x0000000096400000, 0x0000000096400000| Untracked 
| 357|0x0000000096500000, 0x0000000096500000, 0x0000000096600000|  0%| F|  |TAMS 0x0000000096500000, 0x0000000096500000| Untracked 
| 358|0x0000000096600000, 0x0000000096600000, 0x0000000096700000|  0%| F|  |TAMS 0x0000000096600000, 0x0000000096600000| Untracked 
| 359|0x0000000096700000, 0x0000000096700000, 0x0000000096800000|  0%| F|  |TAMS 0x0000000096700000, 0x0000000096700000| Untracked 
| 360|0x0000000096800000, 0x0000000096800000, 0x0000000096900000|  0%| F|  |TAMS 0x0000000096800000, 0x0000000096800000| Untracked 
| 361|0x0000000096900000, 0x0000000096900000, 0x0000000096a00000|  0%| F|  |TAMS 0x0000000096900000, 0x0000000096900000| Untracked 
| 362|0x0000000096a00000, 0x0000000096a00000, 0x0000000096b00000|  0%| F|  |TAMS 0x0000000096a00000, 0x0000000096a00000| Untracked 
| 363|0x0000000096b00000, 0x0000000096b00000, 0x0000000096c00000|  0%| F|  |TAMS 0x0000000096b00000, 0x0000000096b00000| Untracked 
| 364|0x0000000096c00000, 0x0000000096c00000, 0x0000000096d00000|  0%| F|  |TAMS 0x0000000096c00000, 0x0000000096c00000| Untracked 
| 365|0x0000000096d00000, 0x0000000096d00000, 0x0000000096e00000|  0%| F|  |TAMS 0x0000000096d00000, 0x0000000096d00000| Untracked 
| 366|0x0000000096e00000, 0x0000000096e00000, 0x0000000096f00000|  0%| F|  |TAMS 0x0000000096e00000, 0x0000000096e00000| Untracked 
| 367|0x0000000096f00000, 0x0000000096f00000, 0x0000000097000000|  0%| F|  |TAMS 0x0000000096f00000, 0x0000000096f00000| Untracked 
| 368|0x0000000097000000, 0x0000000097000000, 0x0000000097100000|  0%| F|  |TAMS 0x0000000097000000, 0x0000000097000000| Untracked 
| 369|0x0000000097100000, 0x0000000097100000, 0x0000000097200000|  0%| F|  |TAMS 0x0000000097100000, 0x0000000097100000| Untracked 
| 370|0x0000000097200000, 0x0000000097200000, 0x0000000097300000|  0%| F|  |TAMS 0x0000000097200000, 0x0000000097200000| Untracked 
| 371|0x0000000097300000, 0x0000000097300000, 0x0000000097400000|  0%| F|  |TAMS 0x0000000097300000, 0x0000000097300000| Untracked 
| 372|0x0000000097400000, 0x0000000097400000, 0x0000000097500000|  0%| F|  |TAMS 0x0000000097400000, 0x0000000097400000| Untracked 
| 373|0x0000000097500000, 0x0000000097500000, 0x0000000097600000|  0%| F|  |TAMS 0x0000000097500000, 0x0000000097500000| Untracked 
| 374|0x0000000097600000, 0x0000000097600000, 0x0000000097700000|  0%| F|  |TAMS 0x0000000097600000, 0x0000000097600000| Untracked 
| 375|0x0000000097700000, 0x0000000097700000, 0x0000000097800000|  0%| F|  |TAMS 0x0000000097700000, 0x0000000097700000| Untracked 
| 376|0x0000000097800000, 0x0000000097800000, 0x0000000097900000|  0%| F|  |TAMS 0x0000000097800000, 0x0000000097800000| Untracked 
| 377|0x0000000097900000, 0x0000000097900000, 0x0000000097a00000|  0%| F|  |TAMS 0x0000000097900000, 0x0000000097900000| Untracked 
| 378|0x0000000097a00000, 0x0000000097a00000, 0x0000000097b00000|  0%| F|  |TAMS 0x0000000097a00000, 0x0000000097a00000| Untracked 
| 379|0x0000000097b00000, 0x0000000097b00000, 0x0000000097c00000|  0%| F|  |TAMS 0x0000000097b00000, 0x0000000097b00000| Untracked 
| 380|0x0000000097c00000, 0x0000000097c00000, 0x0000000097d00000|  0%| F|  |TAMS 0x0000000097c00000, 0x0000000097c00000| Untracked 
| 381|0x0000000097d00000, 0x0000000097d00000, 0x0000000097e00000|  0%| F|  |TAMS 0x0000000097d00000, 0x0000000097d00000| Untracked 
| 382|0x0000000097e00000, 0x0000000097e00000, 0x0000000097f00000|  0%| F|  |TAMS 0x0000000097e00000, 0x0000000097e00000| Untracked 
| 383|0x0000000097f00000, 0x0000000097f00000, 0x0000000098000000|  0%| F|  |TAMS 0x0000000097f00000, 0x0000000097f00000| Untracked 
| 384|0x0000000098000000, 0x0000000098000000, 0x0000000098100000|  0%| F|  |TAMS 0x0000000098000000, 0x0000000098000000| Untracked 
| 385|0x0000000098100000, 0x0000000098100000, 0x0000000098200000|  0%| F|  |TAMS 0x0000000098100000, 0x0000000098100000| Untracked 
| 386|0x0000000098200000, 0x0000000098200000, 0x0000000098300000|  0%| F|  |TAMS 0x0000000098200000, 0x0000000098200000| Untracked 
| 387|0x0000000098300000, 0x0000000098300000, 0x0000000098400000|  0%| F|  |TAMS 0x0000000098300000, 0x0000000098300000| Untracked 
| 388|0x0000000098400000, 0x0000000098400000, 0x0000000098500000|  0%| F|  |TAMS 0x0000000098400000, 0x0000000098400000| Untracked 
| 389|0x0000000098500000, 0x0000000098500000, 0x0000000098600000|  0%| F|  |TAMS 0x0000000098500000, 0x0000000098500000| Untracked 
| 390|0x0000000098600000, 0x0000000098600000, 0x0000000098700000|  0%| F|  |TAMS 0x0000000098600000, 0x0000000098600000| Untracked 
| 391|0x0000000098700000, 0x0000000098700000, 0x0000000098800000|  0%| F|  |TAMS 0x0000000098700000, 0x0000000098700000| Untracked 
| 392|0x0000000098800000, 0x0000000098800000, 0x0000000098900000|  0%| F|  |TAMS 0x0000000098800000, 0x0000000098800000| Untracked 
| 393|0x0000000098900000, 0x0000000098900000, 0x0000000098a00000|  0%| F|  |TAMS 0x0000000098900000, 0x0000000098900000| Untracked 
| 394|0x0000000098a00000, 0x0000000098a00000, 0x0000000098b00000|  0%| F|  |TAMS 0x0000000098a00000, 0x0000000098a00000| Untracked 
| 395|0x0000000098b00000, 0x0000000098b00000, 0x0000000098c00000|  0%| F|  |TAMS 0x0000000098b00000, 0x0000000098b00000| Untracked 
| 396|0x0000000098c00000, 0x0000000098c00000, 0x0000000098d00000|  0%| F|  |TAMS 0x0000000098c00000, 0x0000000098c00000| Untracked 
| 397|0x0000000098d00000, 0x0000000098d00000, 0x0000000098e00000|  0%| F|  |TAMS 0x0000000098d00000, 0x0000000098d00000| Untracked 
| 398|0x0000000098e00000, 0x0000000098e00000, 0x0000000098f00000|  0%| F|  |TAMS 0x0000000098e00000, 0x0000000098e00000| Untracked 
| 399|0x0000000098f00000, 0x0000000098f00000, 0x0000000099000000|  0%| F|  |TAMS 0x0000000098f00000, 0x0000000098f00000| Untracked 
| 400|0x0000000099000000, 0x0000000099000000, 0x0000000099100000|  0%| F|  |TAMS 0x0000000099000000, 0x0000000099000000| Untracked 
| 401|0x0000000099100000, 0x0000000099100000, 0x0000000099200000|  0%| F|  |TAMS 0x0000000099100000, 0x0000000099100000| Untracked 
| 402|0x0000000099200000, 0x0000000099200000, 0x0000000099300000|  0%| F|  |TAMS 0x0000000099200000, 0x0000000099200000| Untracked 
| 403|0x0000000099300000, 0x0000000099300000, 0x0000000099400000|  0%| F|  |TAMS 0x0000000099300000, 0x0000000099300000| Untracked 
| 404|0x0000000099400000, 0x0000000099400000, 0x0000000099500000|  0%| F|  |TAMS 0x0000000099400000, 0x0000000099400000| Untracked 
| 405|0x0000000099500000, 0x0000000099500000, 0x0000000099600000|  0%| F|  |TAMS 0x0000000099500000, 0x0000000099500000| Untracked 
| 406|0x0000000099600000, 0x0000000099600000, 0x0000000099700000|  0%| F|  |TAMS 0x0000000099600000, 0x0000000099600000| Untracked 
| 407|0x0000000099700000, 0x0000000099700000, 0x0000000099800000|  0%| F|  |TAMS 0x0000000099700000, 0x0000000099700000| Untracked 
| 408|0x0000000099800000, 0x0000000099800000, 0x0000000099900000|  0%| F|  |TAMS 0x0000000099800000, 0x0000000099800000| Untracked 
| 409|0x0000000099900000, 0x0000000099900000, 0x0000000099a00000|  0%| F|  |TAMS 0x0000000099900000, 0x0000000099900000| Untracked 
| 410|0x0000000099a00000, 0x0000000099a00000, 0x0000000099b00000|  0%| F|  |TAMS 0x0000000099a00000, 0x0000000099a00000| Untracked 
| 411|0x0000000099b00000, 0x0000000099b00000, 0x0000000099c00000|  0%| F|  |TAMS 0x0000000099b00000, 0x0000000099b00000| Untracked 
| 412|0x0000000099c00000, 0x0000000099c00000, 0x0000000099d00000|  0%| F|  |TAMS 0x0000000099c00000, 0x0000000099c00000| Untracked 
| 413|0x0000000099d00000, 0x0000000099d00000, 0x0000000099e00000|  0%| F|  |TAMS 0x0000000099d00000, 0x0000000099d00000| Untracked 
| 414|0x0000000099e00000, 0x0000000099e00000, 0x0000000099f00000|  0%| F|  |TAMS 0x0000000099e00000, 0x0000000099e00000| Untracked 
| 415|0x0000000099f00000, 0x0000000099f00000, 0x000000009a000000|  0%| F|  |TAMS 0x0000000099f00000, 0x0000000099f00000| Untracked 
| 416|0x000000009a000000, 0x000000009a000000, 0x000000009a100000|  0%| F|  |TAMS 0x000000009a000000, 0x000000009a000000| Untracked 
| 417|0x000000009a100000, 0x000000009a100000, 0x000000009a200000|  0%| F|  |TAMS 0x000000009a100000, 0x000000009a100000| Untracked 
| 418|0x000000009a200000, 0x000000009a200000, 0x000000009a300000|  0%| F|  |TAMS 0x000000009a200000, 0x000000009a200000| Untracked 
| 419|0x000000009a300000, 0x000000009a300000, 0x000000009a400000|  0%| F|  |TAMS 0x000000009a300000, 0x000000009a300000| Untracked 
| 420|0x000000009a400000, 0x000000009a400000, 0x000000009a500000|  0%| F|  |TAMS 0x000000009a400000, 0x000000009a400000| Untracked 
| 421|0x000000009a500000, 0x000000009a500000, 0x000000009a600000|  0%| F|  |TAMS 0x000000009a500000, 0x000000009a500000| Untracked 
| 422|0x000000009a600000, 0x000000009a600000, 0x000000009a700000|  0%| F|  |TAMS 0x000000009a600000, 0x000000009a600000| Untracked 
| 423|0x000000009a700000, 0x000000009a700000, 0x000000009a800000|  0%| F|  |TAMS 0x000000009a700000, 0x000000009a700000| Untracked 
| 424|0x000000009a800000, 0x000000009a800000, 0x000000009a900000|  0%| F|  |TAMS 0x000000009a800000, 0x000000009a800000| Untracked 
| 425|0x000000009a900000, 0x000000009a900000, 0x000000009aa00000|  0%| F|  |TAMS 0x000000009a900000, 0x000000009a900000| Untracked 
| 426|0x000000009aa00000, 0x000000009aa00000, 0x000000009ab00000|  0%| F|  |TAMS 0x000000009aa00000, 0x000000009aa00000| Untracked 
| 427|0x000000009ab00000, 0x000000009ab00000, 0x000000009ac00000|  0%| F|  |TAMS 0x000000009ab00000, 0x000000009ab00000| Untracked 
| 428|0x000000009ac00000, 0x000000009ac00000, 0x000000009ad00000|  0%| F|  |TAMS 0x000000009ac00000, 0x000000009ac00000| Untracked 
| 429|0x000000009ad00000, 0x000000009ad00000, 0x000000009ae00000|  0%| F|  |TAMS 0x000000009ad00000, 0x000000009ad00000| Untracked 
| 430|0x000000009ae00000, 0x000000009ae00000, 0x000000009af00000|  0%| F|  |TAMS 0x000000009ae00000, 0x000000009ae00000| Untracked 
| 431|0x000000009af00000, 0x000000009af00000, 0x000000009b000000|  0%| F|  |TAMS 0x000000009af00000, 0x000000009af00000| Untracked 
| 432|0x000000009b000000, 0x000000009b000000, 0x000000009b100000|  0%| F|  |TAMS 0x000000009b000000, 0x000000009b000000| Untracked 
| 433|0x000000009b100000, 0x000000009b100000, 0x000000009b200000|  0%| F|  |TAMS 0x000000009b100000, 0x000000009b100000| Untracked 
| 434|0x000000009b200000, 0x000000009b200000, 0x000000009b300000|  0%| F|  |TAMS 0x000000009b200000, 0x000000009b200000| Untracked 
| 435|0x000000009b300000, 0x000000009b300000, 0x000000009b400000|  0%| F|  |TAMS 0x000000009b300000, 0x000000009b300000| Untracked 
| 436|0x000000009b400000, 0x000000009b400000, 0x000000009b500000|  0%| F|  |TAMS 0x000000009b400000, 0x000000009b400000| Untracked 
| 437|0x000000009b500000, 0x000000009b500000, 0x000000009b600000|  0%| F|  |TAMS 0x000000009b500000, 0x000000009b500000| Untracked 
| 438|0x000000009b600000, 0x000000009b600000, 0x000000009b700000|  0%| F|  |TAMS 0x000000009b600000, 0x000000009b600000| Untracked 
| 439|0x000000009b700000, 0x000000009b700000, 0x000000009b800000|  0%| F|  |TAMS 0x000000009b700000, 0x000000009b700000| Untracked 
| 440|0x000000009b800000, 0x000000009b800000, 0x000000009b900000|  0%| F|  |TAMS 0x000000009b800000, 0x000000009b800000| Untracked 
| 441|0x000000009b900000, 0x000000009b900000, 0x000000009ba00000|  0%| F|  |TAMS 0x000000009b900000, 0x000000009b900000| Untracked 
| 442|0x000000009ba00000, 0x000000009ba00000, 0x000000009bb00000|  0%| F|  |TAMS 0x000000009ba00000, 0x000000009ba00000| Untracked 
| 443|0x000000009bb00000, 0x000000009bb00000, 0x000000009bc00000|  0%| F|  |TAMS 0x000000009bb00000, 0x000000009bb00000| Untracked 
| 444|0x000000009bc00000, 0x000000009bc00000, 0x000000009bd00000|  0%| F|  |TAMS 0x000000009bc00000, 0x000000009bc00000| Untracked 
| 445|0x000000009bd00000, 0x000000009bd00000, 0x000000009be00000|  0%| F|  |TAMS 0x000000009bd00000, 0x000000009bd00000| Untracked 
| 446|0x000000009be00000, 0x000000009be00000, 0x000000009bf00000|  0%| F|  |TAMS 0x000000009be00000, 0x000000009be00000| Untracked 
| 447|0x000000009bf00000, 0x000000009bf00000, 0x000000009c000000|  0%| F|  |TAMS 0x000000009bf00000, 0x000000009bf00000| Untracked 
| 448|0x000000009c000000, 0x000000009c000000, 0x000000009c100000|  0%| F|  |TAMS 0x000000009c000000, 0x000000009c000000| Untracked 
| 449|0x000000009c100000, 0x000000009c100000, 0x000000009c200000|  0%| F|  |TAMS 0x000000009c100000, 0x000000009c100000| Untracked 
| 450|0x000000009c200000, 0x000000009c200000, 0x000000009c300000|  0%| F|  |TAMS 0x000000009c200000, 0x000000009c200000| Untracked 
| 451|0x000000009c300000, 0x000000009c300000, 0x000000009c400000|  0%| F|  |TAMS 0x000000009c300000, 0x000000009c300000| Untracked 
| 452|0x000000009c400000, 0x000000009c400000, 0x000000009c500000|  0%| F|  |TAMS 0x000000009c400000, 0x000000009c400000| Untracked 
| 453|0x000000009c500000, 0x000000009c500000, 0x000000009c600000|  0%| F|  |TAMS 0x000000009c500000, 0x000000009c500000| Untracked 
| 454|0x000000009c600000, 0x000000009c600000, 0x000000009c700000|  0%| F|  |TAMS 0x000000009c600000, 0x000000009c600000| Untracked 
| 455|0x000000009c700000, 0x000000009c700000, 0x000000009c800000|  0%| F|  |TAMS 0x000000009c700000, 0x000000009c700000| Untracked 
| 456|0x000000009c800000, 0x000000009c800000, 0x000000009c900000|  0%| F|  |TAMS 0x000000009c800000, 0x000000009c800000| Untracked 
| 457|0x000000009c900000, 0x000000009c900000, 0x000000009ca00000|  0%| F|  |TAMS 0x000000009c900000, 0x000000009c900000| Untracked 
| 458|0x000000009ca00000, 0x000000009ca00000, 0x000000009cb00000|  0%| F|  |TAMS 0x000000009ca00000, 0x000000009ca00000| Untracked 
| 459|0x000000009cb00000, 0x000000009cb00000, 0x000000009cc00000|  0%| F|  |TAMS 0x000000009cb00000, 0x000000009cb00000| Untracked 
| 460|0x000000009cc00000, 0x000000009cc00000, 0x000000009cd00000|  0%| F|  |TAMS 0x000000009cc00000, 0x000000009cc00000| Untracked 
| 461|0x000000009cd00000, 0x000000009cd00000, 0x000000009ce00000|  0%| F|  |TAMS 0x000000009cd00000, 0x000000009cd00000| Untracked 
| 462|0x000000009ce00000, 0x000000009ce00000, 0x000000009cf00000|  0%| F|  |TAMS 0x000000009ce00000, 0x000000009ce00000| Untracked 
| 463|0x000000009cf00000, 0x000000009cf00000, 0x000000009d000000|  0%| F|  |TAMS 0x000000009cf00000, 0x000000009cf00000| Untracked 
| 464|0x000000009d000000, 0x000000009d000000, 0x000000009d100000|  0%| F|  |TAMS 0x000000009d000000, 0x000000009d000000| Untracked 
| 465|0x000000009d100000, 0x000000009d100000, 0x000000009d200000|  0%| F|  |TAMS 0x000000009d100000, 0x000000009d100000| Untracked 
| 466|0x000000009d200000, 0x000000009d200000, 0x000000009d300000|  0%| F|  |TAMS 0x000000009d200000, 0x000000009d200000| Untracked 
| 467|0x000000009d300000, 0x000000009d300000, 0x000000009d400000|  0%| F|  |TAMS 0x000000009d300000, 0x000000009d300000| Untracked 
| 468|0x000000009d400000, 0x000000009d400000, 0x000000009d500000|  0%| F|  |TAMS 0x000000009d400000, 0x000000009d400000| Untracked 
| 469|0x000000009d500000, 0x000000009d500000, 0x000000009d600000|  0%| F|  |TAMS 0x000000009d500000, 0x000000009d500000| Untracked 
| 470|0x000000009d600000, 0x000000009d600000, 0x000000009d700000|  0%| F|  |TAMS 0x000000009d600000, 0x000000009d600000| Untracked 
| 471|0x000000009d700000, 0x000000009d700000, 0x000000009d800000|  0%| F|  |TAMS 0x000000009d700000, 0x000000009d700000| Untracked 
| 472|0x000000009d800000, 0x000000009d800000, 0x000000009d900000|  0%| F|  |TAMS 0x000000009d800000, 0x000000009d800000| Untracked 
| 473|0x000000009d900000, 0x000000009d900000, 0x000000009da00000|  0%| F|  |TAMS 0x000000009d900000, 0x000000009d900000| Untracked 
| 474|0x000000009da00000, 0x000000009da00000, 0x000000009db00000|  0%| F|  |TAMS 0x000000009da00000, 0x000000009da00000| Untracked 
| 475|0x000000009db00000, 0x000000009db00000, 0x000000009dc00000|  0%| F|  |TAMS 0x000000009db00000, 0x000000009db00000| Untracked 
| 476|0x000000009dc00000, 0x000000009dc00000, 0x000000009dd00000|  0%| F|  |TAMS 0x000000009dc00000, 0x000000009dc00000| Untracked 
| 477|0x000000009dd00000, 0x000000009dd00000, 0x000000009de00000|  0%| F|  |TAMS 0x000000009dd00000, 0x000000009dd00000| Untracked 
| 478|0x000000009de00000, 0x000000009de00000, 0x000000009df00000|  0%| F|  |TAMS 0x000000009de00000, 0x000000009de00000| Untracked 
| 479|0x000000009df00000, 0x000000009df00000, 0x000000009e000000|  0%| F|  |TAMS 0x000000009df00000, 0x000000009df00000| Untracked 
| 480|0x000000009e000000, 0x000000009e000000, 0x000000009e100000|  0%| F|  |TAMS 0x000000009e000000, 0x000000009e000000| Untracked 
| 481|0x000000009e100000, 0x000000009e100000, 0x000000009e200000|  0%| F|  |TAMS 0x000000009e100000, 0x000000009e100000| Untracked 
| 482|0x000000009e200000, 0x000000009e200000, 0x000000009e300000|  0%| F|  |TAMS 0x000000009e200000, 0x000000009e200000| Untracked 
| 483|0x000000009e300000, 0x000000009e300000, 0x000000009e400000|  0%| F|  |TAMS 0x000000009e300000, 0x000000009e300000| Untracked 
| 484|0x000000009e400000, 0x000000009e400000, 0x000000009e500000|  0%| F|  |TAMS 0x000000009e400000, 0x000000009e400000| Untracked 
| 485|0x000000009e500000, 0x000000009e500000, 0x000000009e600000|  0%| F|  |TAMS 0x000000009e500000, 0x000000009e500000| Untracked 
| 486|0x000000009e600000, 0x000000009e600000, 0x000000009e700000|  0%| F|  |TAMS 0x000000009e600000, 0x000000009e600000| Untracked 
| 487|0x000000009e700000, 0x000000009e700000, 0x000000009e800000|  0%| F|  |TAMS 0x000000009e700000, 0x000000009e700000| Untracked 
| 488|0x000000009e800000, 0x000000009e800000, 0x000000009e900000|  0%| F|  |TAMS 0x000000009e800000, 0x000000009e800000| Untracked 
| 489|0x000000009e900000, 0x000000009e900000, 0x000000009ea00000|  0%| F|  |TAMS 0x000000009e900000, 0x000000009e900000| Untracked 
| 490|0x000000009ea00000, 0x000000009ea00000, 0x000000009eb00000|  0%| F|  |TAMS 0x000000009ea00000, 0x000000009ea00000| Untracked 
| 491|0x000000009eb00000, 0x000000009eb00000, 0x000000009ec00000|  0%| F|  |TAMS 0x000000009eb00000, 0x000000009eb00000| Untracked 
| 492|0x000000009ec00000, 0x000000009ec00000, 0x000000009ed00000|  0%| F|  |TAMS 0x000000009ec00000, 0x000000009ec00000| Untracked 
| 493|0x000000009ed00000, 0x000000009ed00000, 0x000000009ee00000|  0%| F|  |TAMS 0x000000009ed00000, 0x000000009ed00000| Untracked 
| 494|0x000000009ee00000, 0x000000009ee00000, 0x000000009ef00000|  0%| F|  |TAMS 0x000000009ee00000, 0x000000009ee00000| Untracked 
| 495|0x000000009ef00000, 0x000000009ef00000, 0x000000009f000000|  0%| F|  |TAMS 0x000000009ef00000, 0x000000009ef00000| Untracked 
| 496|0x000000009f000000, 0x000000009f000000, 0x000000009f100000|  0%| F|  |TAMS 0x000000009f000000, 0x000000009f000000| Untracked 
| 497|0x000000009f100000, 0x000000009f100000, 0x000000009f200000|  0%| F|  |TAMS 0x000000009f100000, 0x000000009f100000| Untracked 
| 498|0x000000009f200000, 0x000000009f200000, 0x000000009f300000|  0%| F|  |TAMS 0x000000009f200000, 0x000000009f200000| Untracked 
| 499|0x000000009f300000, 0x000000009f300000, 0x000000009f400000|  0%| F|  |TAMS 0x000000009f300000, 0x000000009f300000| Untracked 
| 500|0x000000009f400000, 0x000000009f400000, 0x000000009f500000|  0%| F|  |TAMS 0x000000009f400000, 0x000000009f400000| Untracked 
| 501|0x000000009f500000, 0x000000009f500000, 0x000000009f600000|  0%| F|  |TAMS 0x000000009f500000, 0x000000009f500000| Untracked 
| 502|0x000000009f600000, 0x000000009f600000, 0x000000009f700000|  0%| F|  |TAMS 0x000000009f600000, 0x000000009f600000| Untracked 
| 503|0x000000009f700000, 0x000000009f700000, 0x000000009f800000|  0%| F|  |TAMS 0x000000009f700000, 0x000000009f700000| Untracked 
| 504|0x000000009f800000, 0x000000009f800000, 0x000000009f900000|  0%| F|  |TAMS 0x000000009f800000, 0x000000009f800000| Untracked 
| 505|0x000000009f900000, 0x000000009f900000, 0x000000009fa00000|  0%| F|  |TAMS 0x000000009f900000, 0x000000009f900000| Untracked 
| 506|0x000000009fa00000, 0x000000009fa00000, 0x000000009fb00000|  0%| F|  |TAMS 0x000000009fa00000, 0x000000009fa00000| Untracked 
| 507|0x000000009fb00000, 0x000000009fb00000, 0x000000009fc00000|  0%| F|  |TAMS 0x000000009fb00000, 0x000000009fb00000| Untracked 
| 508|0x000000009fc00000, 0x000000009fc00000, 0x000000009fd00000|  0%| F|  |TAMS 0x000000009fc00000, 0x000000009fc00000| Untracked 
| 509|0x000000009fd00000, 0x000000009fd00000, 0x000000009fe00000|  0%| F|  |TAMS 0x000000009fd00000, 0x000000009fd00000| Untracked 
| 510|0x000000009fe00000, 0x000000009fe00000, 0x000000009ff00000|  0%| F|  |TAMS 0x000000009fe00000, 0x000000009fe00000| Untracked 
| 511|0x000000009ff00000, 0x000000009ff00000, 0x00000000a0000000|  0%| F|  |TAMS 0x000000009ff00000, 0x000000009ff00000| Untracked 
| 512|0x00000000a0000000, 0x00000000a0000000, 0x00000000a0100000|  0%| F|  |TAMS 0x00000000a0000000, 0x00000000a0000000| Untracked 
| 513|0x00000000a0100000, 0x00000000a0100000, 0x00000000a0200000|  0%| F|  |TAMS 0x00000000a0100000, 0x00000000a0100000| Untracked 
| 514|0x00000000a0200000, 0x00000000a0200000, 0x00000000a0300000|  0%| F|  |TAMS 0x00000000a0200000, 0x00000000a0200000| Untracked 
| 515|0x00000000a0300000, 0x00000000a0300000, 0x00000000a0400000|  0%| F|  |TAMS 0x00000000a0300000, 0x00000000a0300000| Untracked 
| 516|0x00000000a0400000, 0x00000000a0400000, 0x00000000a0500000|  0%| F|  |TAMS 0x00000000a0400000, 0x00000000a0400000| Untracked 
| 517|0x00000000a0500000, 0x00000000a0500000, 0x00000000a0600000|  0%| F|  |TAMS 0x00000000a0500000, 0x00000000a0500000| Untracked 
| 518|0x00000000a0600000, 0x00000000a0600000, 0x00000000a0700000|  0%| F|  |TAMS 0x00000000a0600000, 0x00000000a0600000| Untracked 
| 519|0x00000000a0700000, 0x00000000a0700000, 0x00000000a0800000|  0%| F|  |TAMS 0x00000000a0700000, 0x00000000a0700000| Untracked 
| 520|0x00000000a0800000, 0x00000000a0800000, 0x00000000a0900000|  0%| F|  |TAMS 0x00000000a0800000, 0x00000000a0800000| Untracked 
| 521|0x00000000a0900000, 0x00000000a0900000, 0x00000000a0a00000|  0%| F|  |TAMS 0x00000000a0900000, 0x00000000a0900000| Untracked 
| 522|0x00000000a0a00000, 0x00000000a0a00000, 0x00000000a0b00000|  0%| F|  |TAMS 0x00000000a0a00000, 0x00000000a0a00000| Untracked 
| 523|0x00000000a0b00000, 0x00000000a0b00000, 0x00000000a0c00000|  0%| F|  |TAMS 0x00000000a0b00000, 0x00000000a0b00000| Untracked 
| 524|0x00000000a0c00000, 0x00000000a0c00000, 0x00000000a0d00000|  0%| F|  |TAMS 0x00000000a0c00000, 0x00000000a0c00000| Untracked 
| 525|0x00000000a0d00000, 0x00000000a0d00000, 0x00000000a0e00000|  0%| F|  |TAMS 0x00000000a0d00000, 0x00000000a0d00000| Untracked 
| 526|0x00000000a0e00000, 0x00000000a0e00000, 0x00000000a0f00000|  0%| F|  |TAMS 0x00000000a0e00000, 0x00000000a0e00000| Untracked 
| 527|0x00000000a0f00000, 0x00000000a0f00000, 0x00000000a1000000|  0%| F|  |TAMS 0x00000000a0f00000, 0x00000000a0f00000| Untracked 
| 528|0x00000000a1000000, 0x00000000a1000000, 0x00000000a1100000|  0%| F|  |TAMS 0x00000000a1000000, 0x00000000a1000000| Untracked 
| 529|0x00000000a1100000, 0x00000000a1100000, 0x00000000a1200000|  0%| F|  |TAMS 0x00000000a1100000, 0x00000000a1100000| Untracked 
| 530|0x00000000a1200000, 0x00000000a1200000, 0x00000000a1300000|  0%| F|  |TAMS 0x00000000a1200000, 0x00000000a1200000| Untracked 
| 531|0x00000000a1300000, 0x00000000a1300000, 0x00000000a1400000|  0%| F|  |TAMS 0x00000000a1300000, 0x00000000a1300000| Untracked 
| 532|0x00000000a1400000, 0x00000000a1400000, 0x00000000a1500000|  0%| F|  |TAMS 0x00000000a1400000, 0x00000000a1400000| Untracked 
| 533|0x00000000a1500000, 0x00000000a1500000, 0x00000000a1600000|  0%| F|  |TAMS 0x00000000a1500000, 0x00000000a1500000| Untracked 
| 534|0x00000000a1600000, 0x00000000a1600000, 0x00000000a1700000|  0%| F|  |TAMS 0x00000000a1600000, 0x00000000a1600000| Untracked 
| 535|0x00000000a1700000, 0x00000000a1700000, 0x00000000a1800000|  0%| F|  |TAMS 0x00000000a1700000, 0x00000000a1700000| Untracked 
| 536|0x00000000a1800000, 0x00000000a1800000, 0x00000000a1900000|  0%| F|  |TAMS 0x00000000a1800000, 0x00000000a1800000| Untracked 
| 537|0x00000000a1900000, 0x00000000a1900000, 0x00000000a1a00000|  0%| F|  |TAMS 0x00000000a1900000, 0x00000000a1900000| Untracked 
| 538|0x00000000a1a00000, 0x00000000a1a00000, 0x00000000a1b00000|  0%| F|  |TAMS 0x00000000a1a00000, 0x00000000a1a00000| Untracked 
| 539|0x00000000a1b00000, 0x00000000a1b00000, 0x00000000a1c00000|  0%| F|  |TAMS 0x00000000a1b00000, 0x00000000a1b00000| Untracked 
| 540|0x00000000a1c00000, 0x00000000a1c00000, 0x00000000a1d00000|  0%| F|  |TAMS 0x00000000a1c00000, 0x00000000a1c00000| Untracked 
| 541|0x00000000a1d00000, 0x00000000a1d00000, 0x00000000a1e00000|  0%| F|  |TAMS 0x00000000a1d00000, 0x00000000a1d00000| Untracked 
| 542|0x00000000a1e00000, 0x00000000a1e00000, 0x00000000a1f00000|  0%| F|  |TAMS 0x00000000a1e00000, 0x00000000a1e00000| Untracked 
| 543|0x00000000a1f00000, 0x00000000a1f00000, 0x00000000a2000000|  0%| F|  |TAMS 0x00000000a1f00000, 0x00000000a1f00000| Untracked 
| 544|0x00000000a2000000, 0x00000000a2000000, 0x00000000a2100000|  0%| F|  |TAMS 0x00000000a2000000, 0x00000000a2000000| Untracked 
| 545|0x00000000a2100000, 0x00000000a2100000, 0x00000000a2200000|  0%| F|  |TAMS 0x00000000a2100000, 0x00000000a2100000| Untracked 
| 546|0x00000000a2200000, 0x00000000a2200000, 0x00000000a2300000|  0%| F|  |TAMS 0x00000000a2200000, 0x00000000a2200000| Untracked 
| 547|0x00000000a2300000, 0x00000000a2300000, 0x00000000a2400000|  0%| F|  |TAMS 0x00000000a2300000, 0x00000000a2300000| Untracked 
| 548|0x00000000a2400000, 0x00000000a2400000, 0x00000000a2500000|  0%| F|  |TAMS 0x00000000a2400000, 0x00000000a2400000| Untracked 
| 549|0x00000000a2500000, 0x00000000a2500000, 0x00000000a2600000|  0%| F|  |TAMS 0x00000000a2500000, 0x00000000a2500000| Untracked 
| 550|0x00000000a2600000, 0x00000000a2600000, 0x00000000a2700000|  0%| F|  |TAMS 0x00000000a2600000, 0x00000000a2600000| Untracked 
| 551|0x00000000a2700000, 0x00000000a2700000, 0x00000000a2800000|  0%| F|  |TAMS 0x00000000a2700000, 0x00000000a2700000| Untracked 
| 552|0x00000000a2800000, 0x00000000a2800000, 0x00000000a2900000|  0%| F|  |TAMS 0x00000000a2800000, 0x00000000a2800000| Untracked 
| 553|0x00000000a2900000, 0x00000000a2900000, 0x00000000a2a00000|  0%| F|  |TAMS 0x00000000a2900000, 0x00000000a2900000| Untracked 
| 554|0x00000000a2a00000, 0x00000000a2a00000, 0x00000000a2b00000|  0%| F|  |TAMS 0x00000000a2a00000, 0x00000000a2a00000| Untracked 
| 555|0x00000000a2b00000, 0x00000000a2b00000, 0x00000000a2c00000|  0%| F|  |TAMS 0x00000000a2b00000, 0x00000000a2b00000| Untracked 
| 556|0x00000000a2c00000, 0x00000000a2c00000, 0x00000000a2d00000|  0%| F|  |TAMS 0x00000000a2c00000, 0x00000000a2c00000| Untracked 
| 557|0x00000000a2d00000, 0x00000000a2d00000, 0x00000000a2e00000|  0%| F|  |TAMS 0x00000000a2d00000, 0x00000000a2d00000| Untracked 
| 558|0x00000000a2e00000, 0x00000000a2e00000, 0x00000000a2f00000|  0%| F|  |TAMS 0x00000000a2e00000, 0x00000000a2e00000| Untracked 
| 559|0x00000000a2f00000, 0x00000000a2f00000, 0x00000000a3000000|  0%| F|  |TAMS 0x00000000a2f00000, 0x00000000a2f00000| Untracked 
| 560|0x00000000a3000000, 0x00000000a3000000, 0x00000000a3100000|  0%| F|  |TAMS 0x00000000a3000000, 0x00000000a3000000| Untracked 
| 561|0x00000000a3100000, 0x00000000a3100000, 0x00000000a3200000|  0%| F|  |TAMS 0x00000000a3100000, 0x00000000a3100000| Untracked 
| 562|0x00000000a3200000, 0x00000000a3200000, 0x00000000a3300000|  0%| F|  |TAMS 0x00000000a3200000, 0x00000000a3200000| Untracked 
| 563|0x00000000a3300000, 0x00000000a3300000, 0x00000000a3400000|  0%| F|  |TAMS 0x00000000a3300000, 0x00000000a3300000| Untracked 
| 564|0x00000000a3400000, 0x00000000a3400000, 0x00000000a3500000|  0%| F|  |TAMS 0x00000000a3400000, 0x00000000a3400000| Untracked 
| 565|0x00000000a3500000, 0x00000000a3500000, 0x00000000a3600000|  0%| F|  |TAMS 0x00000000a3500000, 0x00000000a3500000| Untracked 
| 566|0x00000000a3600000, 0x00000000a3600000, 0x00000000a3700000|  0%| F|  |TAMS 0x00000000a3600000, 0x00000000a3600000| Untracked 
| 567|0x00000000a3700000, 0x00000000a3700000, 0x00000000a3800000|  0%| F|  |TAMS 0x00000000a3700000, 0x00000000a3700000| Untracked 
| 568|0x00000000a3800000, 0x00000000a3800000, 0x00000000a3900000|  0%| F|  |TAMS 0x00000000a3800000, 0x00000000a3800000| Untracked 
| 569|0x00000000a3900000, 0x00000000a3900000, 0x00000000a3a00000|  0%| F|  |TAMS 0x00000000a3900000, 0x00000000a3900000| Untracked 
| 570|0x00000000a3a00000, 0x00000000a3a00000, 0x00000000a3b00000|  0%| F|  |TAMS 0x00000000a3a00000, 0x00000000a3a00000| Untracked 
| 571|0x00000000a3b00000, 0x00000000a3b00000, 0x00000000a3c00000|  0%| F|  |TAMS 0x00000000a3b00000, 0x00000000a3b00000| Untracked 
| 572|0x00000000a3c00000, 0x00000000a3c00000, 0x00000000a3d00000|  0%| F|  |TAMS 0x00000000a3c00000, 0x00000000a3c00000| Untracked 
| 573|0x00000000a3d00000, 0x00000000a3d00000, 0x00000000a3e00000|  0%| F|  |TAMS 0x00000000a3d00000, 0x00000000a3d00000| Untracked 
| 574|0x00000000a3e00000, 0x00000000a3e00000, 0x00000000a3f00000|  0%| F|  |TAMS 0x00000000a3e00000, 0x00000000a3e00000| Untracked 
| 575|0x00000000a3f00000, 0x00000000a3f00000, 0x00000000a4000000|  0%| F|  |TAMS 0x00000000a3f00000, 0x00000000a3f00000| Untracked 
| 576|0x00000000a4000000, 0x00000000a4000000, 0x00000000a4100000|  0%| F|  |TAMS 0x00000000a4000000, 0x00000000a4000000| Untracked 
| 577|0x00000000a4100000, 0x00000000a4100000, 0x00000000a4200000|  0%| F|  |TAMS 0x00000000a4100000, 0x00000000a4100000| Untracked 
| 578|0x00000000a4200000, 0x00000000a4200000, 0x00000000a4300000|  0%| F|  |TAMS 0x00000000a4200000, 0x00000000a4200000| Untracked 
| 579|0x00000000a4300000, 0x00000000a4300000, 0x00000000a4400000|  0%| F|  |TAMS 0x00000000a4300000, 0x00000000a4300000| Untracked 
| 580|0x00000000a4400000, 0x00000000a4400000, 0x00000000a4500000|  0%| F|  |TAMS 0x00000000a4400000, 0x00000000a4400000| Untracked 
| 581|0x00000000a4500000, 0x00000000a4500000, 0x00000000a4600000|  0%| F|  |TAMS 0x00000000a4500000, 0x00000000a4500000| Untracked 
| 582|0x00000000a4600000, 0x00000000a4600000, 0x00000000a4700000|  0%| F|  |TAMS 0x00000000a4600000, 0x00000000a4600000| Untracked 
| 583|0x00000000a4700000, 0x00000000a4700000, 0x00000000a4800000|  0%| F|  |TAMS 0x00000000a4700000, 0x00000000a4700000| Untracked 
| 584|0x00000000a4800000, 0x00000000a4800000, 0x00000000a4900000|  0%| F|  |TAMS 0x00000000a4800000, 0x00000000a4800000| Untracked 
| 585|0x00000000a4900000, 0x00000000a4900000, 0x00000000a4a00000|  0%| F|  |TAMS 0x00000000a4900000, 0x00000000a4900000| Untracked 
| 586|0x00000000a4a00000, 0x00000000a4a00000, 0x00000000a4b00000|  0%| F|  |TAMS 0x00000000a4a00000, 0x00000000a4a00000| Untracked 
| 587|0x00000000a4b00000, 0x00000000a4b00000, 0x00000000a4c00000|  0%| F|  |TAMS 0x00000000a4b00000, 0x00000000a4b00000| Untracked 
| 588|0x00000000a4c00000, 0x00000000a4c00000, 0x00000000a4d00000|  0%| F|  |TAMS 0x00000000a4c00000, 0x00000000a4c00000| Untracked 
| 589|0x00000000a4d00000, 0x00000000a4d00000, 0x00000000a4e00000|  0%| F|  |TAMS 0x00000000a4d00000, 0x00000000a4d00000| Untracked 
| 590|0x00000000a4e00000, 0x00000000a4e00000, 0x00000000a4f00000|  0%| F|  |TAMS 0x00000000a4e00000, 0x00000000a4e00000| Untracked 
| 591|0x00000000a4f00000, 0x00000000a4f00000, 0x00000000a5000000|  0%| F|  |TAMS 0x00000000a4f00000, 0x00000000a4f00000| Untracked 
| 592|0x00000000a5000000, 0x00000000a5000000, 0x00000000a5100000|  0%| F|  |TAMS 0x00000000a5000000, 0x00000000a5000000| Untracked 
| 593|0x00000000a5100000, 0x00000000a5100000, 0x00000000a5200000|  0%| F|  |TAMS 0x00000000a5100000, 0x00000000a5100000| Untracked 
| 594|0x00000000a5200000, 0x00000000a5200000, 0x00000000a5300000|  0%| F|  |TAMS 0x00000000a5200000, 0x00000000a5200000| Untracked 
| 595|0x00000000a5300000, 0x00000000a5300000, 0x00000000a5400000|  0%| F|  |TAMS 0x00000000a5300000, 0x00000000a5300000| Untracked 
| 596|0x00000000a5400000, 0x00000000a5500000, 0x00000000a5500000|100%| S|CS|TAMS 0x00000000a5400000, 0x00000000a5400000| Complete 
| 597|0x00000000a5500000, 0x00000000a5500000, 0x00000000a5600000|  0%| F|  |TAMS 0x00000000a5500000, 0x00000000a5500000| Untracked 
| 598|0x00000000a5600000, 0x00000000a5600000, 0x00000000a5700000|  0%| F|  |TAMS 0x00000000a5600000, 0x00000000a5600000| Untracked 
| 599|0x00000000a5700000, 0x00000000a5700000, 0x00000000a5800000|  0%| F|  |TAMS 0x00000000a5700000, 0x00000000a5700000| Untracked 
| 600|0x00000000a5800000, 0x00000000a5800000, 0x00000000a5900000|  0%| F|  |TAMS 0x00000000a5800000, 0x00000000a5800000| Untracked 
| 601|0x00000000a5900000, 0x00000000a5900000, 0x00000000a5a00000|  0%| F|  |TAMS 0x00000000a5900000, 0x00000000a5900000| Untracked 
| 602|0x00000000a5a00000, 0x00000000a5a00000, 0x00000000a5b00000|  0%| F|  |TAMS 0x00000000a5a00000, 0x00000000a5a00000| Untracked 
| 603|0x00000000a5b00000, 0x00000000a5b00000, 0x00000000a5c00000|  0%| F|  |TAMS 0x00000000a5b00000, 0x00000000a5b00000| Untracked 
| 604|0x00000000a5c00000, 0x00000000a5c00000, 0x00000000a5d00000|  0%| F|  |TAMS 0x00000000a5c00000, 0x00000000a5c00000| Untracked 
| 605|0x00000000a5d00000, 0x00000000a5d00000, 0x00000000a5e00000|  0%| F|  |TAMS 0x00000000a5d00000, 0x00000000a5d00000| Untracked 
| 606|0x00000000a5e00000, 0x00000000a5e00000, 0x00000000a5f00000|  0%| F|  |TAMS 0x00000000a5e00000, 0x00000000a5e00000| Untracked 
| 607|0x00000000a5f00000, 0x00000000a5f00000, 0x00000000a6000000|  0%| F|  |TAMS 0x00000000a5f00000, 0x00000000a5f00000| Untracked 
| 608|0x00000000a6000000, 0x00000000a6000000, 0x00000000a6100000|  0%| F|  |TAMS 0x00000000a6000000, 0x00000000a6000000| Untracked 
| 609|0x00000000a6100000, 0x00000000a6100000, 0x00000000a6200000|  0%| F|  |TAMS 0x00000000a6100000, 0x00000000a6100000| Untracked 
| 610|0x00000000a6200000, 0x00000000a6200000, 0x00000000a6300000|  0%| F|  |TAMS 0x00000000a6200000, 0x00000000a6200000| Untracked 
| 611|0x00000000a6300000, 0x00000000a6300000, 0x00000000a6400000|  0%| F|  |TAMS 0x00000000a6300000, 0x00000000a6300000| Untracked 
| 612|0x00000000a6400000, 0x00000000a6400000, 0x00000000a6500000|  0%| F|  |TAMS 0x00000000a6400000, 0x00000000a6400000| Untracked 
| 613|0x00000000a6500000, 0x00000000a6500000, 0x00000000a6600000|  0%| F|  |TAMS 0x00000000a6500000, 0x00000000a6500000| Untracked 
| 614|0x00000000a6600000, 0x00000000a6600000, 0x00000000a6700000|  0%| F|  |TAMS 0x00000000a6600000, 0x00000000a6600000| Untracked 
| 615|0x00000000a6700000, 0x00000000a6700000, 0x00000000a6800000|  0%| F|  |TAMS 0x00000000a6700000, 0x00000000a6700000| Untracked 
| 616|0x00000000a6800000, 0x00000000a6800000, 0x00000000a6900000|  0%| F|  |TAMS 0x00000000a6800000, 0x00000000a6800000| Untracked 
| 617|0x00000000a6900000, 0x00000000a6900000, 0x00000000a6a00000|  0%| F|  |TAMS 0x00000000a6900000, 0x00000000a6900000| Untracked 
| 618|0x00000000a6a00000, 0x00000000a6a00000, 0x00000000a6b00000|  0%| F|  |TAMS 0x00000000a6a00000, 0x00000000a6a00000| Untracked 
| 619|0x00000000a6b00000, 0x00000000a6b00000, 0x00000000a6c00000|  0%| F|  |TAMS 0x00000000a6b00000, 0x00000000a6b00000| Untracked 
| 620|0x00000000a6c00000, 0x00000000a6c00000, 0x00000000a6d00000|  0%| F|  |TAMS 0x00000000a6c00000, 0x00000000a6c00000| Untracked 
| 621|0x00000000a6d00000, 0x00000000a6d00000, 0x00000000a6e00000|  0%| F|  |TAMS 0x00000000a6d00000, 0x00000000a6d00000| Untracked 
| 622|0x00000000a6e00000, 0x00000000a6e00000, 0x00000000a6f00000|  0%| F|  |TAMS 0x00000000a6e00000, 0x00000000a6e00000| Untracked 
| 623|0x00000000a6f00000, 0x00000000a6f00000, 0x00000000a7000000|  0%| F|  |TAMS 0x00000000a6f00000, 0x00000000a6f00000| Untracked 
|2046|0x00000000ffe00000, 0x00000000ffe75000, 0x00000000fff00000| 45%|OA|  |TAMS 0x00000000ffe75000, 0x00000000ffe00000| Untracked 
|2047|0x00000000fff00000, 0x00000000fff78000, 0x0000000100000000| 46%|CA|  |TAMS 0x00000000fff78000, 0x00000000fff00000| Untracked 

Card table byte_map: [0x00007f1d02fc6000,0x00007f1d033c6000] _byte_map_base: 0x00007f1d02bc6000

Marking Bits (Prev, Next): (CMBitMap*) 0x00007f1cfc076850, (CMBitMap*) 0x00007f1cfc076810
 Prev Bits: [0x00007f1ce3511000, 0x00007f1ce5511000)
 Next Bits: [0x00007f1d00bc6000, 0x00007f1d02bc6000)

Polling page: 0x00007f1d05589000

Metaspace:

Usage:
  Non-class:    106.07 MB used.
      Class:     16.91 MB used.
       Both:    122.98 MB used.

Virtual space:
  Non-class space:      128.00 MB reserved,     106.62 MB ( 83%) committed,  2 nodes.
      Class space:        1.00 GB reserved,      17.38 MB (  2%) committed,  1 nodes.
             Both:        1.12 GB reserved,     124.00 MB ( 11%) committed. 

Chunk freelists:
   Non-Class:  4.48 MB
       Class:  14.61 MB
        Both:  19.09 MB

MaxMetaspaceSize: unlimited
CompressedClassSpaceSize: 1.00 GB
Initial GC threshold: 21.00 MB
Current GC threshold: 206.50 MB
CDS: on
MetaspaceReclaimPolicy: balanced
 - commit_granule_bytes: 65536.
 - commit_granule_words: 8192.
 - virtual_space_node_default_size: 8388608.
 - enlarge_chunks_in_place: 1.
 - new_chunks_are_fully_committed: 0.
 - uncommit_free_chunks: 1.
 - use_allocation_guard: 0.
 - handle_deallocations: 1.


Internal statistics:

num_allocs_failed_limit: 6.
num_arena_births: 1494.
num_arena_deaths: 0.
num_vsnodes_births: 3.
num_vsnodes_deaths: 0.
num_space_committed: 1984.
num_space_uncommitted: 0.
num_chunks_returned_to_freelist: 6.
num_chunks_taken_from_freelist: 6891.
num_chunk_merges: 6.
num_chunk_splits: 4615.
num_chunks_enlarged: 3201.
num_inconsistent_stats: 0.

CodeHeap 'non-profiled nmethods': size=120036Kb used=7493Kb max_used=7986Kb free=112542Kb
 bounds [0x00007f1cecfd8000, 0x00007f1ced7a8000, 0x00007f1cf4511000]
CodeHeap 'profiled nmethods': size=120032Kb used=33383Kb max_used=35934Kb free=86649Kb
 bounds [0x00007f1ce5511000, 0x00007f1ce7831000, 0x00007f1ceca49000]
CodeHeap 'non-nmethods': size=5692Kb used=1800Kb max_used=1896Kb free=3892Kb
 bounds [0x00007f1ceca49000, 0x00007f1ceccb9000, 0x00007f1cecfd8000]
 total_blobs=16771 nmethods=15870 adapters=813
 compilation: enabled
              stopped_count=0, restarted_count=0
 full_count=0

Compilation events (20 events):
Event: 88.429 Thread 0x00007f1cfc0e5300 21333       1       com.android.tools.r8.internal.zv::D (5 bytes)
Event: 88.429 Thread 0x00007f1cfc0e5300 nmethod 21333 0x00007f1ced67b010 code [0x00007f1ced67b1a0, 0x00007f1ced67b270]
Event: 88.429 Thread 0x00007f1cfc0e5300 21334       2       com.android.tools.r8.internal.lu2::a (30 bytes)
Event: 88.430 Thread 0x00007f1cfc0e5300 nmethod 21334 0x00007f1ce592a990 code [0x00007f1ce592ab40, 0x00007f1ce592acd0]
Event: 88.622 Thread 0x00007f1cfc0e5300 21337       2       com.android.tools.r8.internal.c4$$Lambda$2371/0x00007f1c8d033208::apply (15 bytes)
Event: 88.622 Thread 0x00007f1cfc0e5300 nmethod 21337 0x00007f1ce558f690 code [0x00007f1ce558f840, 0x00007f1ce558f9f0]
Event: 88.622 Thread 0x00007f1cfc0e5300 21338       2       com.android.tools.r8.internal.e54::<init> (10 bytes)
Event: 88.622 Thread 0x00007f1cfc0e5300 nmethod 21338 0x00007f1ce5584e90 code [0x00007f1ce5585020, 0x00007f1ce5585130]
Event: 88.637 Thread 0x00007f1cfc0e5300 21339       2       com.android.tools.r8.internal.mj0::<init> (44 bytes)
Event: 88.637 Thread 0x00007f1cfc0e5300 nmethod 21339 0x00007f1ce55baa90 code [0x00007f1ce55bac20, 0x00007f1ce55bad30]
Event: 88.712 Thread 0x00007f1cfc0e5300 21340       3       com.android.tools.r8.internal.ql0::<init> (16 bytes)
Event: 88.712 Thread 0x00007f1cfc0e5300 nmethod 21340 0x00007f1ce59c8790 code [0x00007f1ce59c8940, 0x00007f1ce59c8a80]
Event: 88.811 Thread 0x00007f1cfc0e5300 21342       3       com.android.tools.r8.internal.dn::q (14 bytes)
Event: 88.811 Thread 0x00007f1cfc0e5300 nmethod 21342 0x00007f1ce5a43b10 code [0x00007f1ce5a43cc0, 0x00007f1ce5a43e30]
Event: 88.832 Thread 0x00007f1cfc0e5300 21344       2       com.android.tools.r8.internal.xc0::a (36 bytes)
Event: 88.833 Thread 0x00007f1cfc0e5300 nmethod 21344 0x00007f1ce5ac6110 code [0x00007f1ce5ac62c0, 0x00007f1ce5ac6460]
Event: 88.833 Thread 0x00007f1cfc0e5300 21345       2       com.android.tools.r8.internal.om4::b (86 bytes)
Event: 88.833 Thread 0x00007f1cfc0e5300 nmethod 21345 0x00007f1ce5a26890 code [0x00007f1ce5a26a60, 0x00007f1ce5a26d70]
Event: 88.833 Thread 0x00007f1cfc0e5300 21346       2       com.android.tools.r8.internal.om4::a (93 bytes)
Event: 88.834 Thread 0x00007f1cfc0e5300 nmethod 21346 0x00007f1ce5757590 code [0x00007f1ce5757740, 0x00007f1ce57579d0]

GC Heap History (20 events):
Event: 66.911 GC heap after
{Heap after GC invocations=80 (full 0):
 garbage-first heap   total 304128K, used 130942K [0x0000000080000000, 0x0000000100000000)
  region size 1024K, 2 young (2048K), 2 survivors (2048K)
 Metaspace       used 120601K, committed 121536K, reserved 1179648K
  class space    used 16623K, committed 17088K, reserved 1048576K
}
Event: 70.501 GC heap before
{Heap before GC invocations=80 (full 0):
 garbage-first heap   total 304128K, used 260990K [0x0000000080000000, 0x0000000100000000)
  region size 1024K, 129 young (132096K), 2 survivors (2048K)
 Metaspace       used 120696K, committed 121600K, reserved 1179648K
  class space    used 16636K, committed 17088K, reserved 1048576K
}
Event: 70.522 GC heap after
{Heap after GC invocations=81 (full 0):
 garbage-first heap   total 304128K, used 131568K [0x0000000080000000, 0x0000000100000000)
  region size 1024K, 3 young (3072K), 3 survivors (3072K)
 Metaspace       used 120696K, committed 121600K, reserved 1179648K
  class space    used 16636K, committed 17088K, reserved 1048576K
}
Event: 76.807 GC heap before
{Heap before GC invocations=81 (full 0):
 garbage-first heap   total 304128K, used 262640K [0x0000000080000000, 0x0000000100000000)
  region size 1024K, 130 young (133120K), 3 survivors (3072K)
 Metaspace       used 125425K, committed 126400K, reserved 1179648K
  class space    used 17247K, committed 17728K, reserved 1048576K
}
Event: 76.905 GC heap after
{Heap after GC invocations=82 (full 0):
 garbage-first heap   total 304128K, used 140054K [0x0000000080000000, 0x0000000100000000)
  region size 1024K, 10 young (10240K), 10 survivors (10240K)
 Metaspace       used 125425K, committed 126400K, reserved 1179648K
  class space    used 17247K, committed 17728K, reserved 1048576K
}
Event: 78.507 GC heap before
{Heap before GC invocations=82 (full 0):
 garbage-first heap   total 304128K, used 260886K [0x0000000080000000, 0x0000000100000000)
  region size 1024K, 126 young (129024K), 10 survivors (10240K)
 Metaspace       used 125851K, committed 126784K, reserved 1179648K
  class space    used 17311K, committed 17728K, reserved 1048576K
}
Event: 78.728 GC heap after
{Heap after GC invocations=83 (full 0):
 garbage-first heap   total 304128K, used 161704K [0x0000000080000000, 0x0000000100000000)
  region size 1024K, 16 young (16384K), 16 survivors (16384K)
 Metaspace       used 125851K, committed 126784K, reserved 1179648K
  class space    used 17311K, committed 17728K, reserved 1048576K
}
Event: 79.330 GC heap before
{Heap before GC invocations=83 (full 0):
 garbage-first heap   total 304128K, used 188328K [0x0000000080000000, 0x0000000100000000)
  region size 1024K, 42 young (43008K), 16 survivors (16384K)
 Metaspace       used 125869K, committed 126848K, reserved 1179648K
  class space    used 17311K, committed 17728K, reserved 1048576K
}
Event: 79.524 GC heap after
{Heap after GC invocations=84 (full 0):
 garbage-first heap   total 641024K, used 167348K [0x0000000080000000, 0x0000000100000000)
  region size 1024K, 6 young (6144K), 6 survivors (6144K)
 Metaspace       used 125869K, committed 126848K, reserved 1179648K
  class space    used 17311K, committed 17728K, reserved 1048576K
}
Event: 81.503 GC heap before
{Heap before GC invocations=85 (full 0):
 garbage-first heap   total 641024K, used 270772K [0x0000000080000000, 0x0000000100000000)
  region size 1024K, 107 young (109568K), 6 survivors (6144K)
 Metaspace       used 125877K, committed 126848K, reserved 1179648K
  class space    used 17311K, committed 17728K, reserved 1048576K
}
Event: 81.723 GC heap after
{Heap after GC invocations=86 (full 0):
 garbage-first heap   total 641024K, used 187316K [0x0000000080000000, 0x0000000100000000)
  region size 1024K, 14 young (14336K), 14 survivors (14336K)
 Metaspace       used 125877K, committed 126848K, reserved 1179648K
  class space    used 17311K, committed 17728K, reserved 1048576K
}
Event: 81.819 GC heap before
{Heap before GC invocations=86 (full 0):
 garbage-first heap   total 641024K, used 204724K [0x0000000080000000, 0x0000000100000000)
  region size 1024K, 31 young (31744K), 14 survivors (14336K)
 Metaspace       used 125877K, committed 126848K, reserved 1179648K
  class space    used 17311K, committed 17728K, reserved 1048576K
}
Event: 82.020 GC heap after
{Heap after GC invocations=87 (full 0):
 garbage-first heap   total 641024K, used 187828K [0x0000000080000000, 0x0000000100000000)
  region size 1024K, 4 young (4096K), 4 survivors (4096K)
 Metaspace       used 125877K, committed 126848K, reserved 1179648K
  class space    used 17311K, committed 17728K, reserved 1048576K
}
Event: 84.013 GC heap before
{Heap before GC invocations=87 (full 0):
 garbage-first heap   total 641024K, used 287156K [0x0000000080000000, 0x0000000100000000)
  region size 1024K, 101 young (103424K), 4 survivors (4096K)
 Metaspace       used 125900K, committed 126848K, reserved 1179648K
  class space    used 17311K, committed 17728K, reserved 1048576K
}
Event: 84.214 GC heap after
{Heap after GC invocations=88 (full 0):
 garbage-first heap   total 641024K, used 209332K [0x0000000080000000, 0x0000000100000000)
  region size 1024K, 13 young (13312K), 13 survivors (13312K)
 Metaspace       used 125900K, committed 126848K, reserved 1179648K
  class space    used 17311K, committed 17728K, reserved 1048576K
}
Event: 85.298 GC heap before
{Heap before GC invocations=88 (full 0):
 garbage-first heap   total 641024K, used 247220K [0x0000000080000000, 0x0000000100000000)
  region size 1024K, 50 young (51200K), 13 survivors (13312K)
 Metaspace       used 125905K, committed 126848K, reserved 1179648K
  class space    used 17311K, committed 17728K, reserved 1048576K
}
Event: 85.411 GC heap after
{Heap after GC invocations=89 (full 0):
 garbage-first heap   total 641024K, used 217012K [0x0000000080000000, 0x0000000100000000)
  region size 1024K, 7 young (7168K), 7 survivors (7168K)
 Metaspace       used 125905K, committed 126848K, reserved 1179648K
  class space    used 17311K, committed 17728K, reserved 1048576K
}
Event: 88.026 GC heap before
{Heap before GC invocations=90 (full 0):
 garbage-first heap   total 641024K, used 284596K [0x0000000080000000, 0x0000000100000000)
  region size 1024K, 78 young (79872K), 7 survivors (7168K)
 Metaspace       used 125927K, committed 126976K, reserved 1179648K
  class space    used 17316K, committed 17792K, reserved 1048576K
}
Event: 88.215 GC heap after
{Heap after GC invocations=91 (full 0):
 garbage-first heap   total 641024K, used 215476K [0x0000000080000000, 0x0000000100000000)
  region size 1024K, 4 young (4096K), 4 survivors (4096K)
 Metaspace       used 125927K, committed 126976K, reserved 1179648K
  class space    used 17316K, committed 17792K, reserved 1048576K
}
Event: 88.898 GC heap before
{Heap before GC invocations=91 (full 0):
 garbage-first heap   total 641024K, used 243124K [0x0000000080000000, 0x0000000100000000)
  region size 1024K, 31 young (31744K), 4 survivors (4096K)
 Metaspace       used 125931K, committed 126976K, reserved 1179648K
  class space    used 17317K, committed 17792K, reserved 1048576K
}

Dll operation events (15 events):
Event: 0.009 Loaded shared library /usr/lib/jvm/java-17-openjdk-amd64/lib/libjava.so
Event: 0.028 Loaded shared library /usr/lib/jvm/java-17-openjdk-amd64/lib/libjsvml.so
Event: 0.103 Loaded shared library /usr/lib/jvm/java-17-openjdk-amd64/lib/libzip.so
Event: 0.105 Loaded shared library /usr/lib/jvm/java-17-openjdk-amd64/lib/libinstrument.so
Event: 0.106 Loaded shared library /usr/lib/jvm/java-17-openjdk-amd64/lib/libnio.so
Event: 0.108 Loaded shared library /usr/lib/jvm/java-17-openjdk-amd64/lib/libzip.so
Event: 0.391 Loaded shared library /usr/lib/jvm/java-17-openjdk-amd64/lib/libjimage.so
Event: 0.730 Loaded shared library /usr/lib/jvm/java-17-openjdk-amd64/lib/libverify.so
Event: 0.798 Loaded shared library /usr/lib/jvm/java-17-openjdk-amd64/lib/libnet.so
Event: 0.799 Loaded shared library /root/.gradle/native/660c5614fbf4a5f2a75b1949f50a0caf5cd603558e7d8a26e50b933a0cfb79d1/linux-amd64/libnative-platform.so
Event: 0.812 Loaded shared library /root/.gradle/native/0.2.8/x86_64-linux-gnu/libgradle-fileevents.so
Event: 2.324 Loaded shared library /usr/lib/jvm/java-17-openjdk-amd64/lib/libmanagement.so
Event: 2.325 Loaded shared library /usr/lib/jvm/java-17-openjdk-amd64/lib/libmanagement_ext.so
Event: 2.434 Loaded shared library /usr/lib/jvm/java-17-openjdk-amd64/lib/libextnet.so
Event: 39.897 Loaded shared library /usr/lib/jvm/java-17-openjdk-amd64/lib/librmi.so

Deoptimization events (20 events):
Event: 86.905 Thread 0x00007f1cce37f360 Uncommon trap: trap_request=0xffffffc6 fr.pc=0x00007f1ced28500c relative=0x000000000000020c
Event: 86.905 Thread 0x00007f1cce37f360 Uncommon trap: reason=bimorphic_or_optimized_type_check action=maybe_recompile pc=0x00007f1ced28500c method=com.android.tools.r8.internal.dm.a(ILcom/android/tools/r8/internal/v21;Lcom/android/tools/r8/internal/th1;)V @ 174 c2
Event: 86.905 Thread 0x00007f1cce37f360 DEOPT PACKING pc=0x00007f1ced28500c sp=0x00007f1c85be0740
Event: 86.905 Thread 0x00007f1cce37f360 DEOPT UNPACKING pc=0x00007f1cecaa2b19 sp=0x00007f1c85be06e0 mode 2
Event: 86.905 Thread 0x00007f1cce37f360 Uncommon trap: trap_request=0xffffffc6 fr.pc=0x00007f1ced28500c relative=0x000000000000020c
Event: 86.905 Thread 0x00007f1cce37f360 Uncommon trap: reason=bimorphic_or_optimized_type_check action=maybe_recompile pc=0x00007f1ced28500c method=com.android.tools.r8.internal.dm.a(ILcom/android/tools/r8/internal/v21;Lcom/android/tools/r8/internal/th1;)V @ 174 c2
Event: 86.905 Thread 0x00007f1cce37f360 DEOPT PACKING pc=0x00007f1ced28500c sp=0x00007f1c85be0740
Event: 86.905 Thread 0x00007f1cce37f360 DEOPT UNPACKING pc=0x00007f1cecaa2b19 sp=0x00007f1c85be06e0 mode 2
Event: 87.608 Thread 0x00007f1cce37f360 Uncommon trap: trap_request=0xffffff6e fr.pc=0x00007f1ced799074 relative=0x0000000000000974
Event: 87.608 Thread 0x00007f1cce37f360 Uncommon trap: reason=loop_limit_check action=maybe_recompile pc=0x00007f1ced799074 method=com.android.tools.r8.internal.vk1.a()I @ 64 c2
Event: 87.608 Thread 0x00007f1cce37f360 DEOPT PACKING pc=0x00007f1ced799074 sp=0x00007f1c85bdfef0
Event: 87.608 Thread 0x00007f1cce37f360 DEOPT UNPACKING pc=0x00007f1cecaa2b19 sp=0x00007f1c85bdfe00 mode 2
Event: 87.715 Thread 0x00007f1cce37f360 Uncommon trap: trap_request=0xffffff6e fr.pc=0x00007f1ced79c438 relative=0x0000000000000cb8
Event: 87.715 Thread 0x00007f1cce37f360 Uncommon trap: reason=loop_limit_check action=maybe_recompile pc=0x00007f1ced79c438 method=com.android.tools.r8.internal.w0.putAll(Ljava/util/Map;)V @ 31 c2
Event: 87.715 Thread 0x00007f1cce37f360 DEOPT PACKING pc=0x00007f1ced79c438 sp=0x00007f1c85bdff10
Event: 87.715 Thread 0x00007f1cce37f360 DEOPT UNPACKING pc=0x00007f1cecaa2b19 sp=0x00007f1c85bdff00 mode 2
Event: 88.233 Thread 0x00007f1cce37f360 DEOPT PACKING pc=0x00007f1ce6fd18c5 sp=0x00007f1c85be0920
Event: 88.233 Thread 0x00007f1cce37f360 DEOPT UNPACKING pc=0x00007f1cecaa364f sp=0x00007f1c85bdfe08 mode 0
Event: 88.812 Thread 0x00007f1cce37f360 DEOPT PACKING pc=0x00007f1ce6fd18c5 sp=0x00007f1c85be0840
Event: 88.812 Thread 0x00007f1cce37f360 DEOPT UNPACKING pc=0x00007f1cecaa364f sp=0x00007f1c85bdfd28 mode 0

Classes loaded (20 events):
Event: 77.396 Loading class java/util/zip/Adler32
Event: 77.401 Loading class java/util/zip/Adler32 done
Event: 77.406 Loading class java/nio/file/Files$2
Event: 77.406 Loading class java/nio/file/Files$2 done
Event: 77.412 Loading class java/nio/channels/Channels$1
Event: 77.412 Loading class java/nio/channels/Channels$1 done
Event: 77.418 Loading class java/util/zip/Deflater
Event: 77.419 Loading class java/util/zip/Deflater done
Event: 77.419 Loading class java/util/zip/Deflater$DeflaterZStreamRef
Event: 77.426 Loading class java/util/zip/Deflater$DeflaterZStreamRef done
Event: 77.429 Loading class java/util/zip/ZipOutputStream$XEntry
Event: 77.429 Loading class java/util/zip/ZipOutputStream$XEntry done
Event: 77.429 Loading class java/util/Vector$Itr
Event: 77.429 Loading class java/util/Vector$Itr done
Event: 77.538 Loading class java/nio/file/StandardCopyOption
Event: 77.592 Loading class java/nio/file/StandardCopyOption done
Event: 77.592 Loading class sun/nio/fs/UnixCopyFile
Event: 77.593 Loading class sun/nio/fs/UnixCopyFile done
Event: 77.593 Loading class sun/nio/fs/UnixCopyFile$Flags
Event: 77.593 Loading class sun/nio/fs/UnixCopyFile$Flags done

Classes unloaded (0 events):
No events

Classes redefined (0 events):
No events

Internal exceptions (20 events):
Event: 49.129 Thread 0x00007f1cce37f360 Exception <a 'java/lang/NoSuchMethodError'{0x000000008ece3768}: 'int java.lang.invoke.DirectMethodHandle$Holder.invokeInterface(java.lang.Object, java.lang.Object, int)'> (0x000000008ece3768) 
thrown [./src/hotspot/share/interpreter/linkResolver.cpp, line 758]
Event: 49.230 Thread 0x00007f1cce37f360 Exception <a 'java/lang/NoSuchMethodError'{0x000000008ebcd528}: 'java.lang.Object java.lang.invoke.DirectMethodHandle$Holder.newInvokeSpecial(java.lang.Object, int, java.lang.Object, java.lang.Object, java.lang.Object, java.lang.Object)'> (0x000000008ebcd528) 
thrown [./src/hotspot/share/interpreter/linkResolver.cpp, line 758]
Event: 49.400 Thread 0x00007f1cce37f360 Exception <a 'java/lang/NoSuchMethodError'{0x000000008e80a580}: 'void java.lang.invoke.DirectMethodHandle$Holder.invokeStatic(java.lang.Object, int)'> (0x000000008e80a580) 
thrown [./src/hotspot/share/interpreter/linkResolver.cpp, line 758]
Event: 49.617 Thread 0x00007f1cce37f360 Exception <a 'java/lang/NoSuchMethodError'{0x000000008e50c338}: 'int java.lang.invoke.DirectMethodHandle$Holder.invokeSpecial(java.lang.Object, java.lang.Object, java.lang.Object, int, java.lang.Object)'> (0x000000008e50c338) 
thrown [./src/hotspot/share/interpreter/linkResolver.cpp, line 758]
Event: 51.097 Thread 0x00007f1cce37f360 Exception <a 'java/lang/NoSuchMethodError'{0x000000008cb704b0}: 'void java.lang.invoke.DirectMethodHandle$Holder.invokeVirtual(java.lang.Object, java.lang.Object, int)'> (0x000000008cb704b0) 
thrown [./src/hotspot/share/interpreter/linkResolver.cpp, line 758]
Event: 51.806 Thread 0x00007f1cce37f360 Exception <a 'java/lang/NoSuchMethodError'{0x000000008c2e8638}: 'void java.lang.invoke.DirectMethodHandle$Holder.invokeSpecialIFC(java.lang.Object, java.lang.Object, java.lang.Object, java.lang.Object)'> (0x000000008c2e8638) 
thrown [./src/hotspot/share/interpreter/linkResolver.cpp, line 758]
Event: 59.835 Thread 0x00007f1cce37f360 Exception <a 'java/lang/NoSuchMethodError'{0x000000008c1e77f0}: 'java.lang.Object java.lang.invoke.DirectMethodHandle$Holder.invokeInterface(java.lang.Object, java.lang.Object, int)'> (0x000000008c1e77f0) 
thrown [./src/hotspot/share/interpreter/linkResolver.cpp, line 758]
Event: 70.899 Thread 0x00007f1cce37f360 Implicit null exception at 0x00007f1ced5e04cf to 0x00007f1ced5e05f0
Event: 71.309 Thread 0x00007f1cce37f360 Exception <a 'java/lang/NoSuchMethodError'{0x00000000912b9bd8}: 'java.lang.Object java.lang.invoke.DirectMethodHandle$Holder.newInvokeSpecial(java.lang.Object, int, java.lang.Object, java.lang.Object, java.lang.Object)'> (0x00000000912b9bd8) 
thrown [./src/hotspot/share/interpreter/linkResolver.cpp, line 758]
Event: 71.309 Thread 0x00007f1cce37f360 Exception <a 'java/lang/NoSuchMethodError'{0x00000000912bf310}: 'java.lang.Object java.lang.invoke.DirectMethodHandle$Holder.invokeSpecial(java.lang.Object, java.lang.Object, int, java.lang.Object, java.lang.Object, java.lang.Object)'> (0x00000000912bf310) 
thrown [./src/hotspot/share/interpreter/linkResolver.cpp, line 758]
Event: 71.309 Thread 0x00007f1cce37f360 Exception <a 'java/lang/NoSuchMethodError'{0x00000000912c42f0}: 'java.lang.Object java.lang.invoke.Invokers$Holder.linkToTargetMethod(int, java.lang.Object, java.lang.Object, java.lang.Object, java.lang.Object)'> (0x00000000912c42f0) 
thrown [./src/hotspot/share/interpreter/linkResolver.cpp, line 758]
Event: 71.313 Thread 0x00007f1cce37f360 Exception <a 'java/lang/NoSuchMethodError'{0x00000000912ee050}: 'void java.lang.invoke.DirectMethodHandle$Holder.invokeSpecial(java.lang.Object, java.lang.Object, java.lang.Object, int, java.lang.Object, java.lang.Object, java.lang.Object, java.lang.Object)'> (0x00000000912ee050) 
thrown [./src/hotspot/share/interpreter/linkResolver.cpp, line 758]
Event: 71.539 Thread 0x00007f1cce37f360 Exception <a 'java/lang/NoSuchMethodError'{0x0000000090f350b0}: 'void java.lang.invoke.DirectMethodHandle$Holder.invokeStatic(java.lang.Object, java.lang.Object, java.lang.Object, java.lang.Object, java.lang.Object, java.lang.Object, java.lang.Object, java.lang.Object)'> (0x0000000090f350b0) 
thrown [./src/hotspot/share/interpreter/linkResolver.cpp, line 758]
Event: 72.531 Thread 0x00007f1cce37f360 Exception <a 'java/lang/ClassCastException'{0x0000000090170d58}: class kotlin.reflect.jvm.internal.ReflectionFactoryImpl cannot be cast to class com.android.tools.r8.internal.en3 (kotlin.reflect.jvm.internal.ReflectionFactoryImpl is in unnamed module of loader org.gradle.internal.classloader.VisitableURLClassLoader @64b8f8f4; com.android.tools.r8.internal.en3 is in unnamed module of loader org.gradle.internal.classloader.VisitableURLClassLoader$InstrumentingVisitableURLClassLoader @16dacd1)> (0x00000000901
Event: 76.415 Thread 0x00007f1cce37f360 Exception <a 'java/lang/IncompatibleClassChangeError'{0x000000008adc4620}: Found class java.lang.Object, but interface was expected> (0x000000008adc4620) 
thrown [./src/hotspot/share/interpreter/linkResolver.cpp, line 826]
Event: 77.120 Thread 0x00007f1cce37f360 Exception <a 'java/lang/NoSuchMethodError'{0x00000000923b31c0}: 'void java.lang.invoke.DirectMethodHandle$Holder.invokeSpecial(java.lang.Object, java.lang.Object, int)'> (0x00000000923b31c0) 
thrown [./src/hotspot/share/interpreter/linkResolver.cpp, line 758]
Event: 77.407 Thread 0x00007f1cce37f360 Exception <a 'sun/nio/fs/UnixException'{0x00000000921cd180}> (0x00000000921cd180) 
thrown [./src/hotspot/share/prims/jni.cpp, line 516]
Event: 77.429 Thread 0x00007f1cce37f360 Exception <a 'sun/nio/fs/UnixException'{0x00000000920402a0}> (0x00000000920402a0) 
thrown [./src/hotspot/share/prims/jni.cpp, line 516]
Event: 77.595 Thread 0x00007f1cce37f360 Exception <a 'sun/nio/fs/UnixException'{0x0000000091fbfc68}> (0x0000000091fbfc68) 
thrown [./src/hotspot/share/prims/jni.cpp, line 516]
Event: 77.615 Thread 0x00007f1cce37f360 Exception <a 'sun/nio/fs/UnixException'{0x0000000091fff0e8}> (0x0000000091fff0e8) 
thrown [./src/hotspot/share/prims/jni.cpp, line 516]

VM Operations (20 events):
Event: 84.214 Executing VM operation: G1CollectForAllocation done
Event: 85.214 Executing VM operation: Cleanup
Event: 85.214 Executing VM operation: Cleanup done
Event: 85.298 Executing VM operation: G1CollectForAllocation
Event: 85.411 Executing VM operation: G1CollectForAllocation done
Event: 86.411 Executing VM operation: Cleanup
Event: 86.419 Executing VM operation: Cleanup done
Event: 87.036 Executing VM operation: G1PauseRemark
Event: 87.137 Executing VM operation: G1PauseRemark done
Event: 87.598 Executing VM operation: HandshakeAllThreads
Event: 87.599 Executing VM operation: HandshakeAllThreads done
Event: 87.831 Executing VM operation: G1PauseCleanup
Event: 87.832 Executing VM operation: G1PauseCleanup done
Event: 88.026 Executing VM operation: G1CollectForAllocation
Event: 88.215 Executing VM operation: G1CollectForAllocation done
Event: 88.219 Executing VM operation: HandshakeAllThreads
Event: 88.219 Executing VM operation: HandshakeAllThreads done
Event: 88.712 Executing VM operation: HandshakeAllThreads
Event: 88.716 Executing VM operation: HandshakeAllThreads done
Event: 88.898 Executing VM operation: G1CollectForAllocation

Memory protections (20 events):
Event: 34.095 Protecting memory [0x00007f1c851e3000,0x00007f1c851e7000] with protection modes 0
Event: 34.125 Protecting memory [0x00007f1c850e2000,0x00007f1c850e6000] with protection modes 0
Event: 34.531 Protecting memory [0x00007f1c84fe1000,0x00007f1c84fe5000] with protection modes 0
Event: 34.907 Protecting memory [0x00007f1c84ee0000,0x00007f1c84ee4000] with protection modes 0
Event: 35.341 Protecting memory [0x00007f1c84ddf000,0x00007f1c84de3000] with protection modes 0
Event: 35.710 Protecting memory [0x00007f1c84cde000,0x00007f1c84ce2000] with protection modes 0
Event: 36.099 Protecting memory [0x00007f1c84bdd000,0x00007f1c84be1000] with protection modes 0
Event: 36.416 Protecting memory [0x00007f1c84adc000,0x00007f1c84ae0000] with protection modes 0
Event: 36.513 Protecting memory [0x00007f1c849db000,0x00007f1c849df000] with protection modes 0
Event: 36.892 Protecting memory [0x00007f1c848da000,0x00007f1c848de000] with protection modes 0
Event: 37.403 Protecting memory [0x00007f1c847d9000,0x00007f1c847dd000] with protection modes 0
Event: 37.647 Protecting memory [0x00007f1ce00d9000,0x00007f1ce00dd000] with protection modes 0
Event: 37.711 Protecting memory [0x00007f1c846d8000,0x00007f1c846dc000] with protection modes 0
Event: 38.999 Protecting memory [0x00007f1c845d7000,0x00007f1c845db000] with protection modes 0
Event: 39.889 Protecting memory [0x00007f1c846d8000,0x00007f1c846dc000] with protection modes 0
Event: 39.898 Protecting memory [0x00007f1c844d6000,0x00007f1c844da000] with protection modes 0
Event: 39.901 Protecting memory [0x00007f1c843d5000,0x00007f1c843d9000] with protection modes 0
Event: 40.118 Protecting memory [0x00007f1c841d3000,0x00007f1c841d7000] with protection modes 0
Event: 40.119 Protecting memory [0x00007f1c842d4000,0x00007f1c842d8000] with protection modes 0
Event: 40.489 Protecting memory [0x00007f1c840d2000,0x00007f1c840d6000] with protection modes 0

Nmethod flushes (20 events):
Event: 88.895 Thread 0x00007f1cfc0e6770 flushing  nmethod 0x00007f1ce76cf910
Event: 88.895 Thread 0x00007f1cfc0e6770 flushing  nmethod 0x00007f1ce76d1010
Event: 88.895 Thread 0x00007f1cfc0e6770 flushing  nmethod 0x00007f1ce76d1910
Event: 88.895 Thread 0x00007f1cfc0e6770 flushing  nmethod 0x00007f1ce76d2010
Event: 88.895 Thread 0x00007f1cfc0e6770 flushing  nmethod 0x00007f1ce76d2710
Event: 88.895 Thread 0x00007f1cfc0e6770 flushing  nmethod 0x00007f1ce76d3c10
Event: 88.895 Thread 0x00007f1cfc0e6770 flushing  nmethod 0x00007f1ce76d4690
Event: 88.895 Thread 0x00007f1cfc0e6770 flushing  nmethod 0x00007f1ce76d5010
Event: 88.895 Thread 0x00007f1cfc0e6770 flushing  nmethod 0x00007f1ce76ddf10
Event: 88.895 Thread 0x00007f1cfc0e6770 flushing  nmethod 0x00007f1ce76de790
Event: 88.895 Thread 0x00007f1cfc0e6770 flushing  nmethod 0x00007f1ce76e9490
Event: 88.895 Thread 0x00007f1cfc0e6770 flushing  nmethod 0x00007f1ce7706210
Event: 88.895 Thread 0x00007f1cfc0e6770 flushing  nmethod 0x00007f1ce770b090
Event: 88.895 Thread 0x00007f1cfc0e6770 flushing  nmethod 0x00007f1ce7717f10
Event: 88.895 Thread 0x00007f1cfc0e6770 flushing  nmethod 0x00007f1ce7730f10
Event: 88.895 Thread 0x00007f1cfc0e6770 flushing  nmethod 0x00007f1ce7733f90
Event: 88.895 Thread 0x00007f1cfc0e6770 flushing osr nmethod 0x00007f1ce7788a90
Event: 88.895 Thread 0x00007f1cfc0e6770 flushing  nmethod 0x00007f1ce77a4e10
Event: 88.895 Thread 0x00007f1cfc0e6770 flushing  nmethod 0x00007f1ce77b1890
Event: 88.896 Thread 0x00007f1cfc0e6770 flushing  nmethod 0x00007f1ce77ba310

Events (20 events):
Event: 34.125 Thread 0x00007f1cce37f360 Thread added: 0x00007f1cdc04efd0
Event: 34.526 Thread 0x00007f1cce37f360 Thread added: 0x00007f1cdc06f3f0
Event: 34.907 Thread 0x00007f1cce37f360 Thread added: 0x00007f1cdc071f10
Event: 35.336 Thread 0x00007f1cce37f360 Thread added: 0x00007f1cdc07a120
Event: 35.709 Thread 0x00007f1cce37f360 Thread added: 0x00007f1cdc071090
Event: 36.099 Thread 0x00007f1cce37f360 Thread added: 0x00007f1cdc07c1b0
Event: 36.416 Thread 0x00007f1cce37f360 Thread added: 0x00007f1cdc081460
Event: 36.513 Thread 0x00007f1cce37f360 Thread added: 0x00007f1cdc088120
Event: 36.892 Thread 0x00007f1cce37f360 Thread added: 0x00007f1cdc08c1a0
Event: 37.400 Thread 0x00007f1cce37f360 Thread added: 0x00007f1cdc08b2d0
Event: 37.646 Thread 0x00007f1cfd65b150 Thread added: 0x00007f1c7c47e770
Event: 37.710 Thread 0x00007f1cfd65b150 Thread added: 0x00007f1c7c4825c0
Event: 38.933 Thread 0x00007f1cce37f360 Thread added: 0x00007f1cdc084d10
Event: 39.589 Thread 0x00007f1c7c4825c0 Thread exited: 0x00007f1c7c4825c0
Event: 39.835 Thread 0x00007f1cfd65b150 Thread added: 0x00007f1c7c490cc0
Event: 39.896 Thread 0x00007f1cfd65b150 Thread added: 0x00007f1c7c496750
Event: 39.900 Thread 0x00007f1cfd65b150 Thread added: 0x00007f1c7c498a60
Event: 40.117 Thread 0x00007f1cfd65b150 Thread added: 0x00007f1c7c4b0af0
Event: 40.118 Thread 0x00007f1cfd65b150 Thread added: 0x00007f1c7c4b3a80
Event: 40.489 Thread 0x00007f1c7c4b0af0 Thread added: 0x00007f1c78019590


Dynamic libraries:
80000000-a7000000 rw-p 00000000 00:00 0 
ca900000-ffe00000 ---p 00000000 00:00 0 
ffe00000-ffe75000 rw-p 00c7a000 00:25 13853                              /usr/lib/jvm/java-17-openjdk-amd64/lib/server/classes.jsa
ffe75000-fff00000 rw-p 00000000 00:00 0 
fff00000-fff78000 rw-p 00c02000 00:25 13853                              /usr/lib/jvm/java-17-openjdk-amd64/lib/server/classes.jsa
fff78000-100000000 rw-p 00000000 00:00 0 
56502fabb000-56502fabc000 r--p 00000000 00:25 13495                      /usr/lib/jvm/java-17-openjdk-amd64/bin/java
56502fabc000-56502fabd000 r-xp 00001000 00:25 13495                      /usr/lib/jvm/java-17-openjdk-amd64/bin/java
56502fabd000-56502fabe000 r--p 00002000 00:25 13495                      /usr/lib/jvm/java-17-openjdk-amd64/bin/java
56502fabe000-56502fabf000 r--p 00002000 00:25 13495                      /usr/lib/jvm/java-17-openjdk-amd64/bin/java
56502fabf000-56502fac0000 rw-p 00003000 00:25 13495                      /usr/lib/jvm/java-17-openjdk-amd64/bin/java
565030b8c000-565030c0f000 rw-p 00000000 00:00 0                          [heap]
7f1c5c000000-7f1c5c1c0000 rw-p 00000000 00:00 0 
7f1c5c1c0000-7f1c5c200000 rw-p 00000000 00:00 0 
7f1c5c200000-7f1c5c580000 rw-p 00000000 00:00 0 
7f1c5c580000-7f1c5c600000 rw-p 00000000 00:00 0 
7f1c5c600000-7f1c5c780000 rw-p 00000000 00:00 0 
7f1c5c780000-7f1c5c800000 rw-p 00000000 00:00 0 
7f1c5c800000-7f1c5cbc0000 rw-p 00000000 00:00 0 
7f1c5cbc0000-7f1c5cc00000 rw-p 00000000 00:00 0 
7f1c5cc00000-7f1c5d700000 rw-p 00000000 00:00 0 
7f1c5d700000-7f1c5d800000 rw-p 00000000 00:00 0 
7f1c5d800000-7f1c5ea90000 rw-p 00000000 00:00 0 
7f1c5ea90000-7f1c5eb00000 ---p 00000000 00:00 0 
7f1c5eb00000-7f1c5eb10000 rw-p 00000000 00:00 0 
7f1c5eb10000-7f1c60000000 ---p 00000000 00:00 0 
7f1c60000000-7f1c61265000 rw-p 00000000 00:00 0 
7f1c61265000-7f1c64000000 ---p 00000000 00:00 0 
7f1c64000000-7f1c6407c000 rw-p 00000000 00:00 0 
7f1c6407c000-7f1c68000000 ---p 00000000 00:00 0 
7f1c68000000-7f1c68021000 rw-p 00000000 00:00 0 
7f1c68021000-7f1c6c000000 ---p 00000000 00:00 0 
7f1c6c000000-7f1c6e3a1000 rw-p 00000000 00:00 0 
7f1c6e3a1000-7f1c70000000 ---p 00000000 00:00 0 
7f1c70000000-7f1c70060000 rw-p 00000000 00:00 0 
7f1c70060000-7f1c74000000 ---p 00000000 00:00 0 
7f1c74000000-7f1c74021000 rw-p 00000000 00:00 0 
7f1c74021000-7f1c78000000 ---p 00000000 00:00 0 
7f1c78000000-7f1c7802f000 rw-p 00000000 00:00 0 
7f1c7802f000-7f1c7c000000 ---p 00000000 00:00 0 
7f1c7c000000-7f1c7c4c2000 rw-p 00000000 00:00 0 
7f1c7c4c2000-7f1c80000000 ---p 00000000 00:00 0 
7f1c80000000-7f1c805a9000 rw-p 00000000 00:00 0 
7f1c805a9000-7f1c84000000 ---p 00000000 00:00 0 
7f1c840d1000-7f1c840d2000 ---p 00000000 00:00 0 
7f1c840d2000-7f1c840d6000 ---p 00000000 00:00 0 
7f1c840d6000-7f1c841d2000 rw-p 00000000 00:00 0 
7f1c841d2000-7f1c841d3000 ---p 00000000 00:00 0 
7f1c841d3000-7f1c841d7000 ---p 00000000 00:00 0 
7f1c841d7000-7f1c842d3000 rw-p 00000000 00:00 0 
7f1c842d3000-7f1c842d4000 ---p 00000000 00:00 0 
7f1c842d4000-7f1c842d8000 ---p 00000000 00:00 0 
7f1c842d8000-7f1c843d4000 rw-p 00000000 00:00 0 
7f1c843d4000-7f1c843d5000 ---p 00000000 00:00 0 
7f1c843d5000-7f1c843d9000 ---p 00000000 00:00 0 
7f1c843d9000-7f1c844d5000 rw-p 00000000 00:00 0 
7f1c844d5000-7f1c844d6000 ---p 00000000 00:00 0 
7f1c844d6000-7f1c844da000 ---p 00000000 00:00 0 
7f1c844da000-7f1c845d6000 rw-p 00000000 00:00 0 
7f1c845d6000-7f1c845d7000 ---p 00000000 00:00 0 
7f1c845d7000-7f1c845db000 ---p 00000000 00:00 0 
7f1c845db000-7f1c846d7000 rw-p 00000000 00:00 0 
7f1c846d7000-7f1c846d8000 ---p 00000000 00:00 0 
7f1c846d8000-7f1c846dc000 ---p 00000000 00:00 0 
7f1c846dc000-7f1c847d8000 rw-p 00000000 00:00 0 
7f1c847d8000-7f1c847d9000 ---p 00000000 00:00 0 
7f1c847d9000-7f1c847dd000 ---p 00000000 00:00 0 
7f1c847dd000-7f1c848d9000 rw-p 00000000 00:00 0 
7f1c848d9000-7f1c848da000 ---p 00000000 00:00 0 
7f1c848da000-7f1c848de000 ---p 00000000 00:00 0 
7f1c848de000-7f1c849da000 rw-p 00000000 00:00 0 
7f1c849da000-7f1c849db000 ---p 00000000 00:00 0 
7f1c849db000-7f1c849df000 ---p 00000000 00:00 0 
7f1c849df000-7f1c84adb000 rw-p 00000000 00:00 0 
7f1c84adb000-7f1c84adc000 ---p 00000000 00:00 0 
7f1c84adc000-7f1c84ae0000 ---p 00000000 00:00 0 
7f1c84ae0000-7f1c84bdc000 rw-p 00000000 00:00 0 
7f1c84bdc000-7f1c84bdd000 ---p 00000000 00:00 0 
7f1c84bdd000-7f1c84be1000 ---p 00000000 00:00 0 
7f1c84be1000-7f1c84cdd000 rw-p 00000000 00:00 0 
7f1c84cdd000-7f1c84cde000 ---p 00000000 00:00 0 
7f1c84cde000-7f1c84ce2000 ---p 00000000 00:00 0 
7f1c84ce2000-7f1c84dde000 rw-p 00000000 00:00 0 
7f1c84dde000-7f1c84ddf000 ---p 00000000 00:00 0 
7f1c84ddf000-7f1c84de3000 ---p 00000000 00:00 0 
7f1c84de3000-7f1c84edf000 rw-p 00000000 00:00 0 
7f1c84edf000-7f1c84ee0000 ---p 00000000 00:00 0 
7f1c84ee0000-7f1c84ee4000 ---p 00000000 00:00 0 
7f1c84ee4000-7f1c84fe0000 rw-p 00000000 00:00 0 
7f1c84fe0000-7f1c84fe1000 ---p 00000000 00:00 0 
7f1c84fe1000-7f1c84fe5000 ---p 00000000 00:00 0 
7f1c84fe5000-7f1c850e1000 rw-p 00000000 00:00 0 
7f1c850e1000-7f1c850e2000 ---p 00000000 00:00 0 
7f1c850e2000-7f1c850e6000 ---p 00000000 00:00 0 
7f1c850e6000-7f1c851e2000 rw-p 00000000 00:00 0 
7f1c851e2000-7f1c851e3000 ---p 00000000 00:00 0 
7f1c851e3000-7f1c851e7000 ---p 00000000 00:00 0 
7f1c851e7000-7f1c852e3000 rw-p 00000000 00:00 0 
7f1c852e3000-7f1c852e4000 ---p 00000000 00:00 0 
7f1c852e4000-7f1c852e8000 ---p 00000000 00:00 0 
7f1c852e8000-7f1c853e4000 rw-p 00000000 00:00 0 
7f1c853e4000-7f1c853e5000 ---p 00000000 00:00 0 
7f1c853e5000-7f1c853e9000 ---p 00000000 00:00 0 
7f1c853e9000-7f1c854e5000 rw-p 00000000 00:00 0 
7f1c854e5000-7f1c854e6000 ---p 00000000 00:00 0 
7f1c854e6000-7f1c854ea000 ---p 00000000 00:00 0 
7f1c854ea000-7f1c855e6000 rw-p 00000000 00:00 0 
7f1c855e6000-7f1c855e7000 ---p 00000000 00:00 0 
7f1c855e7000-7f1c855eb000 ---p 00000000 00:00 0 
7f1c855eb000-7f1c856e7000 rw-p 00000000 00:00 0 
7f1c856e7000-7f1c856e8000 ---p 00000000 00:00 0 
7f1c856e8000-7f1c856ec000 ---p 00000000 00:00 0 
7f1c856ec000-7f1c857e8000 rw-p 00000000 00:00 0 
7f1c857e8000-7f1c857e9000 ---p 00000000 00:00 0 
7f1c857e9000-7f1c857ed000 ---p 00000000 00:00 0 
7f1c857ed000-7f1c858e9000 rw-p 00000000 00:00 0 
7f1c858e9000-7f1c858ea000 ---p 00000000 00:00 0 
7f1c858ea000-7f1c858ee000 ---p 00000000 00:00 0 
7f1c858ee000-7f1c859ea000 rw-p 00000000 00:00 0 
7f1c859ea000-7f1c859eb000 ---p 00000000 00:00 0 
7f1c859eb000-7f1c859ef000 ---p 00000000 00:00 0 
7f1c859ef000-7f1c85aeb000 rw-p 00000000 00:00 0 
7f1c85aeb000-7f1c85aec000 ---p 00000000 00:00 0 
7f1c85aec000-7f1c85af0000 ---p 00000000 00:00 0 
7f1c85af0000-7f1c85bec000 rw-p 00000000 00:00 0 
7f1c85bec000-7f1c85bed000 ---p 00000000 00:00 0 
7f1c85bed000-7f1c85bf1000 ---p 00000000 00:00 0 
7f1c85bf1000-7f1c85ced000 rw-p 00000000 00:00 0 
7f1c85ced000-7f1c85cee000 ---p 00000000 00:00 0 
7f1c85cee000-7f1c85cf2000 ---p 00000000 00:00 0 
7f1c85cf2000-7f1c85dee000 rw-p 00000000 00:00 0 
7f1c85dee000-7f1c85def000 ---p 00000000 00:00 0 
7f1c85def000-7f1c85df3000 ---p 00000000 00:00 0 
7f1c85df3000-7f1c85eef000 rw-p 00000000 00:00 0 
7f1c85eef000-7f1c85ef0000 ---p 00000000 00:00 0 
7f1c85ef0000-7f1c85ef4000 ---p 00000000 00:00 0 
7f1c85ef4000-7f1c85ff0000 rw-p 00000000 00:00 0 
7f1c85ff0000-7f1c85ff1000 ---p 00000000 00:00 0 
7f1c85ff1000-7f1c85ff5000 ---p 00000000 00:00 0 
7f1c85ff5000-7f1c860f1000 rw-p 00000000 00:00 0 
7f1c860f1000-7f1c860f2000 ---p 00000000 00:00 0 
7f1c860f2000-7f1c860f6000 ---p 00000000 00:00 0 
7f1c860f6000-7f1c861f2000 rw-p 00000000 00:00 0 
7f1c861f2000-7f1c861f3000 ---p 00000000 00:00 0 
7f1c861f3000-7f1c861f7000 ---p 00000000 00:00 0 
7f1c861f7000-7f1c862f3000 rw-p 00000000 00:00 0 
7f1c862f3000-7f1c862f4000 ---p 00000000 00:00 0 
7f1c862f4000-7f1c862f8000 ---p 00000000 00:00 0 
7f1c862f8000-7f1c863f4000 rw-p 00000000 00:00 0 
7f1c863f4000-7f1c863f5000 ---p 00000000 00:00 0 
7f1c863f5000-7f1c863f9000 ---p 00000000 00:00 0 
7f1c863f9000-7f1c864f5000 rw-p 00000000 00:00 0 
7f1c864f5000-7f1c864f6000 ---p 00000000 00:00 0 
7f1c864f6000-7f1c864fa000 ---p 00000000 00:00 0 
7f1c864fa000-7f1c865f6000 rw-p 00000000 00:00 0 
7f1c865f6000-7f1c865f7000 ---p 00000000 00:00 0 
7f1c865f7000-7f1c865fb000 ---p 00000000 00:00 0 
7f1c865fb000-7f1c866f7000 rw-p 00000000 00:00 0 
7f1c866f7000-7f1c866f8000 ---p 00000000 00:00 0 
7f1c866f8000-7f1c866fc000 ---p 00000000 00:00 0 
7f1c866fc000-7f1c867f8000 rw-p 00000000 00:00 0 
7f1c867f8000-7f1c867f9000 ---p 00000000 00:00 0 
7f1c867f9000-7f1c867fd000 ---p 00000000 00:00 0 
7f1c867fd000-7f1c868f9000 rw-p 00000000 00:00 0 
7f1c868f9000-7f1c868fa000 ---p 00000000 00:00 0 
7f1c868fa000-7f1c868fe000 ---p 00000000 00:00 0 
7f1c868fe000-7f1c869fa000 rw-p 00000000 00:00 0 
7f1c869fa000-7f1c869fb000 ---p 00000000 00:00 0 
7f1c869fb000-7f1c869ff000 ---p 00000000 00:00 0 
7f1c869ff000-7f1c86afb000 rw-p 00000000 00:00 0 
7f1c86afb000-7f1c86afc000 ---p 00000000 00:00 0 
7f1c86afc000-7f1c86b00000 ---p 00000000 00:00 0 
7f1c86b00000-7f1c86bfc000 rw-p 00000000 00:00 0 
7f1c86bfc000-7f1c86bfd000 ---p 00000000 00:00 0 
7f1c86bfd000-7f1c86c01000 ---p 00000000 00:00 0 
7f1c86c01000-7f1c86cfd000 rw-p 00000000 00:00 0 
7f1c86cfd000-7f1c86cfe000 ---p 00000000 00:00 0 
7f1c86cfe000-7f1c86d02000 ---p 00000000 00:00 0 
7f1c86d02000-7f1c86dfe000 rw-p 00000000 00:00 0 
7f1c86dfe000-7f1c86dff000 ---p 00000000 00:00 0 
7f1c86dff000-7f1c86e03000 ---p 00000000 00:00 0 
7f1c86e03000-7f1c86eff000 rw-p 00000000 00:00 0 
7f1c86eff000-7f1c86f00000 ---p 00000000 00:00 0 
7f1c86f00000-7f1c86f04000 ---p 00000000 00:00 0 
7f1c86f04000-7f1c87400000 rw-p 00000000 00:00 0 
7f1c87400000-7f1c87900000 rw-p 00000000 00:00 0 
7f1c87900000-7f1c87a00000 rw-p 00000000 00:00 0 
7f1c87a00000-7f1c88400000 rw-p 00000000 00:00 0 
7f1c88400000-7f1c88700000 rw-p 00000000 00:00 0 
7f1c88700000-7f1c88800000 rw-p 00000000 00:00 0 
7f1c88800000-7f1c89100000 rw-p 00000000 00:00 0 
7f1c89100000-7f1c89200000 rw-p 00000000 00:00 0 
7f1c89200000-7f1c89f80000 rw-p 00000000 00:00 0 
7f1c89f80000-7f1c8a000000 rw-p 00000000 00:00 0 
7f1c8a000000-7f1c8a1e0000 rw-p 00000000 00:00 0 
7f1c8a1e0000-7f1c8a300000 rw-p 00000000 00:00 0 
7f1c8a300000-7f1c8a540000 rw-p 00000000 00:00 0 
7f1c8a540000-7f1c8a580000 rw-p 00000000 00:00 0 
7f1c8a580000-7f1c8b000000 rw-p 00000000 00:00 0 
7f1c8b000000-7f1c8b455000 rw-p 00001000 00:25 13853                      /usr/lib/jvm/java-17-openjdk-amd64/lib/server/classes.jsa
7f1c8b455000-7f1c8bbca000 rw-p 00456000 00:25 13853                      /usr/lib/jvm/java-17-openjdk-amd64/lib/server/classes.jsa
7f1c8bbca000-7f1c8c000000 ---p 00000000 00:00 0 
7f1c8c000000-7f1c8c040000 rw-p 00000000 00:00 0 
7f1c8c040000-7f1c8c080000 rw-p 00000000 00:00 0 
7f1c8c080000-7f1c8c140000 rw-p 00000000 00:00 0 
7f1c8c140000-7f1c8c180000 rw-p 00000000 00:00 0 
7f1c8c180000-7f1c8c460000 rw-p 00000000 00:00 0 
7f1c8c460000-7f1c8c480000 rw-p 00000000 00:00 0 
7f1c8c480000-7f1c8cc30000 rw-p 00000000 00:00 0 
7f1c8cc30000-7f1c8cc40000 ---p 00000000 00:00 0 
7f1c8cc40000-7f1c8d170000 rw-p 00000000 00:00 0 
7f1c8d170000-7f1ccc000000 ---p 00000000 00:00 0 
7f1ccc000000-7f1cce38d000 rw-p 00000000 00:00 0 
7f1cce38d000-7f1cd0000000 ---p 00000000 00:00 0 
7f1cd0000000-7f1cd0026000 rw-p 00000000 00:00 0 
7f1cd0026000-7f1cd4000000 ---p 00000000 00:00 0 
7f1cd4000000-7f1cd4032000 rw-p 00000000 00:00 0 
7f1cd4032000-7f1cd8000000 ---p 00000000 00:00 0 
7f1cd8000000-7f1cd8079000 rw-p 00000000 00:00 0 
7f1cd8079000-7f1cdc000000 ---p 00000000 00:00 0 
7f1cdc000000-7f1cdc55f000 rw-p 00000000 00:00 0 
7f1cdc55f000-7f1ce0000000 ---p 00000000 00:00 0 
7f1ce00d8000-7f1ce00d9000 ---p 00000000 00:00 0 
7f1ce00d9000-7f1ce00dd000 ---p 00000000 00:00 0 
7f1ce00dd000-7f1ce00fb000 rw-p 00000000 00:00 0 
7f1ce00fb000-7f1ce00fc000 ---p 00000000 00:00 0 
7f1ce00fc000-7f1ce0100000 ---p 00000000 00:00 0 
7f1ce0100000-7f1ce01fc000 rw-p 00000000 00:00 0 
7f1ce01fc000-7f1ce01fd000 ---p 00000000 00:00 0 
7f1ce01fd000-7f1ce0201000 ---p 00000000 00:00 0 
7f1ce0201000-7f1ce02fd000 rw-p 00000000 00:00 0 
7f1ce02fd000-7f1ce02fe000 ---p 00000000 00:00 0 
7f1ce02fe000-7f1ce0302000 ---p 00000000 00:00 0 
7f1ce0302000-7f1ce03fe000 rw-p 00000000 00:00 0 
7f1ce03fe000-7f1ce03ff000 ---p 00000000 00:00 0 
7f1ce03ff000-7f1ce0403000 ---p 00000000 00:00 0 
7f1ce0403000-7f1ce04ff000 rw-p 00000000 00:00 0 
7f1ce04ff000-7f1ce0500000 ---p 00000000 00:00 0 
7f1ce0500000-7f1ce0504000 ---p 00000000 00:00 0 
7f1ce0504000-7f1ce0600000 rw-p 00000000 00:00 0 
7f1ce0600000-7f1ce0605000 r-xp 00000000 fe:00 393979                     /root/.gradle/native/660c5614fbf4a5f2a75b1949f50a0caf5cd603558e7d8a26e50b933a0cfb79d1/linux-amd64/libnative-platform.so
7f1ce0605000-7f1ce0805000 ---p 00005000 fe:00 393979                     /root/.gradle/native/660c5614fbf4a5f2a75b1949f50a0caf5cd603558e7d8a26e50b933a0cfb79d1/linux-amd64/libnative-platform.so
7f1ce0805000-7f1ce0806000 r--p 00005000 fe:00 393979                     /root/.gradle/native/660c5614fbf4a5f2a75b1949f50a0caf5cd603558e7d8a26e50b933a0cfb79d1/linux-amd64/libnative-platform.so
7f1ce0806000-7f1ce0807000 rw-p 00006000 fe:00 393979                     /root/.gradle/native/660c5614fbf4a5f2a75b1949f50a0caf5cd603558e7d8a26e50b933a0cfb79d1/linux-amd64/libnative-platform.so
7f1ce081e000-7f1ce081f000 ---p 00000000 00:00 0 
7f1ce081f000-7f1ce091f000 rw-p 00000000 00:00 0 
7f1ce091f000-7f1ce095b000 r--p 00000000 fe:00 394006                     /root/.gradle/native/0.2.8/x86_64-linux-gnu/libgradle-fileevents.so
7f1ce095b000-7f1ce09a3000 r-xp 0003b000 fe:00 394006                     /root/.gradle/native/0.2.8/x86_64-linux-gnu/libgradle-fileevents.so
7f1ce09a3000-7f1ce09ac000 r--p 00082000 fe:00 394006                     /root/.gradle/native/0.2.8/x86_64-linux-gnu/libgradle-fileevents.so
7f1ce09ac000-7f1ce09ad000 rw-p 0008a000 fe:00 394006                     /root/.gradle/native/0.2.8/x86_64-linux-gnu/libgradle-fileevents.so
7f1ce09ad000-7f1ce09af000 rw-p 00000000 00:00 0 
7f1ce09af000-7f1ce09b0000 ---p 00000000 00:00 0 
7f1ce09b0000-7f1ce0ab0000 rw-p 00000000 00:00 0 
7f1ce0ab0000-7f1ce0ab1000 ---p 00000000 00:00 0 
7f1ce0ab1000-7f1ce0bb1000 rw-p 00000000 00:00 0 
7f1ce0bb1000-7f1ce0bb2000 ---p 00000000 00:00 0 
7f1ce0bb2000-7f1ce0bb6000 ---p 00000000 00:00 0 
7f1ce0bb6000-7f1ce0cb2000 rw-p 00000000 00:00 0 
7f1ce0cb2000-7f1ce0cb3000 ---p 00000000 00:00 0 
7f1ce0cb3000-7f1ce0cb7000 ---p 00000000 00:00 0 
7f1ce0cb7000-7f1ce0db3000 rw-p 00000000 00:00 0 
7f1ce0db3000-7f1ce0db4000 ---p 00000000 00:00 0 
7f1ce0db4000-7f1ce0db8000 ---p 00000000 00:00 0 
7f1ce0db8000-7f1ce0eb4000 rw-p 00000000 00:00 0 
7f1ce0eb4000-7f1ce0eb5000 ---p 00000000 00:00 0 
7f1ce0eb5000-7f1ce0eb9000 ---p 00000000 00:00 0 
7f1ce0eb9000-7f1ce0fb5000 rw-p 00000000 00:00 0 
7f1ce0fb5000-7f1ce0fb6000 ---p 00000000 00:00 0 
7f1ce0fb6000-7f1ce0fba000 ---p 00000000 00:00 0 
7f1ce0fba000-7f1ce10b6000 rw-p 00000000 00:00 0 
7f1ce10b6000-7f1ce10b7000 ---p 00000000 00:00 0 
7f1ce10b7000-7f1ce10bb000 ---p 00000000 00:00 0 
7f1ce10bb000-7f1ce11b7000 rw-p 00000000 00:00 0 
7f1ce11b7000-7f1ce11b8000 ---p 00000000 00:00 0 
7f1ce11b8000-7f1ce11bc000 ---p 00000000 00:00 0 
7f1ce11bc000-7f1ce12b8000 rw-p 00000000 00:00 0 
7f1ce12b8000-7f1ce12b9000 ---p 00000000 00:00 0 
7f1ce12b9000-7f1ce12bd000 ---p 00000000 00:00 0 
7f1ce12bd000-7f1ce13b9000 rw-p 00000000 00:00 0 
7f1ce13b9000-7f1ce1410000 r--p 00000000 00:25 13893                      /usr/lib/locale/C.utf8/LC_CTYPE
7f1ce1410000-7f1ce1411000 ---p 00000000 00:00 0 
7f1ce1411000-7f1ce1415000 ---p 00000000 00:00 0 
7f1ce1415000-7f1ce3ed1000 rw-p 00000000 00:00 0 
7f1ce3ed1000-7f1ce5509000 ---p 00000000 00:00 0 
7f1ce5509000-7f1ce5511000 rw-p 00000000 00:00 0 
7f1ce5511000-7f1ce7831000 rwxp 00000000 00:00 0 
7f1ce7831000-7f1ceca49000 ---p 00000000 00:00 0 
7f1ceca49000-7f1ceccb9000 rwxp 00000000 00:00 0 
7f1ceccb9000-7f1cecfd8000 ---p 00000000 00:00 0 
7f1cecfd8000-7f1ced7a8000 rwxp 00000000 00:00 0 
7f1ced7a8000-7f1cf4511000 ---p 00000000 00:00 0 
7f1cf4511000-7f1cfc000000 r--s 00000000 00:25 13844                      /usr/lib/jvm/java-17-openjdk-amd64/lib/modules
7f1cfc000000-7f1cfd676000 rw-p 00000000 00:00 0 
7f1cfd676000-7f1d00000000 ---p 00000000 00:00 0 
7f1d0000f000-7f1d00010000 r--p 00000000 00:25 13837                      /usr/lib/jvm/java-17-openjdk-amd64/lib/librmi.so
7f1d00010000-7f1d00011000 r-xp 00001000 00:25 13837                      /usr/lib/jvm/java-17-openjdk-amd64/lib/librmi.so
7f1d00011000-7f1d00012000 r--p 00002000 00:25 13837                      /usr/lib/jvm/java-17-openjdk-amd64/lib/librmi.so
7f1d00012000-7f1d00013000 r--p 00002000 00:25 13837                      /usr/lib/jvm/java-17-openjdk-amd64/lib/librmi.so
7f1d00013000-7f1d00014000 rw-p 00003000 00:25 13837                      /usr/lib/jvm/java-17-openjdk-amd64/lib/librmi.so
7f1d00014000-7f1d00015000 r--p 00000000 00:25 13813                      /usr/lib/jvm/java-17-openjdk-amd64/lib/libextnet.so
7f1d00015000-7f1d00016000 r-xp 00001000 00:25 13813                      /usr/lib/jvm/java-17-openjdk-amd64/lib/libextnet.so
7f1d00016000-7f1d00017000 r--p 00002000 00:25 13813                      /usr/lib/jvm/java-17-openjdk-amd64/lib/libextnet.so
7f1d00017000-7f1d00018000 r--p 00002000 00:25 13813                      /usr/lib/jvm/java-17-openjdk-amd64/lib/libextnet.so
7f1d00018000-7f1d00019000 rw-p 00003000 00:25 13813                      /usr/lib/jvm/java-17-openjdk-amd64/lib/libextnet.so
7f1d00019000-7f1d0001b000 r--p 00000000 00:25 13832                      /usr/lib/jvm/java-17-openjdk-amd64/lib/libmanagement_ext.so
7f1d0001b000-7f1d0001e000 r-xp 00002000 00:25 13832                      /usr/lib/jvm/java-17-openjdk-amd64/lib/libmanagement_ext.so
7f1d0001e000-7f1d0001f000 r--p 00005000 00:25 13832                      /usr/lib/jvm/java-17-openjdk-amd64/lib/libmanagement_ext.so
7f1d0001f000-7f1d00020000 r--p 00006000 00:25 13832                      /usr/lib/jvm/java-17-openjdk-amd64/lib/libmanagement_ext.so
7f1d00020000-7f1d00021000 rw-p 00007000 00:25 13832                      /usr/lib/jvm/java-17-openjdk-amd64/lib/libmanagement_ext.so
7f1d00021000-7f1d00022000 r--p 00000000 00:25 17909                      /usr/lib/x86_64-linux-gnu/libdl.so.2
7f1d00022000-7f1d00023000 r-xp 00001000 00:25 17909                      /usr/lib/x86_64-linux-gnu/libdl.so.2
7f1d00023000-7f1d00024000 r--p 00002000 00:25 17909                      /usr/lib/x86_64-linux-gnu/libdl.so.2
7f1d00024000-7f1d00025000 r--p 00002000 00:25 17909                      /usr/lib/x86_64-linux-gnu/libdl.so.2
7f1d00025000-7f1d00026000 rw-p 00003000 00:25 17909                      /usr/lib/x86_64-linux-gnu/libdl.so.2
7f1d00026000-7f1d00027000 r--p 00000000 00:25 18162                      /usr/lib/x86_64-linux-gnu/libpthread.so.0
7f1d00027000-7f1d00028000 r-xp 00001000 00:25 18162                      /usr/lib/x86_64-linux-gnu/libpthread.so.0
7f1d00028000-7f1d00029000 r--p 00002000 00:25 18162                      /usr/lib/x86_64-linux-gnu/libpthread.so.0
7f1d00029000-7f1d0002a000 r--p 00002000 00:25 18162                      /usr/lib/x86_64-linux-gnu/libpthread.so.0
7f1d0002a000-7f1d0002b000 rw-p 00003000 00:25 18162                      /usr/lib/x86_64-linux-gnu/libpthread.so.0
7f1d0002b000-7f1d0002f000 r--p 00000000 00:25 13842                      /usr/lib/jvm/java-17-openjdk-amd64/lib/libverify.so
7f1d0002f000-7f1d00036000 r-xp 00004000 00:25 13842                      /usr/lib/jvm/java-17-openjdk-amd64/lib/libverify.so
7f1d00036000-7f1d00038000 r--p 0000b000 00:25 13842                      /usr/lib/jvm/java-17-openjdk-amd64/lib/libverify.so
7f1d00038000-7f1d0003a000 r--p 0000c000 00:25 13842                      /usr/lib/jvm/java-17-openjdk-amd64/lib/libverify.so
7f1d0003a000-7f1d0003b000 rw-p 0000e000 00:25 13842                      /usr/lib/jvm/java-17-openjdk-amd64/lib/libverify.so
7f1d0003b000-7f1d0003f000 r--p 00000000 00:25 13834                      /usr/lib/jvm/java-17-openjdk-amd64/lib/libnet.so
7f1d0003f000-7f1d0004d000 r-xp 00004000 00:25 13834                      /usr/lib/jvm/java-17-openjdk-amd64/lib/libnet.so
7f1d0004d000-7f1d00051000 r--p 00012000 00:25 13834                      /usr/lib/jvm/java-17-openjdk-amd64/lib/libnet.so
7f1d00051000-7f1d00052000 r--p 00015000 00:25 13834                      /usr/lib/jvm/java-17-openjdk-amd64/lib/libnet.so
7f1d00052000-7f1d00053000 rw-p 00016000 00:25 13834                      /usr/lib/jvm/java-17-openjdk-amd64/lib/libnet.so
7f1d00053000-7f1d00054000 ---p 00000000 00:00 0 
7f1d00054000-7f1d00058000 ---p 00000000 00:00 0 
7f1d00058000-7f1d00154000 rw-p 00000000 00:00 0 
7f1d00154000-7f1d00155000 ---p 00000000 00:00 0 
7f1d00155000-7f1d00255000 rw-p 00000000 00:00 0 
7f1d00255000-7f1d0025a000 r--p 00000000 00:25 13828                      /usr/lib/jvm/java-17-openjdk-amd64/lib/libjsvml.so
7f1d0025a000-7f1d0029b000 r-xp 00005000 00:25 13828                      /usr/lib/jvm/java-17-openjdk-amd64/lib/libjsvml.so
7f1d0029b000-7f1d00324000 r--p 00046000 00:25 13828                      /usr/lib/jvm/java-17-openjdk-amd64/lib/libjsvml.so
7f1d00324000-7f1d00325000 r--p 000ce000 00:25 13828                      /usr/lib/jvm/java-17-openjdk-amd64/lib/libjsvml.so
7f1d00325000-7f1d00326000 rw-p 000cf000 00:25 13828                      /usr/lib/jvm/java-17-openjdk-amd64/lib/libjsvml.so
7f1d00326000-7f1d00443000 rw-p 00000000 00:00 0 
7f1d00446000-7f1d00448000 r--p 00000000 00:25 13830                      /usr/lib/jvm/java-17-openjdk-amd64/lib/libmanagement.so
7f1d00448000-7f1d00449000 r-xp 00002000 00:25 13830                      /usr/lib/jvm/java-17-openjdk-amd64/lib/libmanagement.so
7f1d00449000-7f1d0044a000 r--p 00003000 00:25 13830                      /usr/lib/jvm/java-17-openjdk-amd64/lib/libmanagement.so
7f1d0044a000-7f1d0044b000 r--p 00003000 00:25 13830                      /usr/lib/jvm/java-17-openjdk-amd64/lib/libmanagement.so
7f1d0044b000-7f1d0044c000 rw-p 00004000 00:25 13830                      /usr/lib/jvm/java-17-openjdk-amd64/lib/libmanagement.so
7f1d0044c000-7f1d00453000 r--p 00000000 00:25 13835                      /usr/lib/jvm/java-17-openjdk-amd64/lib/libnio.so
7f1d00453000-7f1d0045c000 r-xp 00007000 00:25 13835                      /usr/lib/jvm/java-17-openjdk-amd64/lib/libnio.so
7f1d0045c000-7f1d00460000 r--p 00010000 00:25 13835                      /usr/lib/jvm/java-17-openjdk-amd64/lib/libnio.so
7f1d00460000-7f1d00461000 r--p 00014000 00:25 13835                      /usr/lib/jvm/java-17-openjdk-amd64/lib/libnio.so
7f1d00461000-7f1d00462000 rw-p 00015000 00:25 13835                      /usr/lib/jvm/java-17-openjdk-amd64/lib/libnio.so
7f1d00462000-7f1d00464000 r--p 00000000 00:25 13843                      /usr/lib/jvm/java-17-openjdk-amd64/lib/libzip.so
7f1d00464000-7f1d00468000 r-xp 00002000 00:25 13843                      /usr/lib/jvm/java-17-openjdk-amd64/lib/libzip.so
7f1d00468000-7f1d0046a000 r--p 00006000 00:25 13843                      /usr/lib/jvm/java-17-openjdk-amd64/lib/libzip.so
7f1d0046a000-7f1d0046b000 r--p 00007000 00:25 13843                      /usr/lib/jvm/java-17-openjdk-amd64/lib/libzip.so
7f1d0046b000-7f1d0046c000 rw-p 00008000 00:25 13843                      /usr/lib/jvm/java-17-openjdk-amd64/lib/libzip.so
7f1d0046c000-7f1d0046d000 r--p 00000000 00:25 13899                      /usr/lib/locale/C.utf8/LC_NUMERIC
7f1d0046d000-7f1d0046e000 r--p 00000000 00:25 13902                      /usr/lib/locale/C.utf8/LC_TIME
7f1d0046e000-7f1d0046f000 r--p 00000000 00:25 13892                      /usr/lib/locale/C.utf8/LC_COLLATE
7f1d0046f000-7f1d00470000 r--p 00000000 00:25 13897                      /usr/lib/locale/C.utf8/LC_MONETARY
7f1d00470000-7f1d00471000 r--p 00000000 00:25 13896                      /usr/lib/locale/C.utf8/LC_MESSAGES/SYS_LC_MESSAGES
7f1d00471000-7f1d00472000 r--p 00000000 00:25 13900                      /usr/lib/locale/C.utf8/LC_PAPER
7f1d00472000-7f1d00473000 r--p 00000000 00:25 13898                      /usr/lib/locale/C.utf8/LC_NAME
7f1d00473000-7f1d0047a000 r--s 00000000 00:25 17585                      /usr/lib/x86_64-linux-gnu/gconv/gconv-modules.cache
7f1d0047a000-7f1d0047b000 ---p 00000000 00:00 0 
7f1d0047b000-7f1d0057b000 rw-p 00000000 00:00 0 
7f1d0057b000-7f1d0057c000 ---p 00000000 00:00 0 
7f1d0057c000-7f1d0087e000 rw-p 00000000 00:00 0 
7f1d0087e000-7f1d0087f000 ---p 00000000 00:00 0 
7f1d0087f000-7f1d0097f000 rw-p 00000000 00:00 0 
7f1d0097f000-7f1d00980000 ---p 00000000 00:00 0 
7f1d00980000-7f1d00a80000 rw-p 00000000 00:00 0 
7f1d00a80000-7f1d00a81000 ---p 00000000 00:00 0 
7f1d00a81000-7f1d01586000 rw-p 00000000 00:00 0 
7f1d01586000-7f1d02bbe000 ---p 00000000 00:00 0 
7f1d02bbe000-7f1d02cfe000 rw-p 00000000 00:00 0 
7f1d02cfe000-7f1d02fc5000 ---p 00000000 00:00 0 
7f1d02fc5000-7f1d030fe000 rw-p 00000000 00:00 0 
7f1d030fe000-7f1d033c5000 ---p 00000000 00:00 0 
7f1d033c5000-7f1d034fe000 rw-p 00000000 00:00 0 
7f1d034fe000-7f1d037c5000 ---p 00000000 00:00 0 
7f1d037c5000-7f1d039d8000 rw-p 00000000 00:00 0 
7f1d039d8000-7f1d03ab3000 ---p 00000000 00:00 0 
7f1d03ab3000-7f1d03afa000 rw-p 00000000 00:00 0 
7f1d03afa000-7f1d03b9e000 ---p 00000000 00:00 0 
7f1d03b9e000-7f1d03ba3000 rw-p 00000000 00:00 0 
7f1d03ba3000-7f1d03baa000 ---p 00000000 00:00 0 
7f1d03baa000-7f1d03bb2000 rw-s 00000000 fe:00 395672                     /tmp/hsperfdata_root/2662
7f1d03bb2000-7f1d03bbe000 r--p 00000000 00:25 13820                      /usr/lib/jvm/java-17-openjdk-amd64/lib/libjava.so
7f1d03bbe000-7f1d03bcf000 r-xp 0000c000 00:25 13820                      /usr/lib/jvm/java-17-openjdk-amd64/lib/libjava.so
7f1d03bcf000-7f1d03bd5000 r--p 0001d000 00:25 13820                      /usr/lib/jvm/java-17-openjdk-amd64/lib/libjava.so
7f1d03bd5000-7f1d03bd6000 r--p 00022000 00:25 13820                      /usr/lib/jvm/java-17-openjdk-amd64/lib/libjava.so
7f1d03bd6000-7f1d03bd7000 rw-p 00023000 00:25 13820                      /usr/lib/jvm/java-17-openjdk-amd64/lib/libjava.so
7f1d03bd7000-7f1d03bd8000 rw-p 00000000 00:00 0 
7f1d03bd8000-7f1d03bd9000 r--p 00000000 00:25 13815                      /usr/lib/jvm/java-17-openjdk-amd64/lib/libinstrument.so
7f1d03bd9000-7f1d03bdf000 r-xp 00001000 00:25 13815                      /usr/lib/jvm/java-17-openjdk-amd64/lib/libinstrument.so
7f1d03bdf000-7f1d03be2000 r--p 00007000 00:25 13815                      /usr/lib/jvm/java-17-openjdk-amd64/lib/libinstrument.so
7f1d03be2000-7f1d03be3000 r--p 00009000 00:25 13815                      /usr/lib/jvm/java-17-openjdk-amd64/lib/libinstrument.so
7f1d03be3000-7f1d03be4000 rw-p 0000a000 00:25 13815                      /usr/lib/jvm/java-17-openjdk-amd64/lib/libinstrument.so
7f1d03be4000-7f1d03be6000 r--p 00000000 00:25 13824                      /usr/lib/jvm/java-17-openjdk-amd64/lib/libjimage.so
7f1d03be6000-7f1d03be9000 r-xp 00002000 00:25 13824                      /usr/lib/jvm/java-17-openjdk-amd64/lib/libjimage.so
7f1d03be9000-7f1d03bea000 r--p 00005000 00:25 13824                      /usr/lib/jvm/java-17-openjdk-amd64/lib/libjimage.so
7f1d03bea000-7f1d03beb000 r--p 00006000 00:25 13824                      /usr/lib/jvm/java-17-openjdk-amd64/lib/libjimage.so
7f1d03beb000-7f1d03bec000 rw-p 00007000 00:25 13824                      /usr/lib/jvm/java-17-openjdk-amd64/lib/libjimage.so
7f1d03bec000-7f1d03bf0000 ---p 00000000 00:00 0 
7f1d03bf0000-7f1d03cec000 rw-p 00000000 00:00 0 
7f1d03cec000-7f1d03cef000 r--p 00000000 00:25 17971                      /usr/lib/x86_64-linux-gnu/libgcc_s.so.1
7f1d03cef000-7f1d03d06000 r-xp 00003000 00:25 17971                      /usr/lib/x86_64-linux-gnu/libgcc_s.so.1
7f1d03d06000-7f1d03d0a000 r--p 0001a000 00:25 17971                      /usr/lib/x86_64-linux-gnu/libgcc_s.so.1
7f1d03d0a000-7f1d03d0b000 r--p 0001d000 00:25 17971                      /usr/lib/x86_64-linux-gnu/libgcc_s.so.1
7f1d03d0b000-7f1d03d0c000 rw-p 0001e000 00:25 17971                      /usr/lib/x86_64-linux-gnu/libgcc_s.so.1
7f1d03d0c000-7f1d03d1c000 r--p 00000000 00:25 18072                      /usr/lib/x86_64-linux-gnu/libm.so.6
7f1d03d1c000-7f1d03d90000 r-xp 00010000 00:25 18072                      /usr/lib/x86_64-linux-gnu/libm.so.6
7f1d03d90000-7f1d03dea000 r--p 00084000 00:25 18072                      /usr/lib/x86_64-linux-gnu/libm.so.6
7f1d03dea000-7f1d03deb000 r--p 000dd000 00:25 18072                      /usr/lib/x86_64-linux-gnu/libm.so.6
7f1d03deb000-7f1d03dec000 rw-p 000de000 00:25 18072                      /usr/lib/x86_64-linux-gnu/libm.so.6
7f1d03dec000-7f1d03e85000 r--p 00000000 00:25 18239                      /usr/lib/x86_64-linux-gnu/libstdc++.so.6.0.30
7f1d03e85000-7f1d03f86000 r-xp 00099000 00:25 18239                      /usr/lib/x86_64-linux-gnu/libstdc++.so.6.0.30
7f1d03f86000-7f1d03ff5000 r--p 0019a000 00:25 18239                      /usr/lib/x86_64-linux-gnu/libstdc++.so.6.0.30
7f1d03ff5000-7f1d04000000 r--p 00209000 00:25 18239                      /usr/lib/x86_64-linux-gnu/libstdc++.so.6.0.30
7f1d04000000-7f1d04003000 rw-p 00214000 00:25 18239                      /usr/lib/x86_64-linux-gnu/libstdc++.so.6.0.30
7f1d04003000-7f1d04006000 rw-p 00000000 00:00 0 
7f1d04006000-7f1d04257000 r--p 00000000 00:25 13856                      /usr/lib/jvm/java-17-openjdk-amd64/lib/server/libjvm.so
7f1d04257000-7f1d04fa9000 r-xp 00251000 00:25 13856                      /usr/lib/jvm/java-17-openjdk-amd64/lib/server/libjvm.so
7f1d04fa9000-7f1d0522b000 r--p 00fa3000 00:25 13856                      /usr/lib/jvm/java-17-openjdk-amd64/lib/server/libjvm.so
7f1d0522b000-7f1d052e3000 r--p 01225000 00:25 13856                      /usr/lib/jvm/java-17-openjdk-amd64/lib/server/libjvm.so
7f1d052e3000-7f1d05318000 rw-p 012dd000 00:25 13856                      /usr/lib/jvm/java-17-openjdk-amd64/lib/server/libjvm.so
7f1d05318000-7f1d05374000 rw-p 00000000 00:00 0 
7f1d05374000-7f1d0539a000 r--p 00000000 00:25 17860                      /usr/lib/x86_64-linux-gnu/libc.so.6
7f1d0539a000-7f1d054f0000 r-xp 00026000 00:25 17860                      /usr/lib/x86_64-linux-gnu/libc.so.6
7f1d054f0000-7f1d05543000 r--p 0017c000 00:25 17860                      /usr/lib/x86_64-linux-gnu/libc.so.6
7f1d05543000-7f1d05547000 r--p 001cf000 00:25 17860                      /usr/lib/x86_64-linux-gnu/libc.so.6
7f1d05547000-7f1d05549000 rw-p 001d3000 00:25 17860                      /usr/lib/x86_64-linux-gnu/libc.so.6
7f1d05549000-7f1d05556000 rw-p 00000000 00:00 0 
7f1d05556000-7f1d05558000 r--p 00000000 00:25 13825                      /usr/lib/jvm/java-17-openjdk-amd64/lib/libjli.so
7f1d05558000-7f1d05561000 r-xp 00002000 00:25 13825                      /usr/lib/jvm/java-17-openjdk-amd64/lib/libjli.so
7f1d05561000-7f1d05564000 r--p 0000b000 00:25 13825                      /usr/lib/jvm/java-17-openjdk-amd64/lib/libjli.so
7f1d05564000-7f1d05565000 r--p 0000d000 00:25 13825                      /usr/lib/jvm/java-17-openjdk-amd64/lib/libjli.so
7f1d05565000-7f1d05566000 rw-p 0000e000 00:25 13825                      /usr/lib/jvm/java-17-openjdk-amd64/lib/libjli.so
7f1d05566000-7f1d05569000 r--p 00000000 00:25 1006                       /usr/lib/x86_64-linux-gnu/libz.so.1.2.13
7f1d05569000-7f1d0557c000 r-xp 00003000 00:25 1006                       /usr/lib/x86_64-linux-gnu/libz.so.1.2.13
7f1d0557c000-7f1d05583000 r--p 00016000 00:25 1006                       /usr/lib/x86_64-linux-gnu/libz.so.1.2.13
7f1d05583000-7f1d05584000 r--p 0001c000 00:25 1006                       /usr/lib/x86_64-linux-gnu/libz.so.1.2.13
7f1d05584000-7f1d05585000 rw-p 0001d000 00:25 1006                       /usr/lib/x86_64-linux-gnu/libz.so.1.2.13
7f1d05585000-7f1d05586000 r--p 00000000 00:25 13891                      /usr/lib/locale/C.utf8/LC_ADDRESS
7f1d05586000-7f1d05587000 r--p 00000000 00:25 13901                      /usr/lib/locale/C.utf8/LC_TELEPHONE
7f1d05587000-7f1d05588000 r--p 00000000 00:25 13895                      /usr/lib/locale/C.utf8/LC_MEASUREMENT
7f1d05588000-7f1d05589000 r--p 00000000 00:25 13894                      /usr/lib/locale/C.utf8/LC_IDENTIFICATION
7f1d05589000-7f1d0558a000 ---p 00000000 00:00 0 
7f1d0558a000-7f1d0558b000 r--p 00000000 00:00 0 
7f1d0558b000-7f1d0558c000 ---p 00000000 00:00 0 
7f1d0558c000-7f1d0558e000 rw-p 00000000 00:00 0 
7f1d0558e000-7f1d0558f000 r--p 00000000 00:25 17646                      /usr/lib/x86_64-linux-gnu/ld-linux-x86-64.so.2
7f1d0558f000-7f1d055b5000 r-xp 00001000 00:25 17646                      /usr/lib/x86_64-linux-gnu/ld-linux-x86-64.so.2
7f1d055b5000-7f1d055bf000 r--p 00027000 00:25 17646                      /usr/lib/x86_64-linux-gnu/ld-linux-x86-64.so.2
7f1d055bf000-7f1d055c1000 r--p 00031000 00:25 17646                      /usr/lib/x86_64-linux-gnu/ld-linux-x86-64.so.2
7f1d055c1000-7f1d055c3000 rw-p 00033000 00:25 17646                      /usr/lib/x86_64-linux-gnu/ld-linux-x86-64.so.2
7fff773c7000-7fff773e8000 rw-p 00000000 00:00 0                          [stack]
7fff773f4000-7fff773f7000 r--p 00000000 00:00 0                          [vvar]
7fff773f7000-7fff773f9000 r-xp 00000000 00:00 0                          [vdso]
ffffffffff600000-ffffffffff601000 r-xp 00000000 00:00 0                  [vsyscall]


VM Arguments:
jvm_args: --add-opens=java.base/java.lang=ALL-UNNAMED --add-opens=java.base/java.lang.invoke=ALL-UNNAMED --add-opens=java.base/java.util=ALL-UNNAMED --add-opens=java.prefs/java.util.prefs=ALL-UNNAMED --add-exports=jdk.compiler/com.sun.tools.javac.api=ALL-UNNAMED --add-exports=jdk.compiler/com.sun.tools.javac.util=ALL-UNNAMED --add-opens=java.base/java.util=ALL-UNNAMED --add-opens=java.prefs/java.util.prefs=ALL-UNNAMED --add-opens=java.base/java.nio.charset=ALL-UNNAMED --add-opens=java.base/java.net=ALL-UNNAMED --add-opens=java.base/java.util.concurrent=ALL-UNNAMED --add-opens=java.base/java.util.concurrent.atomic=ALL-UNNAMED --add-opens=java.xml/javax.xml.namespace=ALL-UNNAMED --add-opens=java.base/java.time=ALL-UNNAMED -Xmx2g -Dfile.encoding=UTF-8 -Duser.country -Duser.language=en -Duser.variant -javaagent:/root/.gradle/wrapper/dists/gradle-9.3.1-bin/23ovyewtku6u96viwx3xl3oks/gradle-9.3.1/lib/agents/gradle-instrumentation-agent-9.3.1.jar 
java_command: org.gradle.launcher.daemon.bootstrap.GradleDaemon 9.3.1
java_class_path (initial): /root/.gradle/wrapper/dists/gradle-9.3.1-bin/23ovyewtku6u96viwx3xl3oks/gradle-9.3.1/lib/gradle-daemon-main-9.3.1.jar
Launcher Type: SUN_STANDARD

[Global flags]
     intx CICompilerCount                          = 2                                         {product} {ergonomic}
     uint ConcGCThreads                            = 1                                         {product} {ergonomic}
     uint G1ConcRefinementThreads                  = 2                                         {product} {ergonomic}
   size_t G1HeapRegionSize                         = 1048576                                   {product} {ergonomic}
    uintx GCDrainStackTargetSize                   = 64                                        {product} {ergonomic}
   size_t InitialHeapSize                          = 33554432                                  {product} {ergonomic}
   size_t MarkStackSize                            = 4194304                                   {product} {ergonomic}
   size_t MaxHeapSize                              = 2147483648                                {product} {command line}
   size_t MaxNewSize                               = 1287651328                                {product} {ergonomic}
   size_t MinHeapDeltaBytes                        = 1048576                                   {product} {ergonomic}
   size_t MinHeapSize                              = 8388608                                   {product} {ergonomic}
    uintx NonNMethodCodeHeapSize                   = 5826188                                {pd product} {ergonomic}
    uintx NonProfiledCodeHeapSize                  = 122916026                              {pd product} {ergonomic}
    uintx ProfiledCodeHeapSize                     = 122916026                              {pd product} {ergonomic}
    uintx ReservedCodeCacheSize                    = 251658240                              {pd product} {ergonomic}
     bool SegmentedCodeCache                       = true                                      {product} {ergonomic}
   size_t SoftMaxHeapSize                          = 2147483648                             {manageable} {ergonomic}
     bool UseCompressedClassPointers               = true                           {product lp64_product} {ergonomic}
     bool UseCompressedOops                        = true                           {product lp64_product} {ergonomic}
     bool UseG1GC                                  = true                                      {product} {ergonomic}

Logging:
Log output configuration:
 #0: stdout all=warning uptime,level,tags
 #1: stderr all=off uptime,level,tags

Environment Variables:
PATH=/usr/local/sbin:/usr/local/bin:/usr/sbin:/usr/bin:/sbin:/bin:/opt/android-sdk/cmdline-tools/latest/bin:/opt/android-sdk/platform-tools:/opt/android-sdk/cmdline-tools/latest/bin:/opt/android-sdk/platform-tools
SHELL=/bin/bash
LANG=C.UTF-8
LC_ALL=C.UTF-8
TERM=tmux-256color

Active Locale:
LC_ALL=C.UTF-8
LC_COLLATE=C.UTF-8
LC_CTYPE=C.UTF-8
LC_MESSAGES=C.UTF-8
LC_MONETARY=C.UTF-8
LC_NUMERIC=C.UTF-8
LC_TIME=C.UTF-8

Signal Handlers:
   SIGSEGV: crash_handler in libjvm.so, mask=11100100010111111101111111111110, flags=SA_RESTART|SA_SIGINFO, unblocked
    SIGBUS: crash_handler in libjvm.so, mask=11100100010111111101111111111110, flags=SA_RESTART|SA_SIGINFO, unblocked
    SIGFPE: crash_handler in libjvm.so, mask=11100100010111111101111111111110, flags=SA_RESTART|SA_SIGINFO, unblocked
   SIGPIPE: javaSignalHandler in libjvm.so, mask=11100100010111111101111111111110, flags=SA_RESTART|SA_SIGINFO, unblocked
   SIGXFSZ: javaSignalHandler in libjvm.so, mask=11100100010111111101111111111110, flags=SA_RESTART|SA_SIGINFO, unblocked
    SIGILL: crash_handler in libjvm.so, mask=11100100010111111101111111111110, flags=SA_RESTART|SA_SIGINFO, unblocked
   SIGUSR2: SR_handler in libjvm.so, mask=00100000000000000000000000000000, flags=SA_RESTART|SA_SIGINFO, unblocked
    SIGHUP: UserHandler in libjvm.so, mask=11100100010111111101111111111110, flags=SA_RESTART|SA_SIGINFO, unblocked
    SIGINT: UserHandler in libjvm.so, mask=11100100010111111101111111111110, flags=SA_RESTART|SA_SIGINFO, unblocked
   SIGTERM: UserHandler in libjvm.so, mask=11100100010111111101111111111110, flags=SA_RESTART|SA_SIGINFO, unblocked
   SIGQUIT: UserHandler in libjvm.so, mask=11100100010111111101111111111110, flags=SA_RESTART|SA_SIGINFO, unblocked
   SIGTRAP: crash_handler in libjvm.so, mask=11100100010111111101111111111110, flags=SA_RESTART|SA_SIGINFO, unblocked


Periodic native trim disabled


---------------  S Y S T E M  ---------------

OS:
PRETTY_NAME="Debian GNU/Linux 12 (bookworm)"
NAME="Debian GNU/Linux"
VERSION_ID="12"
VERSION="12 (bookworm)"
VERSION_CODENAME=bookworm
ID=debian
HOME_URL="https://www.debian.org/"
SUPPORT_URL="https://www.debian.org/support"
BUG_REPORT_URL="https://bugs.debian.org/"
uname: Linux 4.19.91-c8dfc93.al7.x86_64 #1 SMP Tue Sep 26 10:25:51 UTC 2023 x86_64
OS uptime: 0 days 0:15 hours
libc: glibc 2.36 NPTL 2.36 
rlimit (soft/hard): STACK 8192k/infinity , CORE 0k/0k , NPROC 100000/100000 , NOFILE 100000/100000 , AS infinity/infinity , CPU infinity/infinity , DATA infinity/infinity , FSIZE infinity/infinity , MEMLOCK 64k/64k
load average: 2.83 1.22 0.65

/proc/meminfo:
MemTotal:        2152516 kB
MemFree:           32136 kB
MemAvailable:     525956 kB
Buffers:           29064 kB
Cached:           505912 kB
SwapCached:            0 kB
Active:          1693104 kB
Inactive:         324148 kB
Active(anon):    1482316 kB
Inactive(anon):       16 kB
Active(file):     210788 kB
Inactive(file):   324132 kB
Unevictable:           0 kB
Mlocked:               0 kB
SwapTotal:             0 kB
SwapFree:              0 kB
Dirty:              1216 kB
Writeback:             0 kB
AnonPages:       1481796 kB
Mapped:            54500 kB
Shmem:                32 kB
Slab:              54136 kB
SReclaimable:      40824 kB
SUnreclaim:        13312 kB
KernelStack:        3296 kB
PageTables:         4664 kB
NFS_Unstable:          0 kB
Bounce:                0 kB
WritebackTmp:          0 kB
CommitLimit:     1076256 kB
Committed_AS:    1982224 kB
VmallocTotal:   34359738367 kB
VmallocUsed:           0 kB
VmallocChunk:          0 kB
Percpu:              400 kB
AnonHugePages:    559104 kB
ShmemHugePages:        0 kB
ShmemPmdMapped:        0 kB
HugePages_Total:       0
HugePages_Free:        0
HugePages_Rsvd:        0
HugePages_Surp:        0
Hugepagesize:       2048 kB
Hugetlb:               0 kB
DirectMap4k:        8192 kB
DirectMap2M:     2523136 kB
DirectMap1G:           0 kB

/sys/kernel/mm/transparent_hugepage/enabled: [always] madvise never
/sys/kernel/mm/transparent_hugepage/hpage_pmd_size: 2097152
/sys/kernel/mm/transparent_hugepage/defrag (defrag/compaction efforts parameter): always defer defer+madvise madvise [never]

Process Memory:
Virtual Size: 4288124K (peak: 4870780K)
Resident Set Size: 775532K (peak: 775532K) (anon: 752076K, file: 23456K, shmem: 0K)
Swapped out: 0K
C-Heap outstanding allocations: 99370K, retained: 39485K
glibc malloc tunables: (default)

/proc/sys/kernel/threads-max (system-wide limit on the number of threads): 1129
/proc/sys/vm/max_map_count (maximum number of memory map areas a process may have): 65530
/proc/sys/vm/swappiness (control to define how aggressively the kernel swaps out anonymous memory): 60
/proc/sys/kernel/pid_max (system-wide limit on number of process identifiers): 32768

container (cgroup) information:
container_type: cgroupv1
cpu_cpuset_cpus: 0-1
cpu_memory_nodes: 0
active_processor_count: 2
cpu_quota: no quota
cpu_period: 100000
cpu_shares: 12288
memory_limit_in_bytes: 2097152 k
memory_and_swap_limit_in_bytes: unlimited
memory_soft_limit_in_bytes: unlimited
memory_usage_in_bytes: 2059396 k
memory_max_usage_in_bytes: 2064312 k
rss_usage_in_bytes: 1475688 k
cache_usage_in_bytes: 534792 k
kernel_memory_limit_in_bytes: unlimited
kernel_memory_usage_in_bytes: 48596 k
kernel_memory_max_usage_in_bytes: 150088 k
maximum number of tasks: unlimited
current number of tasks: 131

KVM virtualization detected
Steal ticks since vm start: 8337
Steal ticks percentage since vm start:  0.462

CPU: total 2 (initial active 2) (2 cores per cpu, 1 threads per core) family 6 model 85 stepping 7 microcode 0x1, cx8, cmov, fxsr, mmx, 3dnowpref, sse, sse2, sse3, ssse3, sse4.1, sse4.2, popcnt, lzcnt, tsc, tscinvbit, avx, avx2, aes, erms, clmul, bmi1, bmi2, adx, avx512f, avx512dq, avx512cd, avx512bw, avx512vl, fma, vzeroupper, avx512_vnni, clflush, clflushopt, clwb, hv
CPU Model and flags from /proc/cpuinfo:
model name	: Intel(R) Xeon(R) Processor @ 2.50GHz
flags		: fpu vme de pse tsc msr pae mce cx8 apic sep mtrr pge mca cmov pat pse36 clflush mmx fxsr sse sse2 ss ht syscall nx pdpe1gb rdtscp lm constant_tsc rep_good nopl xtopology nonstop_tsc cpuid tsc_known_freq pni pclmulqdq ssse3 fma cx16 pcid sse4_1 sse4_2 x2apic movbe popcnt tsc_deadline_timer aes xsave avx f16c rdrand hypervisor lahf_lm abm 3dnowprefetch cpuid_fault invpcid_single ssbd ibrs ibpb stibp ibrs_enhanced fsgsbase tsc_adjust bmi1 avx2 smep bmi2 erms invpcid mpx avx512f avx512dq rdseed adx smap clflushopt clwb avx512cd avx512bw avx512vl xsaveopt xsavec xgetbv1 xsaves umip avx512_vnni md_clear arch_capabilities

Online cpus: 0-1
Offline cpus: 
BIOS frequency limitation: <Not Available>
Frequency switch latency (ns): <Not Available>
Available cpu frequencies: <Not Available>
Current governor: <Not Available>
Core performance/turbo boost: <Not Available>

Memory: 4k page, physical 2097152k(37756k free), swap 0k(0k free)
Page Sizes: 4k

vm_info: OpenJDK 64-Bit Server VM (17.0.20+8-1-deb12u1-Debian) for linux-amd64 JRE (17.0.20+8-1-deb12u1-Debian), built on Jul 28 2026 07:08:51 by "buildd" with gcc 12.2.0

END.
