#
# There is insufficient memory for the Java Runtime Environment to continue.
# Native memory allocation (mmap) failed to map 39845888 bytes. Error detail: committing reserved memory.
# Possible reasons:
#   The system is out of physical RAM or swap space
#   This process is running with CompressedOops enabled, and the Java Heap may be blocking the growth of the native heap
# Possible solutions:
#   Reduce memory load on the system
#   Increase physical memory or swap space
#   Check if swap backing store is full
#   Decrease Java heap size (-Xmx/-Xms)
#   Decrease number of Java threads
#   Decrease Java thread stack sizes (-Xss)
#   Set larger code cache with -XX:ReservedCodeCacheSize=
#   JVM is running with Unscaled Compressed Oops mode in which the Java heap is
#     placed in the first 4GB address space. The Java Heap base address is the
#     maximum limit for the native heap growth. Please use -XX:HeapBaseMinAddress
#     to set the Java Heap base and to place the Java Heap above 4GB virtual address.
# This output file may be truncated or incomplete.
#
#  Out of Memory Error (os_linux.cpp:2834), pid=3013, tid=3023
#
# JRE version: OpenJDK Runtime Environment (17.0.20+8) (build 17.0.20+8-1-deb12u1-Debian)
# Java VM: OpenJDK 64-Bit Server VM (17.0.20+8-1-deb12u1-Debian, mixed mode, sharing, tiered, compressed oops, compressed class ptrs, g1 gc, linux-amd64)
# No core dump will be written. Core dumps have been disabled. To enable core dumping, try "ulimit -c unlimited" before starting Java again
#

---------------  S U M M A R Y ------------

Command Line: --add-opens=java.base/java.lang=ALL-UNNAMED --add-opens=java.base/java.lang.invoke=ALL-UNNAMED --add-opens=java.base/java.util=ALL-UNNAMED --add-opens=java.prefs/java.util.prefs=ALL-UNNAMED --add-exports=jdk.compiler/com.sun.tools.javac.api=ALL-UNNAMED --add-exports=jdk.compiler/com.sun.tools.javac.util=ALL-UNNAMED --add-opens=java.base/java.util=ALL-UNNAMED --add-opens=java.prefs/java.util.prefs=ALL-UNNAMED --add-opens=java.base/java.nio.charset=ALL-UNNAMED --add-opens=java.base/java.net=ALL-UNNAMED --add-opens=java.base/java.util.concurrent=ALL-UNNAMED --add-opens=java.base/java.util.concurrent.atomic=ALL-UNNAMED --add-opens=java.xml/javax.xml.namespace=ALL-UNNAMED --add-opens=java.base/java.time=ALL-UNNAMED -XX:MaxMetaspaceSize=256m -Xmx512m -Dfile.encoding=UTF-8 -Duser.country -Duser.language=en -Duser.variant -javaagent:/root/.gradle/wrapper/dists/gradle-9.3.1-bin/23ovyewtku6u96viwx3xl3oks/gradle-9.3.1/lib/agents/gradle-instrumentation-agent-9.3.1.jar org.gradle.launcher.daemon.bootstrap.GradleDaemon 9.3.1

Host: Intel(R) Xeon(R) Processor @ 2.50GHz, 2 cores, 2G, Debian GNU/Linux 12 (bookworm)
Time: Wed Sep 16 14:48:03 2026 UTC elapsed time: 183.074408 seconds (0d 0h 3m 3s)

---------------  T H R E A D  ---------------

Current thread (0x00007f99d8091930):  VMThread "VM Thread" [stack: 0x00007f99dc78f000,0x00007f99dc88f000] [id=3023]

Stack: [0x00007f99dc78f000,0x00007f99dc88f000],  sp=0x00007f99dc88cd70,  free space=1015k
Native frames: (J=compiled Java code, j=interpreted, Vv=VM code, C=native code)
V  [libjvm.so+0xf21211]  VMError::report_and_die(int, char const*, char const*, __va_list_tag*, Thread*, unsigned char*, void*, void*, char const*, int, unsigned long)+0x171
V  [libjvm.so+0xf21d7d]  VMError::report_and_die(Thread*, char const*, int, unsigned long, VMErrorType, char const*, __va_list_tag*)+0x2d
V  [libjvm.so+0x60378c]  report_vm_out_of_memory(char const*, int, unsigned long, VMErrorType, char const*, ...)+0xdc
V  [libjvm.so+0xc2a14b]  os::pd_commit_memory_or_exit(char*, unsigned long, unsigned long, bool, char const*)+0xeb
V  [libjvm.so+0xc23ffb]  os::commit_memory_or_exit(char*, unsigned long, unsigned long, bool, char const*)+0x1b
V  [libjvm.so+0x733436]  G1PageBasedVirtualSpace::commit(unsigned long, unsigned long)+0x66
V  [libjvm.so+0x7473e0]  G1RegionsLargerThanCommitSizeMapper::commit_regions(unsigned int, unsigned long, WorkGang*)+0x110
V  [libjvm.so+0x7dadc8]  HeapRegionManager::commit_regions(unsigned int, unsigned long, WorkGang*)+0x88
V  [libjvm.so+0x7dcc0b]  HeapRegionManager::expand(unsigned int, unsigned int, WorkGang*)+0x2b
V  [libjvm.so+0x7dce27]  HeapRegionManager::expand_by(unsigned int, WorkGang*)+0x77
V  [libjvm.so+0x6ebed8]  G1CollectedHeap::expand(unsigned long, WorkGang*, double*)+0xe8
V  [libjvm.so+0x6efb29]  G1CollectedHeap::do_collection_pause_at_safepoint_helper(double)+0x8a9
V  [libjvm.so+0x6efb8f]  G1CollectedHeap::do_collection_pause_at_safepoint(double)+0x2f
V  [libjvm.so+0x76b9d7]  VM_G1CollectForAllocation::doit()+0x47
V  [libjvm.so+0xf26715]  VM_Operation::evaluate()+0xe5
V  [libjvm.so+0xf28005]  VMThread::evaluate_operation(VM_Operation*)+0x105
V  [libjvm.so+0xf2857f]  VMThread::inner_execute(VM_Operation*)+0x28f
V  [libjvm.so+0xf2878f]  VMThread::run()+0xbf
V  [libjvm.so+0xea40a5]  Thread::call_run()+0xa5
V  [libjvm.so+0xc2c8f3]  thread_native_entry(Thread*)+0xe3

VM_Operation (0x00007f9995df6ad0): G1CollectForAllocation, mode: safepoint, requested by thread 0x00007f99bc06e210


---------------  P R O C E S S  ---------------

Threads class SMR info:
_java_thread_list=0x00007f99ae30da80, length=64, elements={
0x00007f99d801af50, 0x00007f99d8095a30, 0x00007f99d8096e10, 0x00007f99d809d800,
0x00007f99d809ebb0, 0x00007f99d809ffc0, 0x00007f99d80a1970, 0x00007f99d80a2ea0,
0x00007f99d80a4310, 0x00007f99d80af9c0, 0x00007f99d8183410, 0x00007f99d9323fb0,
0x00007f99d93aad90, 0x00007f99d80ea750, 0x00007f9980018090, 0x00007f9988001e80,
0x00007f9988006fe0, 0x00007f9988009610, 0x00007f99ac008680, 0x00007f99ac00aaa0,
0x00007f99ac015100, 0x00007f99ac2c3f30, 0x00007f99ac2c6d30, 0x00007f99ac335db0,
0x00007f99ac6a2370, 0x00007f99ac719b20, 0x00007f99ac729010, 0x00007f99ac8a5a40,
0x00007f99ac936e20, 0x00007f99ac956f60, 0x00007f99ad0a2bf0, 0x00007f99ad0b5f70,
0x00007f99ad0a8830, 0x00007f99ad799e80, 0x00007f99ad889f80, 0x00007f99ad963610,
0x00007f99ae1081f0, 0x00007f99bc03bc80, 0x00007f99d80fb3f0, 0x00007f99d88e77a0,
0x00007f99bc087230, 0x00007f99d93d7ae0, 0x00007f99d93dca40, 0x00007f99d93e3620,
0x00007f99d93ec410, 0x00007f99d94cffb0, 0x00007f99bc099d50, 0x00007f99bc093250,
0x00007f99bc09e600, 0x00007f99bc0a2050, 0x00007f99bc0a4070, 0x00007f99bc0a5030,
0x00007f99bc061ec0, 0x00007f99bc064e40, 0x00007f99bc069a00, 0x00007f99bc0a9000,
0x00007f99bc06e210, 0x00007f998c316da0, 0x00007f998c3315f0, 0x00007f998c31cf10,
0x00007f998c31eba0, 0x00007f998c342110, 0x00007f998c3432f0, 0x00007f99ae10af10
}

Java Threads: ( => current thread )
  0x00007f99d801af50 JavaThread "main" [_thread_blocked, id=3014, stack(0x00007f99de8f3000,0x00007f99de9f3000)]
  0x00007f99d8095a30 JavaThread "Reference Handler" daemon [_thread_blocked, id=3024, stack(0x00007f99dc68e000,0x00007f99dc78e000)]
  0x00007f99d8096e10 JavaThread "Finalizer" daemon [_thread_blocked, id=3025, stack(0x00007f99dc58d000,0x00007f99dc68d000)]
  0x00007f99d809d800 JavaThread "Signal Dispatcher" daemon [_thread_blocked, id=3026, stack(0x00007f99dc435000,0x00007f99dc535000)]
  0x00007f99d809ebb0 JavaThread "Service Thread" daemon [_thread_blocked, id=3027, stack(0x00007f99dc334000,0x00007f99dc434000)]
  0x00007f99d809ffc0 JavaThread "Monitor Deflation Thread" daemon [_thread_blocked, id=3028, stack(0x00007f99dc233000,0x00007f99dc333000)]
  0x00007f99d80a1970 JavaThread "C2 CompilerThread0" daemon [_thread_blocked, id=3029, stack(0x00007f99dc132000,0x00007f99dc232000)]
  0x00007f99d80a2ea0 JavaThread "C1 CompilerThread0" daemon [_thread_blocked, id=3030, stack(0x00007f99dc031000,0x00007f99dc131000)]
  0x00007f99d80a4310 JavaThread "Sweeper thread" daemon [_thread_blocked, id=3031, stack(0x00007f99c1411000,0x00007f99c1511000)]
  0x00007f99d80af9c0 JavaThread "Common-Cleaner" daemon [_thread_blocked, id=3032, stack(0x00007f99c1310000,0x00007f99c1410000)]
  0x00007f99d8183410 JavaThread "Notification Thread" daemon [_thread_blocked, id=3034, stack(0x00007f99c120f000,0x00007f99c130f000)]
  0x00007f99d9323fb0 JavaThread "Daemon health stats" [_thread_blocked, id=3046, stack(0x00007f99c0b67000,0x00007f99c0c67000)]
  0x00007f99d93aad90 JavaThread "Incoming local TCP Connector on port 34453" [_thread_in_native, id=3048, stack(0x00007f99c0a61000,0x00007f99c0b61000)]
  0x00007f99d80ea750 JavaThread "Daemon periodic checks" [_thread_blocked, id=3050, stack(0x00007f99c0960000,0x00007f99c0a60000)]
  0x00007f9980018090 JavaThread "Daemon" [_thread_blocked, id=3051, stack(0x00007f99c085f000,0x00007f99c095f000)]
  0x00007f9988001e80 JavaThread "Handler for socket connection from /127.0.0.1:34453 to /127.0.0.1:46158" [_thread_in_native, id=3052, stack(0x00007f99c075e000,0x00007f99c085e000)]
  0x00007f9988006fe0 JavaThread "Cancel handler" [_thread_blocked, id=3053, stack(0x00007f99c065d000,0x00007f99c075d000)]
  0x00007f9988009610 JavaThread "Daemon worker" [_thread_blocked, id=3054, stack(0x00007f99c055c000,0x00007f99c065c000)]
  0x00007f99ac008680 JavaThread "Asynchronous log dispatcher for DefaultDaemonConnection: socket connection from /127.0.0.1:34453 to /127.0.0.1:46158" [_thread_blocked, id=3055, stack(0x00007f99c045b000,0x00007f99c055b000)]
  0x00007f99ac00aaa0 JavaThread "Stdin handler" [_thread_blocked, id=3056, stack(0x00007f99c035a000,0x00007f99c045a000)]
  0x00007f99ac015100 JavaThread "Daemon client event forwarder" [_thread_blocked, id=3057, stack(0x00007f99c0259000,0x00007f99c0359000)]
  0x00007f99ac2c3f30 JavaThread "Cache worker for journal cache (/root/.gradle/caches/journal-1)" [_thread_blocked, id=3062, stack(0x00007f99c0158000,0x00007f99c0258000)]
  0x00007f99ac2c6d30 JavaThread "File lock request listener" [_thread_in_native, id=3063, stack(0x00007f99c0057000,0x00007f99c0157000)]
  0x00007f99ac335db0 JavaThread "Cache worker for file hash cache (/root/.gradle/caches/9.3.1/fileHashes)" [_thread_blocked, id=3064, stack(0x00007f99b1f00000,0x00007f99b2000000)]
  0x00007f99ac6a2370 JavaThread "Cache worker for file hash cache (/workspace/.gradle/9.3.1/fileHashes)" [_thread_blocked, id=3073, stack(0x00007f99b1dff000,0x00007f99b1eff000)]
  0x00007f99ac719b20 JavaThread "Cache worker for Build Output Cleanup Cache (/workspace/.gradle/buildOutputCleanup)" [_thread_blocked, id=3074, stack(0x00007f99b1cfe000,0x00007f99b1dfe000)]
  0x00007f99ac729010 JavaThread "Cache worker for checksums cache (/workspace/.gradle/9.3.1/checksums)" [_thread_blocked, id=3078, stack(0x00007f99b1bfd000,0x00007f99b1cfd000)]
  0x00007f99ac8a5a40 JavaThread "Cache worker for file content cache (/root/.gradle/caches/9.3.1/fileContent)" [_thread_blocked, id=3080, stack(0x00007f99b1afc000,0x00007f99b1bfc000)]
  0x00007f99ac936e20 JavaThread "Cache worker for cache directory md-supplier (/root/.gradle/caches/9.3.1/md-supplier)" [_thread_blocked, id=3083, stack(0x00007f99b19fb000,0x00007f99b1afb000)]
  0x00007f99ac956f60 JavaThread "Cache worker for cache directory md-rule (/root/.gradle/caches/9.3.1/md-rule)" [_thread_blocked, id=3084, stack(0x00007f99b18fa000,0x00007f99b19fa000)]
  0x00007f99ad0a2bf0 JavaThread "Unconstrained build operations" [_thread_blocked, id=3098, stack(0x00007f99b17f9000,0x00007f99b18f9000)]
  0x00007f99ad0b5f70 JavaThread "Unconstrained build operations Thread 2" [_thread_blocked, id=3099, stack(0x00007f99b16f8000,0x00007f99b17f8000)]
  0x00007f99ad0a8830 JavaThread "Unconstrained build operations Thread 3" [_thread_blocked, id=3101, stack(0x00007f99b15f7000,0x00007f99b16f7000)]
  0x00007f99ad799e80 JavaThread "Memory manager" [_thread_blocked, id=3108, stack(0x00007f99b14f6000,0x00007f99b15f6000)]
  0x00007f99ad889f80 JavaThread "build event listener" [_thread_blocked, id=3110, stack(0x00007f99b13f5000,0x00007f99b14f5000)]
  0x00007f99ad963610 JavaThread "build event listener" [_thread_blocked, id=3113, stack(0x00007f99b12f4000,0x00007f99b13f4000)]
  0x00007f99ae1081f0 JavaThread "included builds" [_thread_blocked, id=3130, stack(0x00007f99b11f3000,0x00007f99b12f3000)]
  0x00007f99bc03bc80 JavaThread "Execution worker" [_thread_blocked, id=3131, stack(0x00007f99b10f2000,0x00007f99b11f2000)]
  0x00007f99d80fb3f0 JavaThread "Cache worker for execution history cache (/workspace/.gradle/9.3.1/executionHistory)" [_thread_blocked, id=3132, stack(0x00007f99b0ff1000,0x00007f99b10f1000)]
  0x00007f99d88e77a0 JavaThread "Unconstrained build operations Thread 4" [_thread_blocked, id=3135, stack(0x00007f99b0ef0000,0x00007f99b0ff0000)]
  0x00007f99bc087230 JavaThread "Unconstrained build operations Thread 5" [_thread_blocked, id=3137, stack(0x00007f99b0def000,0x00007f99b0eef000)]
  0x00007f99d93d7ae0 JavaThread "Unconstrained build operations Thread 6" [_thread_blocked, id=3139, stack(0x00007f99b0cee000,0x00007f99b0dee000)]
  0x00007f99d93dca40 JavaThread "Unconstrained build operations Thread 7" [_thread_blocked, id=3140, stack(0x00007f99b0bed000,0x00007f99b0ced000)]
  0x00007f99d93e3620 JavaThread "Unconstrained build operations Thread 8" [_thread_blocked, id=3142, stack(0x00007f99b0aec000,0x00007f99b0bec000)]
  0x00007f99d93ec410 JavaThread "Unconstrained build operations Thread 9" [_thread_blocked, id=3143, stack(0x00007f99b09eb000,0x00007f99b0aeb000)]
  0x00007f99d94cffb0 JavaThread "WorkerExecutor Queue" [_thread_blocked, id=3146, stack(0x00007f99b08ea000,0x00007f99b09ea000)]
  0x00007f99bc099d50 JavaThread "Unconstrained build operations Thread 10" [_thread_blocked, id=3147, stack(0x00007f99b07e9000,0x00007f99b08e9000)]
  0x00007f99bc093250 JavaThread "Unconstrained build operations Thread 11" [_thread_blocked, id=3148, stack(0x00007f99b06e8000,0x00007f99b07e8000)]
  0x00007f99bc09e600 JavaThread "Unconstrained build operations Thread 12" [_thread_blocked, id=3149, stack(0x00007f99b05e7000,0x00007f99b06e7000)]
  0x00007f99bc0a2050 JavaThread "Unconstrained build operations Thread 13" [_thread_blocked, id=3151, stack(0x00007f99b04e6000,0x00007f99b05e6000)]
  0x00007f99bc0a4070 JavaThread "Unconstrained build operations Thread 14" [_thread_blocked, id=3153, stack(0x00007f99b03e5000,0x00007f99b04e5000)]
  0x00007f99bc0a5030 JavaThread "Unconstrained build operations Thread 15" [_thread_blocked, id=3154, stack(0x00007f99b02e4000,0x00007f99b03e4000)]
  0x00007f99bc061ec0 JavaThread "Unconstrained build operations Thread 16" [_thread_blocked, id=3155, stack(0x00007f99b01e3000,0x00007f99b02e3000)]
  0x00007f99bc064e40 JavaThread "Unconstrained build operations Thread 17" [_thread_blocked, id=3156, stack(0x00007f99b00e2000,0x00007f99b01e2000)]
  0x00007f99bc069a00 JavaThread "Unconstrained build operations Thread 18" [_thread_blocked, id=3158, stack(0x00007f9995f00000,0x00007f9996000000)]
  0x00007f99bc0a9000 JavaThread "Unconstrained build operations Thread 19" [_thread_blocked, id=3159, stack(0x00007f9995dff000,0x00007f9995eff000)]
  0x00007f99bc06e210 JavaThread "Unconstrained build operations Thread 20" [_thread_blocked, id=3161, stack(0x00007f9995cfe000,0x00007f9995dfe000)]
  0x00007f998c316da0 JavaThread "RMI Scheduler(0)" daemon [_thread_blocked, id=3163, stack(0x00007f9995bfd000,0x00007f9995cfd000)]
  0x00007f998c3315f0 JavaThread "process reaper (pid 3168)" daemon [_thread_in_native, id=3169, stack(0x00007f99c002f000,0x00007f99c0051000)]
  0x00007f998c31cf10 JavaThread "RMI RenewClean-[127.0.0.1:17951,org.jetbrains.kotlin.daemon.common.LoopbackNetworkInterface$ClientLoopbackSocketFactory@4559f0a0]" daemon [_thread_blocked, id=3197, stack(0x00007f99958fa000,0x00007f99959fa000)]
  0x00007f998c31eba0 JavaThread "RMI GC Daemon" daemon [_thread_blocked, id=3199, stack(0x00007f9995afc000,0x00007f9995bfc000)]
  0x00007f998c342110 JavaThread "RMI TCP Accept-0" daemon [_thread_in_native, id=3205, stack(0x00007f99957f9000,0x00007f99958f9000)]
  0x00007f998c3432f0 JavaThread "RMI Reaper" [_thread_blocked, id=3206, stack(0x00007f99956f8000,0x00007f99957f8000)]
  0x00007f99ae10af10 JavaThread "RMI TCP Connection(idle)" daemon [_thread_blocked, id=3375, stack(0x00007f99955f7000,0x00007f99956f7000)]

Other Threads:
=>0x00007f99d8091930 VMThread "VM Thread" [stack: 0x00007f99dc78f000,0x00007f99dc88f000] [id=3023]
  0x00007f99d801d2c0 WatcherThread [stack: 0x00007f99c110e000,0x00007f99c120e000] [id=3035]
  0x00007f99d80484c0 GCTaskThread "GC Thread#0" [stack: 0x00007f99dd0bb000,0x00007f99dd1bb000] [id=3016]
  0x00007f9990004990 GCTaskThread "GC Thread#1" [stack: 0x00007f99c100d000,0x00007f99c110d000] [id=3037]
  0x00007f99d804daa0 ConcurrentGCThread "G1 Main Marker" [stack: 0x00007f99dcfba000,0x00007f99dd0ba000] [id=3018]
  0x00007f99d804ea10 ConcurrentGCThread "G1 Conc#0" [stack: 0x00007f99dceb9000,0x00007f99dcfb9000] [id=3020]
  0x00007f99d806d640 ConcurrentGCThread "G1 Refine#0" [stack: 0x00007f99dcbb6000,0x00007f99dccb6000] [id=3021]
  0x00007f99ac000ea0 ConcurrentGCThread "G1 Refine#1" [stack: 0x00007f99c0c70000,0x00007f99c0d70000] [id=3040]
  0x00007f99d806e540 ConcurrentGCThread "G1 Service" [stack: 0x00007f99dcab5000,0x00007f99dcbb5000] [id=3022]

Threads with active compile tasks:
C2 CompilerThread0  183176 20899 %     4       com.android.tools.r8.internal.rv::a @ 83 (6696 bytes)

VM state: at safepoint (normal execution)

VM Mutex/Monitor currently owned by a thread:  ([mutex/lock_event])
[0x00007f99d8017d40] Threads_lock - owner thread: 0x00007f99d8091930
[0x00007f99d80184f0] Heap_lock - owner thread: 0x00007f99bc06e210

Heap address: 0x00000000e0000000, size: 512 MB, Compressed Oops mode: 32-bit

CDS archive(s) mapped at: [0x00007f9996000000-0x00007f9996bca000-0x00007f9996bca000), size 12361728, SharedBaseAddress: 0x00007f9996000000, ArchiveRelocationMode: 1.
Compressed class space mapped at: 0x00007f9997000000-0x00007f99a4000000, reserved size: 218103808
Narrow klass base: 0x00007f9996000000, Narrow klass shift: 0, Narrow klass range: 0x100000000

GC Precious Log:
 CPUs: 2 total, 2 available
 Memory: 2048M
 Large Page Support: Disabled
 NUMA Support: Disabled
 Compressed Oops: Enabled (32-bit)
 Heap Region Size: 1M
 Heap Min Capacity: 8M
 Heap Initial Capacity: 32M
 Heap Max Capacity: 512M
 Pre-touch: Disabled
 Parallel Workers: 2
 Concurrent Workers: 1
 Concurrent Refinement Workers: 2
 Periodic GC: Disabled

Heap:
 garbage-first heap   total 332800K, used 274769K [0x00000000e0000000, 0x0000000100000000)
  region size 1024K, 1 young (1024K), 1 survivors (1024K)
 Metaspace       used 122877K, committed 123840K, reserved 344064K
  class space    used 16865K, committed 17344K, reserved 212992K

Heap Regions: E=young(eden), S=young(survivor), O=old, HS=humongous(starts), HC=humongous(continues), CS=collection set, F=free, OA=open archive, CA=closed archive, TAMS=top-at-mark-start (previous, next)
|   0|0x00000000e0000000, 0x00000000e0100000, 0x00000000e0100000|100%|HS|  |TAMS 0x00000000e0100000, 0x00000000e0000000| Complete 
|   1|0x00000000e0100000, 0x00000000e0200000, 0x00000000e0200000|100%|HC|  |TAMS 0x00000000e0200000, 0x00000000e0100000| Complete 
|   2|0x00000000e0200000, 0x00000000e0300000, 0x00000000e0300000|100%|HC|  |TAMS 0x00000000e0300000, 0x00000000e0200000| Complete 
|   3|0x00000000e0300000, 0x00000000e0400000, 0x00000000e0400000|100%|HC|  |TAMS 0x00000000e0400000, 0x00000000e0300000| Complete 
|   4|0x00000000e0400000, 0x00000000e0500000, 0x00000000e0500000|100%| O|  |TAMS 0x00000000e0500000, 0x00000000e0400000| Untracked 
|   5|0x00000000e0500000, 0x00000000e0600000, 0x00000000e0600000|100%| O|  |TAMS 0x00000000e0600000, 0x00000000e0500000| Untracked 
|   6|0x00000000e0600000, 0x00000000e0700000, 0x00000000e0700000|100%| O|  |TAMS 0x00000000e0700000, 0x00000000e0600000| Untracked 
|   7|0x00000000e0700000, 0x00000000e0800000, 0x00000000e0800000|100%| O|  |TAMS 0x00000000e0800000, 0x00000000e0700000| Untracked 
|   8|0x00000000e0800000, 0x00000000e0900000, 0x00000000e0900000|100%| O|  |TAMS 0x00000000e0900000, 0x00000000e0800000| Untracked 
|   9|0x00000000e0900000, 0x00000000e0a00000, 0x00000000e0a00000|100%| O|  |TAMS 0x00000000e0a00000, 0x00000000e0900000| Untracked 
|  10|0x00000000e0a00000, 0x00000000e0b00000, 0x00000000e0b00000|100%| O|  |TAMS 0x00000000e0b00000, 0x00000000e0a00000| Untracked 
|  11|0x00000000e0b00000, 0x00000000e0c00000, 0x00000000e0c00000|100%|HS|  |TAMS 0x00000000e0c00000, 0x00000000e0b00000| Complete 
|  12|0x00000000e0c00000, 0x00000000e0d00000, 0x00000000e0d00000|100%| O|  |TAMS 0x00000000e0d00000, 0x00000000e0c00000| Untracked 
|  13|0x00000000e0d00000, 0x00000000e0e00000, 0x00000000e0e00000|100%| O|  |TAMS 0x00000000e0e00000, 0x00000000e0d00000| Untracked 
|  14|0x00000000e0e00000, 0x00000000e0f00000, 0x00000000e0f00000|100%| O|  |TAMS 0x00000000e0f00000, 0x00000000e0e00000| Untracked 
|  15|0x00000000e0f00000, 0x00000000e1000000, 0x00000000e1000000|100%| O|  |TAMS 0x00000000e1000000, 0x00000000e0f00000| Untracked 
|  16|0x00000000e1000000, 0x00000000e1100000, 0x00000000e1100000|100%| O|  |TAMS 0x00000000e1100000, 0x00000000e1000000| Untracked 
|  17|0x00000000e1100000, 0x00000000e1200000, 0x00000000e1200000|100%| O|  |TAMS 0x00000000e1200000, 0x00000000e1100000| Untracked 
|  18|0x00000000e1200000, 0x00000000e1300000, 0x00000000e1300000|100%| O|  |TAMS 0x00000000e1300000, 0x00000000e1200000| Untracked 
|  19|0x00000000e1300000, 0x00000000e1400000, 0x00000000e1400000|100%| O|  |TAMS 0x00000000e1400000, 0x00000000e1300000| Untracked 
|  20|0x00000000e1400000, 0x00000000e1500000, 0x00000000e1500000|100%| O|  |TAMS 0x00000000e1500000, 0x00000000e1400000| Untracked 
|  21|0x00000000e1500000, 0x00000000e1600000, 0x00000000e1600000|100%| O|  |TAMS 0x00000000e1600000, 0x00000000e1500000| Untracked 
|  22|0x00000000e1600000, 0x00000000e1700000, 0x00000000e1700000|100%| O|  |TAMS 0x00000000e1700000, 0x00000000e1600000| Untracked 
|  23|0x00000000e1700000, 0x00000000e1800000, 0x00000000e1800000|100%| O|  |TAMS 0x00000000e1800000, 0x00000000e1700000| Untracked 
|  24|0x00000000e1800000, 0x00000000e1900000, 0x00000000e1900000|100%| O|  |TAMS 0x00000000e1900000, 0x00000000e1800000| Untracked 
|  25|0x00000000e1900000, 0x00000000e1a00000, 0x00000000e1a00000|100%| O|  |TAMS 0x00000000e1a00000, 0x00000000e1900000| Untracked 
|  26|0x00000000e1a00000, 0x00000000e1b00000, 0x00000000e1b00000|100%| O|  |TAMS 0x00000000e1b00000, 0x00000000e1a00000| Untracked 
|  27|0x00000000e1b00000, 0x00000000e1c00000, 0x00000000e1c00000|100%| O|  |TAMS 0x00000000e1c00000, 0x00000000e1b00000| Untracked 
|  28|0x00000000e1c00000, 0x00000000e1d00000, 0x00000000e1d00000|100%| O|  |TAMS 0x00000000e1d00000, 0x00000000e1c00000| Untracked 
|  29|0x00000000e1d00000, 0x00000000e1e00000, 0x00000000e1e00000|100%| O|  |TAMS 0x00000000e1e00000, 0x00000000e1d00000| Untracked 
|  30|0x00000000e1e00000, 0x00000000e1f00000, 0x00000000e1f00000|100%| O|  |TAMS 0x00000000e1f00000, 0x00000000e1e00000| Untracked 
|  31|0x00000000e1f00000, 0x00000000e2000000, 0x00000000e2000000|100%| O|  |TAMS 0x00000000e2000000, 0x00000000e1f00000| Untracked 
|  32|0x00000000e2000000, 0x00000000e2100000, 0x00000000e2100000|100%| O|  |TAMS 0x00000000e2100000, 0x00000000e2000000| Untracked 
|  33|0x00000000e2100000, 0x00000000e2200000, 0x00000000e2200000|100%| O|  |TAMS 0x00000000e2200000, 0x00000000e2100000| Untracked 
|  34|0x00000000e2200000, 0x00000000e2300000, 0x00000000e2300000|100%| O|  |TAMS 0x00000000e2300000, 0x00000000e2200000| Untracked 
|  35|0x00000000e2300000, 0x00000000e2400000, 0x00000000e2400000|100%| O|  |TAMS 0x00000000e2400000, 0x00000000e2300000| Untracked 
|  36|0x00000000e2400000, 0x00000000e2500000, 0x00000000e2500000|100%| O|  |TAMS 0x00000000e2500000, 0x00000000e2400000| Untracked 
|  37|0x00000000e2500000, 0x00000000e2600000, 0x00000000e2600000|100%|HS|  |TAMS 0x00000000e2600000, 0x00000000e2500000| Complete 
|  38|0x00000000e2600000, 0x00000000e2700000, 0x00000000e2700000|100%|HS|  |TAMS 0x00000000e2700000, 0x00000000e2600000| Complete 
|  39|0x00000000e2700000, 0x00000000e2800000, 0x00000000e2800000|100%|HS|  |TAMS 0x00000000e2800000, 0x00000000e2700000| Complete 
|  40|0x00000000e2800000, 0x00000000e2900000, 0x00000000e2900000|100%|HC|  |TAMS 0x00000000e2900000, 0x00000000e2800000| Complete 
|  41|0x00000000e2900000, 0x00000000e2a00000, 0x00000000e2a00000|100%|HS|  |TAMS 0x00000000e2a00000, 0x00000000e2900000| Complete 
|  42|0x00000000e2a00000, 0x00000000e2b00000, 0x00000000e2b00000|100%|HS|  |TAMS 0x00000000e2b00000, 0x00000000e2a00000| Complete 
|  43|0x00000000e2b00000, 0x00000000e2c00000, 0x00000000e2c00000|100%|HS|  |TAMS 0x00000000e2c00000, 0x00000000e2b00000| Complete 
|  44|0x00000000e2c00000, 0x00000000e2d00000, 0x00000000e2d00000|100%|HS|  |TAMS 0x00000000e2d00000, 0x00000000e2c00000| Complete 
|  45|0x00000000e2d00000, 0x00000000e2e00000, 0x00000000e2e00000|100%| O|  |TAMS 0x00000000e2e00000, 0x00000000e2d00000| Untracked 
|  46|0x00000000e2e00000, 0x00000000e2f00000, 0x00000000e2f00000|100%| O|  |TAMS 0x00000000e2f00000, 0x00000000e2e00000| Untracked 
|  47|0x00000000e2f00000, 0x00000000e3000000, 0x00000000e3000000|100%| O|  |TAMS 0x00000000e3000000, 0x00000000e2f00000| Untracked 
|  48|0x00000000e3000000, 0x00000000e3100000, 0x00000000e3100000|100%| O|  |TAMS 0x00000000e3100000, 0x00000000e3000000| Untracked 
|  49|0x00000000e3100000, 0x00000000e3200000, 0x00000000e3200000|100%| O|  |TAMS 0x00000000e3200000, 0x00000000e3100000| Untracked 
|  50|0x00000000e3200000, 0x00000000e3300000, 0x00000000e3300000|100%| O|  |TAMS 0x00000000e3300000, 0x00000000e3200000| Untracked 
|  51|0x00000000e3300000, 0x00000000e3400000, 0x00000000e3400000|100%| O|  |TAMS 0x00000000e3400000, 0x00000000e3300000| Untracked 
|  52|0x00000000e3400000, 0x00000000e3500000, 0x00000000e3500000|100%|HS|  |TAMS 0x00000000e3500000, 0x00000000e3400000| Complete 
|  53|0x00000000e3500000, 0x00000000e3600000, 0x00000000e3600000|100%|HC|  |TAMS 0x00000000e3600000, 0x00000000e3500000| Complete 
|  54|0x00000000e3600000, 0x00000000e3700000, 0x00000000e3700000|100%| O|  |TAMS 0x00000000e3700000, 0x00000000e3600000| Untracked 
|  55|0x00000000e3700000, 0x00000000e3800000, 0x00000000e3800000|100%| O|  |TAMS 0x00000000e3800000, 0x00000000e3700000| Untracked 
|  56|0x00000000e3800000, 0x00000000e3900000, 0x00000000e3900000|100%| O|  |TAMS 0x00000000e3900000, 0x00000000e3800000| Untracked 
|  57|0x00000000e3900000, 0x00000000e3a00000, 0x00000000e3a00000|100%| O|  |TAMS 0x00000000e3a00000, 0x00000000e3900000| Untracked 
|  58|0x00000000e3a00000, 0x00000000e3b00000, 0x00000000e3b00000|100%| O|  |TAMS 0x00000000e3b00000, 0x00000000e3a00000| Untracked 
|  59|0x00000000e3b00000, 0x00000000e3c00000, 0x00000000e3c00000|100%| O|  |TAMS 0x00000000e3c00000, 0x00000000e3b00000| Untracked 
|  60|0x00000000e3c00000, 0x00000000e3d00000, 0x00000000e3d00000|100%| O|  |TAMS 0x00000000e3d00000, 0x00000000e3c00000| Untracked 
|  61|0x00000000e3d00000, 0x00000000e3e00000, 0x00000000e3e00000|100%|HS|  |TAMS 0x00000000e3e00000, 0x00000000e3d00000| Complete 
|  62|0x00000000e3e00000, 0x00000000e3f00000, 0x00000000e3f00000|100%| O|  |TAMS 0x00000000e3f00000, 0x00000000e3e00000| Untracked 
|  63|0x00000000e3f00000, 0x00000000e4000000, 0x00000000e4000000|100%| O|  |TAMS 0x00000000e4000000, 0x00000000e3f00000| Untracked 
|  64|0x00000000e4000000, 0x00000000e4100000, 0x00000000e4100000|100%| O|  |TAMS 0x00000000e4100000, 0x00000000e4000000| Untracked 
|  65|0x00000000e4100000, 0x00000000e4200000, 0x00000000e4200000|100%| O|  |TAMS 0x00000000e4100000, 0x00000000e4100000| Untracked 
|  66|0x00000000e4200000, 0x00000000e4300000, 0x00000000e4300000|100%| O|  |TAMS 0x00000000e4300000, 0x00000000e4200000| Untracked 
|  67|0x00000000e4300000, 0x00000000e4400000, 0x00000000e4400000|100%| O|  |TAMS 0x00000000e4400000, 0x00000000e4300000| Untracked 
|  68|0x00000000e4400000, 0x00000000e4500000, 0x00000000e4500000|100%| O|  |TAMS 0x00000000e4500000, 0x00000000e4400000| Untracked 
|  69|0x00000000e4500000, 0x00000000e4600000, 0x00000000e4600000|100%| O|  |TAMS 0x00000000e4600000, 0x00000000e4500000| Untracked 
|  70|0x00000000e4600000, 0x00000000e4700000, 0x00000000e4700000|100%| O|  |TAMS 0x00000000e4700000, 0x00000000e4600000| Untracked 
|  71|0x00000000e4700000, 0x00000000e4800000, 0x00000000e4800000|100%| O|  |TAMS 0x00000000e4800000, 0x00000000e4700000| Untracked 
|  72|0x00000000e4800000, 0x00000000e4900000, 0x00000000e4900000|100%| O|  |TAMS 0x00000000e4900000, 0x00000000e4800000| Untracked 
|  73|0x00000000e4900000, 0x00000000e4a00000, 0x00000000e4a00000|100%| O|  |TAMS 0x00000000e4a00000, 0x00000000e4900000| Untracked 
|  74|0x00000000e4a00000, 0x00000000e4b00000, 0x00000000e4b00000|100%| O|  |TAMS 0x00000000e4b00000, 0x00000000e4a00000| Untracked 
|  75|0x00000000e4b00000, 0x00000000e4c00000, 0x00000000e4c00000|100%| O|  |TAMS 0x00000000e4c00000, 0x00000000e4b00000| Untracked 
|  76|0x00000000e4c00000, 0x00000000e4d00000, 0x00000000e4d00000|100%| O|  |TAMS 0x00000000e4d00000, 0x00000000e4c00000| Untracked 
|  77|0x00000000e4d00000, 0x00000000e4e00000, 0x00000000e4e00000|100%| O|  |TAMS 0x00000000e4e00000, 0x00000000e4d00000| Untracked 
|  78|0x00000000e4e00000, 0x00000000e4f00000, 0x00000000e4f00000|100%| O|  |TAMS 0x00000000e4f00000, 0x00000000e4e00000| Untracked 
|  79|0x00000000e4f00000, 0x00000000e5000000, 0x00000000e5000000|100%| O|  |TAMS 0x00000000e5000000, 0x00000000e4f00000| Untracked 
|  80|0x00000000e5000000, 0x00000000e5100000, 0x00000000e5100000|100%| O|  |TAMS 0x00000000e5100000, 0x00000000e5000000| Untracked 
|  81|0x00000000e5100000, 0x00000000e5200000, 0x00000000e5200000|100%| O|  |TAMS 0x00000000e5200000, 0x00000000e5100000| Untracked 
|  82|0x00000000e5200000, 0x00000000e5300000, 0x00000000e5300000|100%| O|  |TAMS 0x00000000e5300000, 0x00000000e5200000| Untracked 
|  83|0x00000000e5300000, 0x00000000e5400000, 0x00000000e5400000|100%| O|  |TAMS 0x00000000e5400000, 0x00000000e5300000| Untracked 
|  84|0x00000000e5400000, 0x00000000e5500000, 0x00000000e5500000|100%| O|  |TAMS 0x00000000e5500000, 0x00000000e5400000| Untracked 
|  85|0x00000000e5500000, 0x00000000e5600000, 0x00000000e5600000|100%| O|  |TAMS 0x00000000e5600000, 0x00000000e5500000| Untracked 
|  86|0x00000000e5600000, 0x00000000e5700000, 0x00000000e5700000|100%|HS|  |TAMS 0x00000000e5700000, 0x00000000e5600000| Complete 
|  87|0x00000000e5700000, 0x00000000e5800000, 0x00000000e5800000|100%|HC|  |TAMS 0x00000000e5800000, 0x00000000e5700000| Complete 
|  88|0x00000000e5800000, 0x00000000e5900000, 0x00000000e5900000|100%|HC|  |TAMS 0x00000000e5900000, 0x00000000e5800000| Complete 
|  89|0x00000000e5900000, 0x00000000e5a00000, 0x00000000e5a00000|100%|HC|  |TAMS 0x00000000e5a00000, 0x00000000e5900000| Complete 
|  90|0x00000000e5a00000, 0x00000000e5b00000, 0x00000000e5b00000|100%| O|  |TAMS 0x00000000e5b00000, 0x00000000e5a00000| Untracked 
|  91|0x00000000e5b00000, 0x00000000e5c00000, 0x00000000e5c00000|100%| O|  |TAMS 0x00000000e5c00000, 0x00000000e5b00000| Untracked 
|  92|0x00000000e5c00000, 0x00000000e5d00000, 0x00000000e5d00000|100%| O|  |TAMS 0x00000000e5d00000, 0x00000000e5c00000| Untracked 
|  93|0x00000000e5d00000, 0x00000000e5e00000, 0x00000000e5e00000|100%| O|  |TAMS 0x00000000e5e00000, 0x00000000e5d00000| Untracked 
|  94|0x00000000e5e00000, 0x00000000e5f00000, 0x00000000e5f00000|100%| O|  |TAMS 0x00000000e5f00000, 0x00000000e5e00000| Untracked 
|  95|0x00000000e5f00000, 0x00000000e6000000, 0x00000000e6000000|100%| O|  |TAMS 0x00000000e6000000, 0x00000000e5f00000| Untracked 
|  96|0x00000000e6000000, 0x00000000e6100000, 0x00000000e6100000|100%| O|  |TAMS 0x00000000e6100000, 0x00000000e6000000| Untracked 
|  97|0x00000000e6100000, 0x00000000e6200000, 0x00000000e6200000|100%| O|  |TAMS 0x00000000e6200000, 0x00000000e6100000| Untracked 
|  98|0x00000000e6200000, 0x00000000e6300000, 0x00000000e6300000|100%| O|  |TAMS 0x00000000e6300000, 0x00000000e6200000| Untracked 
|  99|0x00000000e6300000, 0x00000000e6400000, 0x00000000e6400000|100%| O|  |TAMS 0x00000000e635be00, 0x00000000e6300000| Untracked 
| 100|0x00000000e6400000, 0x00000000e6500000, 0x00000000e6500000|100%| O|  |TAMS 0x00000000e6400000, 0x00000000e6400000| Untracked 
| 101|0x00000000e6500000, 0x00000000e6600000, 0x00000000e6600000|100%| O|  |TAMS 0x00000000e6500000, 0x00000000e6500000| Untracked 
| 102|0x00000000e6600000, 0x00000000e6700000, 0x00000000e6700000|100%| O|  |TAMS 0x00000000e6600000, 0x00000000e6600000| Untracked 
| 103|0x00000000e6700000, 0x00000000e6800000, 0x00000000e6800000|100%|HS|  |TAMS 0x00000000e6700000, 0x00000000e6700000| Complete 
| 104|0x00000000e6800000, 0x00000000e6900000, 0x00000000e6900000|100%|HC|  |TAMS 0x00000000e6800000, 0x00000000e6800000| Complete 
| 105|0x00000000e6900000, 0x00000000e6a00000, 0x00000000e6a00000|100%| O|  |TAMS 0x00000000e6900000, 0x00000000e6900000| Untracked 
| 106|0x00000000e6a00000, 0x00000000e6b00000, 0x00000000e6b00000|100%| O|  |TAMS 0x00000000e6a00000, 0x00000000e6a00000| Untracked 
| 107|0x00000000e6b00000, 0x00000000e6c00000, 0x00000000e6c00000|100%| O|  |TAMS 0x00000000e6b00000, 0x00000000e6b00000| Untracked 
| 108|0x00000000e6c00000, 0x00000000e6d00000, 0x00000000e6d00000|100%| O|  |TAMS 0x00000000e6c00000, 0x00000000e6c00000| Untracked 
| 109|0x00000000e6d00000, 0x00000000e6e00000, 0x00000000e6e00000|100%| O|  |TAMS 0x00000000e6d00000, 0x00000000e6d00000| Untracked 
| 110|0x00000000e6e00000, 0x00000000e6f00000, 0x00000000e6f00000|100%| O|  |TAMS 0x00000000e6e00000, 0x00000000e6e00000| Untracked 
| 111|0x00000000e6f00000, 0x00000000e7000000, 0x00000000e7000000|100%| O|  |TAMS 0x00000000e6f00000, 0x00000000e6f00000| Untracked 
| 112|0x00000000e7000000, 0x00000000e7100000, 0x00000000e7100000|100%| O|  |TAMS 0x00000000e7000000, 0x00000000e7000000| Untracked 
| 113|0x00000000e7100000, 0x00000000e7200000, 0x00000000e7200000|100%| O|  |TAMS 0x00000000e7100000, 0x00000000e7100000| Untracked 
| 114|0x00000000e7200000, 0x00000000e7300000, 0x00000000e7300000|100%| O|  |TAMS 0x00000000e7200000, 0x00000000e7200000| Untracked 
| 115|0x00000000e7300000, 0x00000000e7400000, 0x00000000e7400000|100%| O|  |TAMS 0x00000000e7300000, 0x00000000e7300000| Untracked 
| 116|0x00000000e7400000, 0x00000000e7500000, 0x00000000e7500000|100%| O|  |TAMS 0x00000000e7400000, 0x00000000e7400000| Untracked 
| 117|0x00000000e7500000, 0x00000000e7600000, 0x00000000e7600000|100%| O|  |TAMS 0x00000000e7500000, 0x00000000e7500000| Untracked 
| 118|0x00000000e7600000, 0x00000000e7700000, 0x00000000e7700000|100%| O|  |TAMS 0x00000000e7600000, 0x00000000e7600000| Untracked 
| 119|0x00000000e7700000, 0x00000000e7800000, 0x00000000e7800000|100%| O|  |TAMS 0x00000000e7700000, 0x00000000e7700000| Untracked 
| 120|0x00000000e7800000, 0x00000000e7900000, 0x00000000e7900000|100%| O|  |TAMS 0x00000000e7800000, 0x00000000e7800000| Untracked 
| 121|0x00000000e7900000, 0x00000000e7a00000, 0x00000000e7a00000|100%| O|  |TAMS 0x00000000e7900000, 0x00000000e7900000| Untracked 
| 122|0x00000000e7a00000, 0x00000000e7b00000, 0x00000000e7b00000|100%| O|  |TAMS 0x00000000e7a00000, 0x00000000e7a00000| Untracked 
| 123|0x00000000e7b00000, 0x00000000e7c00000, 0x00000000e7c00000|100%| O|  |TAMS 0x00000000e7b00000, 0x00000000e7b00000| Untracked 
| 124|0x00000000e7c00000, 0x00000000e7d00000, 0x00000000e7d00000|100%| O|  |TAMS 0x00000000e7c00000, 0x00000000e7c00000| Untracked 
| 125|0x00000000e7d00000, 0x00000000e7e00000, 0x00000000e7e00000|100%| O|  |TAMS 0x00000000e7d00000, 0x00000000e7d00000| Untracked 
| 126|0x00000000e7e00000, 0x00000000e7f00000, 0x00000000e7f00000|100%| O|  |TAMS 0x00000000e7e00000, 0x00000000e7e00000| Untracked 
| 127|0x00000000e7f00000, 0x00000000e8000000, 0x00000000e8000000|100%| O|  |TAMS 0x00000000e7f00000, 0x00000000e7f00000| Untracked 
| 128|0x00000000e8000000, 0x00000000e8100000, 0x00000000e8100000|100%| O|  |TAMS 0x00000000e8000000, 0x00000000e8000000| Untracked 
| 129|0x00000000e8100000, 0x00000000e8200000, 0x00000000e8200000|100%| O|  |TAMS 0x00000000e8100000, 0x00000000e8100000| Untracked 
| 130|0x00000000e8200000, 0x00000000e8300000, 0x00000000e8300000|100%| O|  |TAMS 0x00000000e8200000, 0x00000000e8200000| Untracked 
| 131|0x00000000e8300000, 0x00000000e8400000, 0x00000000e8400000|100%| O|  |TAMS 0x00000000e8300000, 0x00000000e8300000| Untracked 
| 132|0x00000000e8400000, 0x00000000e8500000, 0x00000000e8500000|100%| O|  |TAMS 0x00000000e8400000, 0x00000000e8400000| Untracked 
| 133|0x00000000e8500000, 0x00000000e8600000, 0x00000000e8600000|100%| O|  |TAMS 0x00000000e8500000, 0x00000000e8500000| Untracked 
| 134|0x00000000e8600000, 0x00000000e8700000, 0x00000000e8700000|100%| O|  |TAMS 0x00000000e8600000, 0x00000000e8600000| Untracked 
| 135|0x00000000e8700000, 0x00000000e8800000, 0x00000000e8800000|100%| O|  |TAMS 0x00000000e8700000, 0x00000000e8700000| Untracked 
| 136|0x00000000e8800000, 0x00000000e8900000, 0x00000000e8900000|100%| O|  |TAMS 0x00000000e8800000, 0x00000000e8800000| Untracked 
| 137|0x00000000e8900000, 0x00000000e8a00000, 0x00000000e8a00000|100%| O|  |TAMS 0x00000000e8900000, 0x00000000e8900000| Untracked 
| 138|0x00000000e8a00000, 0x00000000e8b00000, 0x00000000e8b00000|100%| O|  |TAMS 0x00000000e8a00000, 0x00000000e8a00000| Untracked 
| 139|0x00000000e8b00000, 0x00000000e8c00000, 0x00000000e8c00000|100%| O|  |TAMS 0x00000000e8b00000, 0x00000000e8b00000| Untracked 
| 140|0x00000000e8c00000, 0x00000000e8d00000, 0x00000000e8d00000|100%| O|  |TAMS 0x00000000e8c00000, 0x00000000e8c00000| Untracked 
| 141|0x00000000e8d00000, 0x00000000e8e00000, 0x00000000e8e00000|100%| O|  |TAMS 0x00000000e8d00000, 0x00000000e8d00000| Untracked 
| 142|0x00000000e8e00000, 0x00000000e8f00000, 0x00000000e8f00000|100%| O|  |TAMS 0x00000000e8e00000, 0x00000000e8e00000| Untracked 
| 143|0x00000000e8f00000, 0x00000000e9000000, 0x00000000e9000000|100%| O|  |TAMS 0x00000000e8f00000, 0x00000000e8f00000| Untracked 
| 144|0x00000000e9000000, 0x00000000e9100000, 0x00000000e9100000|100%| O|  |TAMS 0x00000000e9000000, 0x00000000e9000000| Untracked 
| 145|0x00000000e9100000, 0x00000000e9200000, 0x00000000e9200000|100%| O|  |TAMS 0x00000000e9100000, 0x00000000e9100000| Untracked 
| 146|0x00000000e9200000, 0x00000000e9300000, 0x00000000e9300000|100%| O|  |TAMS 0x00000000e9200000, 0x00000000e9200000| Untracked 
| 147|0x00000000e9300000, 0x00000000e9400000, 0x00000000e9400000|100%| O|  |TAMS 0x00000000e9300000, 0x00000000e9300000| Untracked 
| 148|0x00000000e9400000, 0x00000000e9500000, 0x00000000e9500000|100%| O|  |TAMS 0x00000000e9400000, 0x00000000e9400000| Untracked 
| 149|0x00000000e9500000, 0x00000000e9600000, 0x00000000e9600000|100%| O|  |TAMS 0x00000000e9500000, 0x00000000e9500000| Untracked 
| 150|0x00000000e9600000, 0x00000000e9700000, 0x00000000e9700000|100%| O|  |TAMS 0x00000000e9600000, 0x00000000e9600000| Untracked 
| 151|0x00000000e9700000, 0x00000000e9800000, 0x00000000e9800000|100%| O|  |TAMS 0x00000000e9700000, 0x00000000e9700000| Untracked 
| 152|0x00000000e9800000, 0x00000000e9900000, 0x00000000e9900000|100%| O|  |TAMS 0x00000000e9800000, 0x00000000e9800000| Untracked 
| 153|0x00000000e9900000, 0x00000000e9a00000, 0x00000000e9a00000|100%| O|  |TAMS 0x00000000e9900000, 0x00000000e9900000| Untracked 
| 154|0x00000000e9a00000, 0x00000000e9b00000, 0x00000000e9b00000|100%| O|  |TAMS 0x00000000e9a00000, 0x00000000e9a00000| Untracked 
| 155|0x00000000e9b00000, 0x00000000e9c00000, 0x00000000e9c00000|100%| O|  |TAMS 0x00000000e9b00000, 0x00000000e9b00000| Untracked 
| 156|0x00000000e9c00000, 0x00000000e9d00000, 0x00000000e9d00000|100%| O|  |TAMS 0x00000000e9c00000, 0x00000000e9c00000| Untracked 
| 157|0x00000000e9d00000, 0x00000000e9e00000, 0x00000000e9e00000|100%| O|  |TAMS 0x00000000e9d00000, 0x00000000e9d00000| Untracked 
| 158|0x00000000e9e00000, 0x00000000e9f00000, 0x00000000e9f00000|100%| O|  |TAMS 0x00000000e9e00000, 0x00000000e9e00000| Untracked 
| 159|0x00000000e9f00000, 0x00000000ea000000, 0x00000000ea000000|100%| O|  |TAMS 0x00000000e9f00000, 0x00000000e9f00000| Untracked 
| 160|0x00000000ea000000, 0x00000000ea100000, 0x00000000ea100000|100%| O|  |TAMS 0x00000000ea000000, 0x00000000ea000000| Untracked 
| 161|0x00000000ea100000, 0x00000000ea200000, 0x00000000ea200000|100%| O|  |TAMS 0x00000000ea100000, 0x00000000ea100000| Untracked 
| 162|0x00000000ea200000, 0x00000000ea300000, 0x00000000ea300000|100%| O|  |TAMS 0x00000000ea200000, 0x00000000ea200000| Untracked 
| 163|0x00000000ea300000, 0x00000000ea400000, 0x00000000ea400000|100%| O|  |TAMS 0x00000000ea300000, 0x00000000ea300000| Untracked 
| 164|0x00000000ea400000, 0x00000000ea500000, 0x00000000ea500000|100%| O|  |TAMS 0x00000000ea400000, 0x00000000ea400000| Untracked 
| 165|0x00000000ea500000, 0x00000000ea600000, 0x00000000ea600000|100%| O|  |TAMS 0x00000000ea500000, 0x00000000ea500000| Untracked 
| 166|0x00000000ea600000, 0x00000000ea700000, 0x00000000ea700000|100%| O|  |TAMS 0x00000000ea600000, 0x00000000ea600000| Untracked 
| 167|0x00000000ea700000, 0x00000000ea800000, 0x00000000ea800000|100%| O|  |TAMS 0x00000000ea700000, 0x00000000ea700000| Untracked 
| 168|0x00000000ea800000, 0x00000000ea900000, 0x00000000ea900000|100%| O|  |TAMS 0x00000000ea800000, 0x00000000ea800000| Untracked 
| 169|0x00000000ea900000, 0x00000000eaa00000, 0x00000000eaa00000|100%| O|  |TAMS 0x00000000ea900000, 0x00000000ea900000| Untracked 
| 170|0x00000000eaa00000, 0x00000000eab00000, 0x00000000eab00000|100%| O|  |TAMS 0x00000000eaa00000, 0x00000000eaa00000| Untracked 
| 171|0x00000000eab00000, 0x00000000eac00000, 0x00000000eac00000|100%| O|  |TAMS 0x00000000eab00000, 0x00000000eab00000| Untracked 
| 172|0x00000000eac00000, 0x00000000ead00000, 0x00000000ead00000|100%| O|  |TAMS 0x00000000eac00000, 0x00000000eac00000| Untracked 
| 173|0x00000000ead00000, 0x00000000eae00000, 0x00000000eae00000|100%| O|  |TAMS 0x00000000ead00000, 0x00000000ead00000| Untracked 
| 174|0x00000000eae00000, 0x00000000eaf00000, 0x00000000eaf00000|100%| O|  |TAMS 0x00000000eae00000, 0x00000000eae00000| Untracked 
| 175|0x00000000eaf00000, 0x00000000eb000000, 0x00000000eb000000|100%| O|  |TAMS 0x00000000eaf00000, 0x00000000eaf00000| Untracked 
| 176|0x00000000eb000000, 0x00000000eb100000, 0x00000000eb100000|100%| O|  |TAMS 0x00000000eb000000, 0x00000000eb000000| Untracked 
| 177|0x00000000eb100000, 0x00000000eb200000, 0x00000000eb200000|100%| O|  |TAMS 0x00000000eb100000, 0x00000000eb100000| Untracked 
| 178|0x00000000eb200000, 0x00000000eb300000, 0x00000000eb300000|100%| O|  |TAMS 0x00000000eb200000, 0x00000000eb200000| Untracked 
| 179|0x00000000eb300000, 0x00000000eb400000, 0x00000000eb400000|100%| O|  |TAMS 0x00000000eb300000, 0x00000000eb300000| Untracked 
| 180|0x00000000eb400000, 0x00000000eb500000, 0x00000000eb500000|100%| O|  |TAMS 0x00000000eb400000, 0x00000000eb400000| Untracked 
| 181|0x00000000eb500000, 0x00000000eb600000, 0x00000000eb600000|100%| O|  |TAMS 0x00000000eb500000, 0x00000000eb500000| Untracked 
| 182|0x00000000eb600000, 0x00000000eb700000, 0x00000000eb700000|100%| O|  |TAMS 0x00000000eb600000, 0x00000000eb600000| Untracked 
| 183|0x00000000eb700000, 0x00000000eb800000, 0x00000000eb800000|100%| O|  |TAMS 0x00000000eb700000, 0x00000000eb700000| Untracked 
| 184|0x00000000eb800000, 0x00000000eb900000, 0x00000000eb900000|100%| O|  |TAMS 0x00000000eb800000, 0x00000000eb800000| Untracked 
| 185|0x00000000eb900000, 0x00000000eba00000, 0x00000000eba00000|100%| O|  |TAMS 0x00000000eb900000, 0x00000000eb900000| Untracked 
| 186|0x00000000eba00000, 0x00000000ebb00000, 0x00000000ebb00000|100%| O|  |TAMS 0x00000000eba00000, 0x00000000eba00000| Untracked 
| 187|0x00000000ebb00000, 0x00000000ebc00000, 0x00000000ebc00000|100%| O|  |TAMS 0x00000000ebb00000, 0x00000000ebb00000| Untracked 
| 188|0x00000000ebc00000, 0x00000000ebd00000, 0x00000000ebd00000|100%| O|  |TAMS 0x00000000ebc00000, 0x00000000ebc00000| Untracked 
| 189|0x00000000ebd00000, 0x00000000ebe00000, 0x00000000ebe00000|100%| O|  |TAMS 0x00000000ebd00000, 0x00000000ebd00000| Untracked 
| 190|0x00000000ebe00000, 0x00000000ebf00000, 0x00000000ebf00000|100%| O|  |TAMS 0x00000000ebe00000, 0x00000000ebe00000| Untracked 
| 191|0x00000000ebf00000, 0x00000000ec000000, 0x00000000ec000000|100%| O|  |TAMS 0x00000000ebf00000, 0x00000000ebf00000| Untracked 
| 192|0x00000000ec000000, 0x00000000ec100000, 0x00000000ec100000|100%| O|  |TAMS 0x00000000ec000000, 0x00000000ec000000| Untracked 
| 193|0x00000000ec100000, 0x00000000ec200000, 0x00000000ec200000|100%| O|  |TAMS 0x00000000ec100000, 0x00000000ec100000| Untracked 
| 194|0x00000000ec200000, 0x00000000ec300000, 0x00000000ec300000|100%| O|  |TAMS 0x00000000ec200000, 0x00000000ec200000| Untracked 
| 195|0x00000000ec300000, 0x00000000ec400000, 0x00000000ec400000|100%| O|  |TAMS 0x00000000ec300000, 0x00000000ec300000| Untracked 
| 196|0x00000000ec400000, 0x00000000ec500000, 0x00000000ec500000|100%| O|  |TAMS 0x00000000ec400000, 0x00000000ec400000| Untracked 
| 197|0x00000000ec500000, 0x00000000ec600000, 0x00000000ec600000|100%| O|  |TAMS 0x00000000ec500000, 0x00000000ec500000| Untracked 
| 198|0x00000000ec600000, 0x00000000ec700000, 0x00000000ec700000|100%| O|  |TAMS 0x00000000ec600000, 0x00000000ec600000| Untracked 
| 199|0x00000000ec700000, 0x00000000ec800000, 0x00000000ec800000|100%| O|  |TAMS 0x00000000ec700000, 0x00000000ec700000| Untracked 
| 200|0x00000000ec800000, 0x00000000ec900000, 0x00000000ec900000|100%| O|  |TAMS 0x00000000ec800000, 0x00000000ec800000| Untracked 
| 201|0x00000000ec900000, 0x00000000eca00000, 0x00000000eca00000|100%| O|  |TAMS 0x00000000ec900000, 0x00000000ec900000| Untracked 
| 202|0x00000000eca00000, 0x00000000ecb00000, 0x00000000ecb00000|100%| O|  |TAMS 0x00000000eca00000, 0x00000000eca00000| Untracked 
| 203|0x00000000ecb00000, 0x00000000ecc00000, 0x00000000ecc00000|100%| O|  |TAMS 0x00000000ecb00000, 0x00000000ecb00000| Untracked 
| 204|0x00000000ecc00000, 0x00000000ecd00000, 0x00000000ecd00000|100%| O|  |TAMS 0x00000000ecc00000, 0x00000000ecc00000| Untracked 
| 205|0x00000000ecd00000, 0x00000000ece00000, 0x00000000ece00000|100%| O|  |TAMS 0x00000000ecd00000, 0x00000000ecd00000| Untracked 
| 206|0x00000000ece00000, 0x00000000ecf00000, 0x00000000ecf00000|100%| O|  |TAMS 0x00000000ece00000, 0x00000000ece00000| Untracked 
| 207|0x00000000ecf00000, 0x00000000ed000000, 0x00000000ed000000|100%| O|  |TAMS 0x00000000ecf00000, 0x00000000ecf00000| Untracked 
| 208|0x00000000ed000000, 0x00000000ed100000, 0x00000000ed100000|100%| O|  |TAMS 0x00000000ed000000, 0x00000000ed000000| Untracked 
| 209|0x00000000ed100000, 0x00000000ed200000, 0x00000000ed200000|100%| O|  |TAMS 0x00000000ed100000, 0x00000000ed100000| Untracked 
| 210|0x00000000ed200000, 0x00000000ed300000, 0x00000000ed300000|100%| O|  |TAMS 0x00000000ed200000, 0x00000000ed200000| Untracked 
| 211|0x00000000ed300000, 0x00000000ed400000, 0x00000000ed400000|100%| O|  |TAMS 0x00000000ed300000, 0x00000000ed300000| Untracked 
| 212|0x00000000ed400000, 0x00000000ed500000, 0x00000000ed500000|100%| O|  |TAMS 0x00000000ed400000, 0x00000000ed400000| Untracked 
| 213|0x00000000ed500000, 0x00000000ed600000, 0x00000000ed600000|100%| O|  |TAMS 0x00000000ed500000, 0x00000000ed500000| Untracked 
| 214|0x00000000ed600000, 0x00000000ed700000, 0x00000000ed700000|100%| O|  |TAMS 0x00000000ed600000, 0x00000000ed600000| Untracked 
| 215|0x00000000ed700000, 0x00000000ed800000, 0x00000000ed800000|100%| O|  |TAMS 0x00000000ed700000, 0x00000000ed700000| Untracked 
| 216|0x00000000ed800000, 0x00000000ed900000, 0x00000000ed900000|100%| O|  |TAMS 0x00000000ed800000, 0x00000000ed800000| Untracked 
| 217|0x00000000ed900000, 0x00000000eda00000, 0x00000000eda00000|100%| O|  |TAMS 0x00000000ed900000, 0x00000000ed900000| Untracked 
| 218|0x00000000eda00000, 0x00000000edb00000, 0x00000000edb00000|100%| O|  |TAMS 0x00000000eda00000, 0x00000000eda00000| Untracked 
| 219|0x00000000edb00000, 0x00000000edc00000, 0x00000000edc00000|100%| O|  |TAMS 0x00000000edb00000, 0x00000000edb00000| Untracked 
| 220|0x00000000edc00000, 0x00000000edd00000, 0x00000000edd00000|100%| O|  |TAMS 0x00000000edc00000, 0x00000000edc00000| Untracked 
| 221|0x00000000edd00000, 0x00000000ede00000, 0x00000000ede00000|100%| O|  |TAMS 0x00000000edd00000, 0x00000000edd00000| Untracked 
| 222|0x00000000ede00000, 0x00000000edf00000, 0x00000000edf00000|100%| O|  |TAMS 0x00000000ede00000, 0x00000000ede00000| Untracked 
| 223|0x00000000edf00000, 0x00000000ee000000, 0x00000000ee000000|100%| O|  |TAMS 0x00000000edf00000, 0x00000000edf00000| Untracked 
| 224|0x00000000ee000000, 0x00000000ee100000, 0x00000000ee100000|100%| O|  |TAMS 0x00000000ee000000, 0x00000000ee000000| Untracked 
| 225|0x00000000ee100000, 0x00000000ee200000, 0x00000000ee200000|100%| O|  |TAMS 0x00000000ee100000, 0x00000000ee100000| Untracked 
| 226|0x00000000ee200000, 0x00000000ee300000, 0x00000000ee300000|100%| O|  |TAMS 0x00000000ee200000, 0x00000000ee200000| Untracked 
| 227|0x00000000ee300000, 0x00000000ee400000, 0x00000000ee400000|100%| O|  |TAMS 0x00000000ee300000, 0x00000000ee300000| Untracked 
| 228|0x00000000ee400000, 0x00000000ee500000, 0x00000000ee500000|100%| O|  |TAMS 0x00000000ee400000, 0x00000000ee400000| Untracked 
| 229|0x00000000ee500000, 0x00000000ee600000, 0x00000000ee600000|100%| O|  |TAMS 0x00000000ee500000, 0x00000000ee500000| Untracked 
| 230|0x00000000ee600000, 0x00000000ee700000, 0x00000000ee700000|100%| O|  |TAMS 0x00000000ee600000, 0x00000000ee600000| Untracked 
| 231|0x00000000ee700000, 0x00000000ee800000, 0x00000000ee800000|100%| O|  |TAMS 0x00000000ee700000, 0x00000000ee700000| Untracked 
| 232|0x00000000ee800000, 0x00000000ee900000, 0x00000000ee900000|100%| O|  |TAMS 0x00000000ee800000, 0x00000000ee800000| Untracked 
| 233|0x00000000ee900000, 0x00000000eea00000, 0x00000000eea00000|100%| O|  |TAMS 0x00000000ee900000, 0x00000000ee900000| Untracked 
| 234|0x00000000eea00000, 0x00000000eeb00000, 0x00000000eeb00000|100%| O|  |TAMS 0x00000000eea00000, 0x00000000eea00000| Untracked 
| 235|0x00000000eeb00000, 0x00000000eec00000, 0x00000000eec00000|100%| O|  |TAMS 0x00000000eeb00000, 0x00000000eeb00000| Untracked 
| 236|0x00000000eec00000, 0x00000000eed00000, 0x00000000eed00000|100%| O|  |TAMS 0x00000000eec00000, 0x00000000eec00000| Untracked 
| 237|0x00000000eed00000, 0x00000000eee00000, 0x00000000eee00000|100%| O|  |TAMS 0x00000000eed00000, 0x00000000eed00000| Untracked 
| 238|0x00000000eee00000, 0x00000000eef00000, 0x00000000eef00000|100%| O|  |TAMS 0x00000000eee00000, 0x00000000eee00000| Untracked 
| 239|0x00000000eef00000, 0x00000000ef000000, 0x00000000ef000000|100%| O|  |TAMS 0x00000000eef00000, 0x00000000eef00000| Untracked 
| 240|0x00000000ef000000, 0x00000000ef100000, 0x00000000ef100000|100%| O|  |TAMS 0x00000000ef000000, 0x00000000ef000000| Untracked 
| 241|0x00000000ef100000, 0x00000000ef200000, 0x00000000ef200000|100%| O|  |TAMS 0x00000000ef100000, 0x00000000ef100000| Untracked 
| 242|0x00000000ef200000, 0x00000000ef300000, 0x00000000ef300000|100%| O|  |TAMS 0x00000000ef200000, 0x00000000ef200000| Untracked 
| 243|0x00000000ef300000, 0x00000000ef400000, 0x00000000ef400000|100%| O|  |TAMS 0x00000000ef300000, 0x00000000ef300000| Untracked 
| 244|0x00000000ef400000, 0x00000000ef500000, 0x00000000ef500000|100%| O|  |TAMS 0x00000000ef400000, 0x00000000ef400000| Untracked 
| 245|0x00000000ef500000, 0x00000000ef600000, 0x00000000ef600000|100%| O|  |TAMS 0x00000000ef500000, 0x00000000ef500000| Untracked 
| 246|0x00000000ef600000, 0x00000000ef700000, 0x00000000ef700000|100%| O|  |TAMS 0x00000000ef600000, 0x00000000ef600000| Untracked 
| 247|0x00000000ef700000, 0x00000000ef800000, 0x00000000ef800000|100%| O|  |TAMS 0x00000000ef700000, 0x00000000ef700000| Untracked 
| 248|0x00000000ef800000, 0x00000000ef900000, 0x00000000ef900000|100%| O|  |TAMS 0x00000000ef800000, 0x00000000ef800000| Untracked 
| 249|0x00000000ef900000, 0x00000000efa00000, 0x00000000efa00000|100%| O|  |TAMS 0x00000000ef900000, 0x00000000ef900000| Untracked 
| 250|0x00000000efa00000, 0x00000000efb00000, 0x00000000efb00000|100%| O|  |TAMS 0x00000000efa00000, 0x00000000efa00000| Untracked 
| 251|0x00000000efb00000, 0x00000000efc00000, 0x00000000efc00000|100%| O|  |TAMS 0x00000000efb00000, 0x00000000efb00000| Untracked 
| 252|0x00000000efc00000, 0x00000000efd00000, 0x00000000efd00000|100%| O|  |TAMS 0x00000000efc00000, 0x00000000efc00000| Untracked 
| 253|0x00000000efd00000, 0x00000000efe00000, 0x00000000efe00000|100%| O|  |TAMS 0x00000000efd00000, 0x00000000efd00000| Untracked 
| 254|0x00000000efe00000, 0x00000000eff00000, 0x00000000eff00000|100%| O|  |TAMS 0x00000000efe00000, 0x00000000efe00000| Untracked 
| 255|0x00000000eff00000, 0x00000000f0000000, 0x00000000f0000000|100%| O|  |TAMS 0x00000000eff00000, 0x00000000eff00000| Untracked 
| 256|0x00000000f0000000, 0x00000000f0100000, 0x00000000f0100000|100%| O|  |TAMS 0x00000000f0000000, 0x00000000f0000000| Untracked 
| 257|0x00000000f0100000, 0x00000000f0200000, 0x00000000f0200000|100%| O|  |TAMS 0x00000000f0100000, 0x00000000f0100000| Untracked 
| 258|0x00000000f0200000, 0x00000000f0300000, 0x00000000f0300000|100%| O|  |TAMS 0x00000000f0200000, 0x00000000f0200000| Untracked 
| 259|0x00000000f0300000, 0x00000000f0400000, 0x00000000f0400000|100%| O|  |TAMS 0x00000000f0300000, 0x00000000f0300000| Untracked 
| 260|0x00000000f0400000, 0x00000000f0500000, 0x00000000f0500000|100%| O|  |TAMS 0x00000000f0400000, 0x00000000f0400000| Untracked 
| 261|0x00000000f0500000, 0x00000000f0600000, 0x00000000f0600000|100%| O|  |TAMS 0x00000000f0500000, 0x00000000f0500000| Untracked 
| 262|0x00000000f0600000, 0x00000000f0700000, 0x00000000f0700000|100%| O|  |TAMS 0x00000000f0600000, 0x00000000f0600000| Untracked 
| 263|0x00000000f0700000, 0x00000000f0800000, 0x00000000f0800000|100%| O|  |TAMS 0x00000000f0700000, 0x00000000f0700000| Untracked 
| 264|0x00000000f0800000, 0x00000000f0900000, 0x00000000f0900000|100%| O|  |TAMS 0x00000000f0800000, 0x00000000f0800000| Untracked 
| 265|0x00000000f0900000, 0x00000000f0a00000, 0x00000000f0a00000|100%| O|  |TAMS 0x00000000f0900000, 0x00000000f0900000| Untracked 
| 266|0x00000000f0a00000, 0x00000000f0aad600, 0x00000000f0b00000| 67%| O|  |TAMS 0x00000000f0a00000, 0x00000000f0a00000| Untracked 
| 267|0x00000000f0b00000, 0x00000000f0b00000, 0x00000000f0c00000|  0%| F|  |TAMS 0x00000000f0b00000, 0x00000000f0b00000| Untracked 
| 268|0x00000000f0c00000, 0x00000000f0c00000, 0x00000000f0d00000|  0%| F|  |TAMS 0x00000000f0c00000, 0x00000000f0c00000| Untracked 
| 269|0x00000000f0d00000, 0x00000000f0d00000, 0x00000000f0e00000|  0%| F|  |TAMS 0x00000000f0d00000, 0x00000000f0d00000| Untracked 
| 270|0x00000000f0e00000, 0x00000000f0e00000, 0x00000000f0f00000|  0%| F|  |TAMS 0x00000000f0e00000, 0x00000000f0e00000| Untracked 
| 271|0x00000000f0f00000, 0x00000000f0f00000, 0x00000000f1000000|  0%| F|  |TAMS 0x00000000f0f00000, 0x00000000f0f00000| Untracked 
| 272|0x00000000f1000000, 0x00000000f1000000, 0x00000000f1100000|  0%| F|  |TAMS 0x00000000f1000000, 0x00000000f1000000| Untracked 
| 273|0x00000000f1100000, 0x00000000f1100000, 0x00000000f1200000|  0%| F|  |TAMS 0x00000000f1100000, 0x00000000f1100000| Untracked 
| 274|0x00000000f1200000, 0x00000000f1200000, 0x00000000f1300000|  0%| F|  |TAMS 0x00000000f1200000, 0x00000000f1200000| Untracked 
| 275|0x00000000f1300000, 0x00000000f1300000, 0x00000000f1400000|  0%| F|  |TAMS 0x00000000f1300000, 0x00000000f1300000| Untracked 
| 276|0x00000000f1400000, 0x00000000f1400000, 0x00000000f1500000|  0%| F|  |TAMS 0x00000000f1400000, 0x00000000f1400000| Untracked 
| 277|0x00000000f1500000, 0x00000000f1500000, 0x00000000f1600000|  0%| F|  |TAMS 0x00000000f1500000, 0x00000000f1500000| Untracked 
| 278|0x00000000f1600000, 0x00000000f1600000, 0x00000000f1700000|  0%| F|  |TAMS 0x00000000f1600000, 0x00000000f1600000| Untracked 
| 279|0x00000000f1700000, 0x00000000f1700000, 0x00000000f1800000|  0%| F|  |TAMS 0x00000000f1700000, 0x00000000f1700000| Untracked 
| 280|0x00000000f1800000, 0x00000000f1800000, 0x00000000f1900000|  0%| F|  |TAMS 0x00000000f1800000, 0x00000000f1800000| Untracked 
| 281|0x00000000f1900000, 0x00000000f1900000, 0x00000000f1a00000|  0%| F|  |TAMS 0x00000000f1900000, 0x00000000f1900000| Untracked 
| 282|0x00000000f1a00000, 0x00000000f1a00000, 0x00000000f1b00000|  0%| F|  |TAMS 0x00000000f1a00000, 0x00000000f1a00000| Untracked 
| 283|0x00000000f1b00000, 0x00000000f1b00000, 0x00000000f1c00000|  0%| F|  |TAMS 0x00000000f1b00000, 0x00000000f1b00000| Untracked 
| 284|0x00000000f1c00000, 0x00000000f1c00000, 0x00000000f1d00000|  0%| F|  |TAMS 0x00000000f1c00000, 0x00000000f1c00000| Untracked 
| 285|0x00000000f1d00000, 0x00000000f1d00000, 0x00000000f1e00000|  0%| F|  |TAMS 0x00000000f1d00000, 0x00000000f1d00000| Untracked 
| 286|0x00000000f1e00000, 0x00000000f1e00000, 0x00000000f1f00000|  0%| F|  |TAMS 0x00000000f1e00000, 0x00000000f1e00000| Untracked 
| 287|0x00000000f1f00000, 0x00000000f1f00000, 0x00000000f2000000|  0%| F|  |TAMS 0x00000000f1f00000, 0x00000000f1f00000| Untracked 
| 288|0x00000000f2000000, 0x00000000f2000000, 0x00000000f2100000|  0%| F|  |TAMS 0x00000000f2000000, 0x00000000f2000000| Untracked 
| 289|0x00000000f2100000, 0x00000000f2100000, 0x00000000f2200000|  0%| F|  |TAMS 0x00000000f2100000, 0x00000000f2100000| Untracked 
| 290|0x00000000f2200000, 0x00000000f2200000, 0x00000000f2300000|  0%| F|  |TAMS 0x00000000f2200000, 0x00000000f2200000| Untracked 
| 291|0x00000000f2300000, 0x00000000f2300000, 0x00000000f2400000|  0%| F|  |TAMS 0x00000000f2300000, 0x00000000f2300000| Untracked 
| 292|0x00000000f2400000, 0x00000000f2400000, 0x00000000f2500000|  0%| F|  |TAMS 0x00000000f2400000, 0x00000000f2400000| Untracked 
| 293|0x00000000f2500000, 0x00000000f2500000, 0x00000000f2600000|  0%| F|  |TAMS 0x00000000f2500000, 0x00000000f2500000| Untracked 
| 294|0x00000000f2600000, 0x00000000f2600000, 0x00000000f2700000|  0%| F|  |TAMS 0x00000000f2600000, 0x00000000f2600000| Untracked 
| 295|0x00000000f2700000, 0x00000000f2700000, 0x00000000f2800000|  0%| F|  |TAMS 0x00000000f2700000, 0x00000000f2700000| Untracked 
| 296|0x00000000f2800000, 0x00000000f2800000, 0x00000000f2900000|  0%| F|  |TAMS 0x00000000f2800000, 0x00000000f2800000| Untracked 
| 297|0x00000000f2900000, 0x00000000f2900000, 0x00000000f2a00000|  0%| F|  |TAMS 0x00000000f2900000, 0x00000000f2900000| Untracked 
| 298|0x00000000f2a00000, 0x00000000f2a00000, 0x00000000f2b00000|  0%| F|  |TAMS 0x00000000f2a00000, 0x00000000f2a00000| Untracked 
| 299|0x00000000f2b00000, 0x00000000f2b00000, 0x00000000f2c00000|  0%| F|  |TAMS 0x00000000f2b00000, 0x00000000f2b00000| Untracked 
| 300|0x00000000f2c00000, 0x00000000f2c00000, 0x00000000f2d00000|  0%| F|  |TAMS 0x00000000f2c00000, 0x00000000f2c00000| Untracked 
| 301|0x00000000f2d00000, 0x00000000f2d00000, 0x00000000f2e00000|  0%| F|  |TAMS 0x00000000f2d00000, 0x00000000f2d00000| Untracked 
| 302|0x00000000f2e00000, 0x00000000f2e00000, 0x00000000f2f00000|  0%| F|  |TAMS 0x00000000f2e00000, 0x00000000f2e00000| Untracked 
| 303|0x00000000f2f00000, 0x00000000f2fba1e0, 0x00000000f3000000| 72%| S|CS|TAMS 0x00000000f2f00000, 0x00000000f2f00000| Complete 
| 304|0x00000000f3000000, 0x00000000f3000000, 0x00000000f3100000|  0%| F|  |TAMS 0x00000000f3000000, 0x00000000f3000000| Untracked 
| 305|0x00000000f3100000, 0x00000000f3100000, 0x00000000f3200000|  0%| F|  |TAMS 0x00000000f3100000, 0x00000000f3100000| Untracked 
| 306|0x00000000f3200000, 0x00000000f3200000, 0x00000000f3300000|  0%| F|  |TAMS 0x00000000f3200000, 0x00000000f3200000| Untracked 
| 307|0x00000000f3300000, 0x00000000f3300000, 0x00000000f3400000|  0%| F|  |TAMS 0x00000000f3300000, 0x00000000f3300000| Untracked 
| 308|0x00000000f3400000, 0x00000000f3400000, 0x00000000f3500000|  0%| F|  |TAMS 0x00000000f3400000, 0x00000000f3400000| Untracked 
| 309|0x00000000f3500000, 0x00000000f3500000, 0x00000000f3600000|  0%| F|  |TAMS 0x00000000f3500000, 0x00000000f3500000| Untracked 
| 310|0x00000000f3600000, 0x00000000f3600000, 0x00000000f3700000|  0%| F|  |TAMS 0x00000000f3600000, 0x00000000f3600000| Untracked 
| 311|0x00000000f3700000, 0x00000000f3700000, 0x00000000f3800000|  0%| F|  |TAMS 0x00000000f3700000, 0x00000000f3700000| Untracked 
| 312|0x00000000f3800000, 0x00000000f3800000, 0x00000000f3900000|  0%| F|  |TAMS 0x00000000f3800000, 0x00000000f3800000| Untracked 
| 313|0x00000000f3900000, 0x00000000f3900000, 0x00000000f3a00000|  0%| F|  |TAMS 0x00000000f3900000, 0x00000000f3900000| Untracked 
| 314|0x00000000f3a00000, 0x00000000f3a00000, 0x00000000f3b00000|  0%| F|  |TAMS 0x00000000f3a00000, 0x00000000f3a00000| Untracked 
| 315|0x00000000f3b00000, 0x00000000f3b00000, 0x00000000f3c00000|  0%| F|  |TAMS 0x00000000f3b00000, 0x00000000f3b00000| Untracked 
| 316|0x00000000f3c00000, 0x00000000f3c00000, 0x00000000f3d00000|  0%| F|  |TAMS 0x00000000f3c00000, 0x00000000f3c00000| Untracked 
| 317|0x00000000f3d00000, 0x00000000f3d00000, 0x00000000f3e00000|  0%| F|  |TAMS 0x00000000f3d00000, 0x00000000f3d00000| Untracked 
| 318|0x00000000f3e00000, 0x00000000f3e00000, 0x00000000f3f00000|  0%| F|  |TAMS 0x00000000f3e00000, 0x00000000f3e00000| Untracked 
| 319|0x00000000f3f00000, 0x00000000f3f00000, 0x00000000f4000000|  0%| F|  |TAMS 0x00000000f3f00000, 0x00000000f3f00000| Untracked 
| 320|0x00000000f4000000, 0x00000000f4000000, 0x00000000f4100000|  0%| F|  |TAMS 0x00000000f4000000, 0x00000000f4000000| Untracked 
| 321|0x00000000f4100000, 0x00000000f4100000, 0x00000000f4200000|  0%| F|  |TAMS 0x00000000f4100000, 0x00000000f4100000| Untracked 
| 322|0x00000000f4200000, 0x00000000f4200000, 0x00000000f4300000|  0%| F|  |TAMS 0x00000000f4200000, 0x00000000f4200000| Untracked 
| 510|0x00000000ffe00000, 0x00000000ffe75000, 0x00000000fff00000| 45%|OA|  |TAMS 0x00000000ffe75000, 0x00000000ffe00000| Untracked 
| 511|0x00000000fff00000, 0x00000000fff78000, 0x0000000100000000| 46%|CA|  |TAMS 0x00000000fff78000, 0x00000000fff00000| Untracked 

Card table byte_map: [0x00007f99de2cd000,0x00007f99de3cd000] _byte_map_base: 0x00007f99ddbcd000

Marking Bits (Prev, Next): (CMBitMap*) 0x00007f99d8048f50, (CMBitMap*) 0x00007f99d8048f90
 Prev Bits: [0x00007f99dd9cd000, 0x00007f99de1cd000)
 Next Bits: [0x00007f99dd1cd000, 0x00007f99dd9cd000)

Polling page: 0x00007f99e0290000

Metaspace:

Usage:
  Non-class:    103.53 MB used.
      Class:     16.47 MB used.
       Both:    120.00 MB used.

Virtual space:
  Non-class space:      128.00 MB reserved,     104.00 MB ( 81%) committed,  2 nodes.
      Class space:      208.00 MB reserved,      16.94 MB (  8%) committed,  1 nodes.
             Both:      336.00 MB reserved,     120.94 MB ( 36%) committed. 

Chunk freelists:
   Non-Class:  7.08 MB
       Class:  15.05 MB
        Both:  22.12 MB

MaxMetaspaceSize: 256.00 MB
CompressedClassSpaceSize: 208.00 MB
Initial GC threshold: 21.00 MB
Current GC threshold: 169.38 MB
CDS: on
MetaspaceReclaimPolicy: balanced
 - commit_granule_bytes: 65536.
 - commit_granule_words: 8192.
 - virtual_space_node_default_size: 8388608.
 - enlarge_chunks_in_place: 1.
 - new_chunks_are_fully_committed: 0.
 - uncommit_free_chunks: 1.
 - use_allocation_guard: 0.
 - handle_deallocations: 1.


Internal statistics:

num_allocs_failed_limit: 6.
num_arena_births: 1504.
num_arena_deaths: 0.
num_vsnodes_births: 3.
num_vsnodes_deaths: 0.
num_space_committed: 1935.
num_space_uncommitted: 0.
num_chunks_returned_to_freelist: 6.
num_chunks_taken_from_freelist: 6828.
num_chunk_merges: 6.
num_chunk_splits: 4541.
num_chunks_enlarged: 3108.
num_inconsistent_stats: 0.

CodeHeap 'non-profiled nmethods': size=120036Kb used=8564Kb max_used=8564Kb free=111471Kb
 bounds [0x00007f99c8fd8000, 0x00007f99c9838000, 0x00007f99d0511000]
CodeHeap 'profiled nmethods': size=120032Kb used=34348Kb max_used=34400Kb free=85684Kb
 bounds [0x00007f99c1511000, 0x00007f99c36c1000, 0x00007f99c8a49000]
CodeHeap 'non-nmethods': size=5692Kb used=1791Kb max_used=1891Kb free=3900Kb
 bounds [0x00007f99c8a49000, 0x00007f99c8cb9000, 0x00007f99c8fd8000]
 total_blobs=17042 nmethods=16150 adapters=804
 compilation: enabled
              stopped_count=0, restarted_count=0
 full_count=0

Compilation events (20 events):
Event: 181.303 Thread 0x00007f99d80a2ea0 21879       2       com.android.tools.r8.graph.r8::<init> (59 bytes)
Event: 181.303 Thread 0x00007f99d80a2ea0 nmethod 21879 0x00007f99c2d1aa90 code [0x00007f99c2d1ac60, 0x00007f99c2d1b040]
Event: 181.303 Thread 0x00007f99d80a2ea0 21885       2       com.android.tools.r8.internal.o51$$Lambda$2846/0x00007f99980f04d0::<init> (15 bytes)
Event: 181.303 Thread 0x00007f99d80a2ea0 nmethod 21885 0x00007f99c2d1a690 code [0x00007f99c2d1a820, 0x00007f99c2d1a9d0]
Event: 181.303 Thread 0x00007f99d80a2ea0 21886       2       com.android.tools.r8.graph.d2::d (22 bytes)
Event: 181.303 Thread 0x00007f99d80a2ea0 nmethod 21886 0x00007f99c2d1a290 code [0x00007f99c2d1a440, 0x00007f99c2d1a5b0]
Event: 181.303 Thread 0x00007f99d80a2ea0 21909       1       com.android.tools.r8.internal.mx2::getValue (5 bytes)
Event: 181.303 Thread 0x00007f99d80a2ea0 nmethod 21909 0x00007f99c9834c10 code [0x00007f99c9834da0, 0x00007f99c9834e70]
Event: 181.303 Thread 0x00007f99d80a2ea0 21902       1       com.android.tools.r8.graph.d6::w1 (2 bytes)
Event: 181.303 Thread 0x00007f99d80a2ea0 nmethod 21902 0x00007f99c9834f10 code [0x00007f99c98350a0, 0x00007f99c9835170]
Event: 181.401 Thread 0x00007f99d80a2ea0 21912       3       com.android.tools.r8.graph.r8::<init> (62 bytes)
Event: 181.473 Thread 0x00007f99d80a2ea0 nmethod 21912 0x00007f99c2d19010 code [0x00007f99c2d192a0, 0x00007f99c2d19e50]
Event: 181.475 Thread 0x00007f99d80a2ea0 21913       3       com.android.tools.r8.internal.t81::a (113 bytes)
Event: 181.482 Thread 0x00007f99d80a2ea0 nmethod 21913 0x00007f99c2d72690 code [0x00007f99c2d728c0, 0x00007f99c2d73110]
Event: 181.482 Thread 0x00007f99d80a2ea0 21910       2       com.android.tools.r8.graph.q8::a (12 bytes)
Event: 181.482 Thread 0x00007f99d80a2ea0 nmethod 21910 0x00007f99c2d18c10 code [0x00007f99c2d18dc0, 0x00007f99c2d18f20]
Event: 181.483 Thread 0x00007f99d80a2ea0 21911       2       com.android.tools.r8.graph.q8::e (59 bytes)
Event: 181.494 Thread 0x00007f99d80a2ea0 nmethod 21911 0x00007f99c2d71b90 code [0x00007f99c2d71dc0, 0x00007f99c2d722b0]
Event: 181.674 Thread 0x00007f99d80a2ea0 21914       2       java.util.concurrent.ThreadPoolExecutor::afterExecute (1 bytes)
Event: 181.689 Thread 0x00007f99d80a2ea0 nmethod 21914 0x00007f99c2f19990 code [0x00007f99c2f19b20, 0x00007f99c2f19c10]

GC Heap History (20 events):
Event: 176.576 GC heap after
{Heap after GC invocations=188 (full 0):
 garbage-first heap   total 332800K, used 267878K [0x00000000e0000000, 0x0000000100000000)
  region size 1024K, 2 young (2048K), 2 survivors (2048K)
 Metaspace       used 122301K, committed 123264K, reserved 344064K
  class space    used 16808K, committed 17280K, reserved 212992K
}
Event: 178.304 GC heap before
{Heap before GC invocations=188 (full 0):
 garbage-first heap   total 332800K, used 290406K [0x00000000e0000000, 0x0000000100000000)
  region size 1024K, 24 young (24576K), 2 survivors (2048K)
 Metaspace       used 122348K, committed 123328K, reserved 344064K
  class space    used 16809K, committed 17280K, reserved 212992K
}
Event: 178.369 GC heap after
{Heap after GC invocations=189 (full 0):
 garbage-first heap   total 332800K, used 267763K [0x00000000e0000000, 0x0000000100000000)
  region size 1024K, 2 young (2048K), 2 survivors (2048K)
 Metaspace       used 122348K, committed 123328K, reserved 344064K
  class space    used 16809K, committed 17280K, reserved 212992K
}
Event: 178.684 GC heap before
{Heap before GC invocations=189 (full 0):
 garbage-first heap   total 332800K, used 291315K [0x00000000e0000000, 0x0000000100000000)
  region size 1024K, 25 young (25600K), 2 survivors (2048K)
 Metaspace       used 122390K, committed 123328K, reserved 344064K
  class space    used 16809K, committed 17280K, reserved 212992K
}
Event: 178.694 GC heap after
{Heap after GC invocations=190 (full 0):
 garbage-first heap   total 332800K, used 268175K [0x00000000e0000000, 0x0000000100000000)
  region size 1024K, 2 young (2048K), 2 survivors (2048K)
 Metaspace       used 122390K, committed 123328K, reserved 344064K
  class space    used 16809K, committed 17280K, reserved 212992K
}
Event: 179.073 GC heap before
{Heap before GC invocations=190 (full 0):
 garbage-first heap   total 332800K, used 292751K [0x00000000e0000000, 0x0000000100000000)
  region size 1024K, 26 young (26624K), 2 survivors (2048K)
 Metaspace       used 122458K, committed 123456K, reserved 344064K
  class space    used 16814K, committed 17280K, reserved 212992K
}
Event: 179.087 GC heap after
{Heap after GC invocations=191 (full 0):
 garbage-first heap   total 332800K, used 269252K [0x00000000e0000000, 0x0000000100000000)
  region size 1024K, 3 young (3072K), 3 survivors (3072K)
 Metaspace       used 122458K, committed 123456K, reserved 344064K
  class space    used 16814K, committed 17280K, reserved 212992K
}
Event: 179.483 GC heap before
{Heap before GC invocations=191 (full 0):
 garbage-first heap   total 332800K, used 291780K [0x00000000e0000000, 0x0000000100000000)
  region size 1024K, 25 young (25600K), 3 survivors (3072K)
 Metaspace       used 122542K, committed 123520K, reserved 344064K
  class space    used 16823K, committed 17280K, reserved 212992K
}
Event: 179.587 GC heap after
{Heap after GC invocations=192 (full 0):
 garbage-first heap   total 332800K, used 270189K [0x00000000e0000000, 0x0000000100000000)
  region size 1024K, 4 young (4096K), 4 survivors (4096K)
 Metaspace       used 122542K, committed 123520K, reserved 344064K
  class space    used 16823K, committed 17280K, reserved 212992K
}
Event: 179.903 GC heap before
{Heap before GC invocations=192 (full 0):
 garbage-first heap   total 332800K, used 291693K [0x00000000e0000000, 0x0000000100000000)
  region size 1024K, 26 young (26624K), 4 survivors (4096K)
 Metaspace       used 122581K, committed 123520K, reserved 344064K
  class space    used 16829K, committed 17280K, reserved 212992K
}
Event: 179.976 GC heap after
{Heap after GC invocations=193 (full 0):
 garbage-first heap   total 332800K, used 273330K [0x00000000e0000000, 0x0000000100000000)
  region size 1024K, 4 young (4096K), 4 survivors (4096K)
 Metaspace       used 122581K, committed 123520K, reserved 344064K
  class space    used 16829K, committed 17280K, reserved 212992K
}
Event: 180.172 GC heap before
{Heap before GC invocations=193 (full 0):
 garbage-first heap   total 332800K, used 291761K [0x00000000e0000000, 0x0000000100000000)
  region size 1024K, 22 young (22528K), 4 survivors (4096K)
 Metaspace       used 122636K, committed 123584K, reserved 344064K
  class space    used 16841K, committed 17280K, reserved 212992K
}
Event: 180.187 GC heap after
{Heap after GC invocations=194 (full 0):
 garbage-first heap   total 332800K, used 275192K [0x00000000e0000000, 0x0000000100000000)
  region size 1024K, 2 young (2048K), 2 survivors (2048K)
 Metaspace       used 122636K, committed 123584K, reserved 344064K
  class space    used 16841K, committed 17280K, reserved 212992K
}
Event: 180.389 GC heap before
{Heap before GC invocations=194 (full 0):
 garbage-first heap   total 332800K, used 291576K [0x00000000e0000000, 0x0000000100000000)
  region size 1024K, 18 young (18432K), 2 survivors (2048K)
 Metaspace       used 122737K, committed 123648K, reserved 344064K
  class space    used 16851K, committed 17280K, reserved 212992K
}
Event: 180.397 GC heap after
{Heap after GC invocations=195 (full 0):
 garbage-first heap   total 332800K, used 275049K [0x00000000e0000000, 0x0000000100000000)
  region size 1024K, 1 young (1024K), 1 survivors (1024K)
 Metaspace       used 122737K, committed 123648K, reserved 344064K
  class space    used 16851K, committed 17280K, reserved 212992K
}
Event: 180.985 GC heap before
{Heap before GC invocations=195 (full 0):
 garbage-first heap   total 332800K, used 292457K [0x00000000e0000000, 0x0000000100000000)
  region size 1024K, 18 young (18432K), 1 survivors (1024K)
 Metaspace       used 122820K, committed 123776K, reserved 344064K
  class space    used 16860K, committed 17344K, reserved 212992K
}
Event: 181.082 GC heap after
{Heap after GC invocations=196 (full 0):
 garbage-first heap   total 332800K, used 274613K [0x00000000e0000000, 0x0000000100000000)
  region size 1024K, 1 young (1024K), 1 survivors (1024K)
 Metaspace       used 122820K, committed 123776K, reserved 344064K
  class space    used 16860K, committed 17344K, reserved 212992K
}
Event: 181.312 GC heap before
{Heap before GC invocations=196 (full 0):
 garbage-first heap   total 332800K, used 292021K [0x00000000e0000000, 0x0000000100000000)
  region size 1024K, 18 young (18432K), 1 survivors (1024K)
 Metaspace       used 122834K, committed 123840K, reserved 344064K
  class space    used 16861K, committed 17344K, reserved 212992K
}
Event: 181.393 GC heap after
{Heap after GC invocations=197 (full 0):
 garbage-first heap   total 332800K, used 274684K [0x00000000e0000000, 0x0000000100000000)
  region size 1024K, 1 young (1024K), 1 survivors (1024K)
 Metaspace       used 122834K, committed 123840K, reserved 344064K
  class space    used 16861K, committed 17344K, reserved 212992K
}
Event: 183.001 GC heap before
{Heap before GC invocations=197 (full 0):
 garbage-first heap   total 332800K, used 293116K [0x00000000e0000000, 0x0000000100000000)
  region size 1024K, 19 young (19456K), 1 survivors (1024K)
 Metaspace       used 122877K, committed 123840K, reserved 344064K
  class space    used 16865K, committed 17344K, reserved 212992K
}

Dll operation events (15 events):
Event: 0.068 Loaded shared library /usr/lib/jvm/java-17-openjdk-amd64/lib/libjava.so
Event: 0.204 Loaded shared library /usr/lib/jvm/java-17-openjdk-amd64/lib/libjsvml.so
Event: 0.610 Loaded shared library /usr/lib/jvm/java-17-openjdk-amd64/lib/libzip.so
Event: 0.612 Loaded shared library /usr/lib/jvm/java-17-openjdk-amd64/lib/libinstrument.so
Event: 0.614 Loaded shared library /usr/lib/jvm/java-17-openjdk-amd64/lib/libnio.so
Event: 0.677 Loaded shared library /usr/lib/jvm/java-17-openjdk-amd64/lib/libzip.so
Event: 1.307 Loaded shared library /usr/lib/jvm/java-17-openjdk-amd64/lib/libjimage.so
Event: 2.079 Loaded shared library /usr/lib/jvm/java-17-openjdk-amd64/lib/libverify.so
Event: 2.184 Loaded shared library /usr/lib/jvm/java-17-openjdk-amd64/lib/libnet.so
Event: 2.186 Loaded shared library /root/.gradle/native/660c5614fbf4a5f2a75b1949f50a0caf5cd603558e7d8a26e50b933a0cfb79d1/linux-amd64/libnative-platform.so
Event: 2.267 Loaded shared library /root/.gradle/native/0.2.8/x86_64-linux-gnu/libgradle-fileevents.so
Event: 4.977 Loaded shared library /usr/lib/jvm/java-17-openjdk-amd64/lib/libmanagement.so
Event: 4.978 Loaded shared library /usr/lib/jvm/java-17-openjdk-amd64/lib/libmanagement_ext.so
Event: 5.384 Loaded shared library /usr/lib/jvm/java-17-openjdk-amd64/lib/libextnet.so
Event: 42.890 Loaded shared library /usr/lib/jvm/java-17-openjdk-amd64/lib/librmi.so

Deoptimization events (20 events):
Event: 179.197 Thread 0x00007f99ae1081f0 DEOPT PACKING pc=0x00007f99c3458d83 sp=0x00007f99b12e89d0
Event: 179.197 Thread 0x00007f99ae1081f0 DEOPT UNPACKING pc=0x00007f99c8aa364f sp=0x00007f99b12e7f00 mode 0
Event: 179.198 Thread 0x00007f99ae1081f0 DEOPT PACKING pc=0x00007f99c3458d83 sp=0x00007f99b12e89d0
Event: 179.198 Thread 0x00007f99ae1081f0 DEOPT UNPACKING pc=0x00007f99c8aa364f sp=0x00007f99b12e7f00 mode 0
Event: 179.300 Thread 0x00007f99ae1081f0 DEOPT PACKING pc=0x00007f99c3458d62 sp=0x00007f99b12e87b0
Event: 179.300 Thread 0x00007f99ae1081f0 DEOPT UNPACKING pc=0x00007f99c8aa364f sp=0x00007f99b12e7ce0 mode 0
Event: 179.796 Thread 0x00007f99ae1081f0 DEOPT PACKING pc=0x00007f99c3458d83 sp=0x00007f99b12e89c0
Event: 179.805 Thread 0x00007f99ae1081f0 DEOPT UNPACKING pc=0x00007f99c8aa364f sp=0x00007f99b12e7ef0 mode 0
Event: 179.882 Thread 0x00007f99ae1081f0 DEOPT PACKING pc=0x00007f99c3458d62 sp=0x00007f99b12e89c0
Event: 179.883 Thread 0x00007f99ae1081f0 DEOPT UNPACKING pc=0x00007f99c8aa364f sp=0x00007f99b12e7ef0 mode 0
Event: 179.887 Thread 0x00007f99bc06e210 DEOPT PACKING pc=0x00007f99c368ecaa sp=0x00007f9995df6e60
Event: 179.887 Thread 0x00007f99bc06e210 DEOPT UNPACKING pc=0x00007f99c8aa364f sp=0x00007f9995df6490 mode 0
Event: 180.490 Thread 0x00007f99bc06e210 DEOPT PACKING pc=0x00007f99c31013eb sp=0x00007f9995df6680
Event: 180.490 Thread 0x00007f99bc06e210 DEOPT UNPACKING pc=0x00007f99c8aa364f sp=0x00007f9995df5f88 mode 0
Event: 181.191 Thread 0x00007f99bc06e210 DEOPT PACKING pc=0x00007f99c368ecaa sp=0x00007f9995df6e60
Event: 181.191 Thread 0x00007f99bc06e210 DEOPT UNPACKING pc=0x00007f99c8aa364f sp=0x00007f9995df6490 mode 0
Event: 181.284 Thread 0x00007f99bc06e210 DEOPT PACKING pc=0x00007f99c31013eb sp=0x00007f9995df6680
Event: 181.284 Thread 0x00007f99bc06e210 DEOPT UNPACKING pc=0x00007f99c8aa364f sp=0x00007f9995df5f88 mode 0
Event: 182.775 Thread 0x00007f99bc06e210 DEOPT PACKING pc=0x00007f99c3101637 sp=0x00007f9995df6680
Event: 182.786 Thread 0x00007f99bc06e210 DEOPT UNPACKING pc=0x00007f99c8aa364f sp=0x00007f9995df5f88 mode 0

Classes loaded (20 events):
Event: 56.967 Loading class java/util/IdentityHashMap$EntrySet
Event: 56.968 Loading class java/util/IdentityHashMap$EntrySet done
Event: 56.968 Loading class java/util/IdentityHashMap$EntrySpliterator
Event: 56.968 Loading class java/util/IdentityHashMap$IdentityHashMapSpliterator
Event: 56.968 Loading class java/util/IdentityHashMap$IdentityHashMapSpliterator done
Event: 56.968 Loading class java/util/IdentityHashMap$EntrySpliterator done
Event: 56.969 Loading class java/util/stream/SortedOps$RefSortingSink
Event: 56.970 Loading class java/util/stream/SortedOps$RefSortingSink done
Event: 57.070 Loading class java/util/PriorityQueue
Event: 57.071 Loading class java/util/PriorityQueue done
Event: 57.105 Loading class java/util/IdentityHashMap$ValueIterator
Event: 57.106 Loading class java/util/IdentityHashMap$ValueIterator done
Event: 57.418 Loading class java/util/SortedSet$1
Event: 57.418 Loading class java/util/SortedSet$1 done
Event: 64.176 Loading class java/util/concurrent/ConcurrentHashMap$TreeNode
Event: 64.177 Loading class java/util/concurrent/ConcurrentHashMap$TreeNode done
Event: 64.177 Loading class java/util/concurrent/ConcurrentHashMap$TreeBin
Event: 64.177 Loading class java/util/concurrent/ConcurrentHashMap$TreeBin done
Event: 157.077 Loading class java/util/AbstractMap$SimpleEntry
Event: 157.079 Loading class java/util/AbstractMap$SimpleEntry done

Classes unloaded (0 events):
No events

Classes redefined (0 events):
No events

Internal exceptions (20 events):
Event: 53.709 Thread 0x00007f99ae1081f0 Exception <a 'java/lang/NoSuchMethodError'{0x00000000f10ea568}: 'java.lang.Object java.lang.invoke.DirectMethodHandle$Holder.invokeStatic(java.lang.Object, java.lang.Object, int, java.lang.Object, java.lang.Object, java.lang.Object, java.lang.Object)'> (0x00000000f10ea568) 
thrown [./src/hotspot/share/interpreter/linkResolver.cpp, line 758]
Event: 56.573 Thread 0x00007f99ae1081f0 Exception <a 'java/lang/NoSuchMethodError'{0x00000000f0cf5bf8}: 'java.lang.Object java.lang.invoke.DirectMethodHandle$Holder.invokeStatic(java.lang.Object, int, java.lang.Object)'> (0x00000000f0cf5bf8) 
thrown [./src/hotspot/share/interpreter/linkResolver.cpp, line 758]
Event: 56.608 Thread 0x00007f99ae1081f0 Exception <a 'java/lang/IncompatibleClassChangeError'{0x00000000f09f49b8}: Found class java.lang.Object, but interface was expected> (0x00000000f09f49b8) 
thrown [./src/hotspot/share/interpreter/linkResolver.cpp, line 826]
Event: 56.610 Thread 0x00007f99ae1081f0 Exception <a 'java/lang/IncompatibleClassChangeError'{0x00000000f09fa320}: Found class java.lang.Object, but interface was expected> (0x00000000f09fa320) 
thrown [./src/hotspot/share/interpreter/linkResolver.cpp, line 826]
Event: 56.789 Thread 0x00007f99ae1081f0 Exception <a 'java/lang/NoSuchMethodError'{0x00000000f0233d28}: 'void java.lang.invoke.DirectMethodHandle$Holder.invokeSpecial(java.lang.Object, java.lang.Object, int, java.lang.Object)'> (0x00000000f0233d28) 
thrown [./src/hotspot/share/interpreter/linkResolver.cpp, line 758]
Event: 57.185 Thread 0x00007f99ae1081f0 Exception <a 'java/lang/NoSuchMethodError'{0x00000000efabd348}: 'int java.lang.invoke.DirectMethodHandle$Holder.invokeSpecial(java.lang.Object, java.lang.Object, java.lang.Object, int, java.lang.Object)'> (0x00000000efabd348) 
thrown [./src/hotspot/share/interpreter/linkResolver.cpp, line 758]
Event: 57.487 Thread 0x00007f99ae1081f0 Exception <a 'java/lang/NoSuchMethodError'{0x00000000ef4992e8}: 'void java.lang.invoke.DirectMethodHandle$Holder.invokeVirtual(java.lang.Object, java.lang.Object, int)'> (0x00000000ef4992e8) 
thrown [./src/hotspot/share/interpreter/linkResolver.cpp, line 758]
Event: 57.879 Thread 0x00007f99ae1081f0 Exception <a 'java/lang/NoSuchMethodError'{0x00000000f11ec280}: 'int java.lang.invoke.DirectMethodHandle$Holder.invokeInterface(java.lang.Object, java.lang.Object, int)'> (0x00000000f11ec280) 
thrown [./src/hotspot/share/interpreter/linkResolver.cpp, line 758]
Event: 57.998 Thread 0x00007f99ae1081f0 Exception <a 'java/lang/NoSuchMethodError'{0x00000000f10cc738}: 'void java.lang.invoke.DirectMethodHandle$Holder.invokeStatic(java.lang.Object, int)'> (0x00000000f10cc738) 
thrown [./src/hotspot/share/interpreter/linkResolver.cpp, line 758]
Event: 58.582 Thread 0x00007f99ae1081f0 Exception <a 'java/lang/IncompatibleClassChangeError'{0x00000000f0a80888}: Found class java.lang.Object, but interface was expected> (0x00000000f0a80888) 
thrown [./src/hotspot/share/interpreter/linkResolver.cpp, line 826]
Event: 59.795 Thread 0x00007f99ae1081f0 Exception <a 'java/lang/NoSuchMethodError'{0x00000000ef50f520}: 'java.lang.Object java.lang.invoke.DirectMethodHandle$Holder.newInvokeSpecial(java.lang.Object, int, java.lang.Object, java.lang.Object, java.lang.Object, java.lang.Object)'> (0x00000000ef50f520) 
thrown [./src/hotspot/share/interpreter/linkResolver.cpp, line 758]
Event: 64.290 Thread 0x00007f99ae1081f0 Exception <a 'java/lang/NoSuchMethodError'{0x00000000eff72628}: 'void java.lang.invoke.DirectMethodHandle$Holder.invokeSpecialIFC(java.lang.Object, java.lang.Object, java.lang.Object, java.lang.Object)'> (0x00000000eff72628) 
thrown [./src/hotspot/share/interpreter/linkResolver.cpp, line 758]
Event: 65.578 Thread 0x00007f99ae1081f0 Exception <a 'java/lang/NoSuchMethodError'{0x00000000f0efa490}: 'java.lang.Object java.lang.invoke.DirectMethodHandle$Holder.invokeInterface(java.lang.Object, java.lang.Object, int)'> (0x00000000f0efa490) 
thrown [./src/hotspot/share/interpreter/linkResolver.cpp, line 758]
Event: 149.000 Thread 0x00007f99bc06e210 Exception <a 'sun/nio/fs/UnixException'{0x00000000f0ccc6e8}> (0x00000000f0ccc6e8) 
thrown [./src/hotspot/share/prims/jni.cpp, line 516]
Event: 162.389 Thread 0x00007f99ae1081f0 Implicit null exception at 0x00007f99c92d55cc to 0x00007f99c92d5700
Event: 171.080 Thread 0x00007f99ae1081f0 Exception <a 'java/lang/NoSuchMethodError'{0x00000000f3e1a590}: 'java.lang.Object java.lang.invoke.DirectMethodHandle$Holder.newInvokeSpecial(java.lang.Object, int, java.lang.Object, java.lang.Object, java.lang.Object)'> (0x00000000f3e1a590) 
thrown [./src/hotspot/share/interpreter/linkResolver.cpp, line 758]
Event: 171.295 Thread 0x00007f99ae1081f0 Exception <a 'java/lang/NoSuchMethodError'{0x00000000f3e1fd10}: 'java.lang.Object java.lang.invoke.DirectMethodHandle$Holder.invokeSpecial(java.lang.Object, java.lang.Object, int, java.lang.Object, java.lang.Object, java.lang.Object)'> (0x00000000f3e1fd10) 
thrown [./src/hotspot/share/interpreter/linkResolver.cpp, line 758]
Event: 171.383 Thread 0x00007f99ae1081f0 Exception <a 'java/lang/NoSuchMethodError'{0x00000000f3e24d38}: 'java.lang.Object java.lang.invoke.Invokers$Holder.linkToTargetMethod(int, java.lang.Object, java.lang.Object, java.lang.Object, java.lang.Object)'> (0x00000000f3e24d38) 
thrown [./src/hotspot/share/interpreter/linkResolver.cpp, line 758]
Event: 173.187 Thread 0x00007f99ae1081f0 Exception <a 'java/lang/NoSuchMethodError'{0x00000000f3d616e8}: 'void java.lang.invoke.DirectMethodHandle$Holder.invokeSpecial(java.lang.Object, java.lang.Object, java.lang.Object, int, java.lang.Object, java.lang.Object, java.lang.Object, java.lang.Object)'> (0x00000000f3d616e8) 
thrown [./src/hotspot/share/interpreter/linkResolver.cpp, line 758]
Event: 179.005 Thread 0x00007f99ae1081f0 Exception <a 'java/lang/NoSuchMethodError'{0x00000000f3365510}: 'void java.lang.invoke.DirectMethodHandle$Holder.invokeStatic(java.lang.Object, java.lang.Object, java.lang.Object, java.lang.Object, java.lang.Object, java.lang.Object, java.lang.Object, java.lang.Object)'> (0x00000000f3365510) 
thrown [./src/hotspot/share/interpreter/linkResolver.cpp, line 758]

VM Operations (20 events):
Event: 178.694 Executing VM operation: G1CollectForAllocation done
Event: 179.071 Executing VM operation: G1CollectForAllocation
Event: 179.087 Executing VM operation: G1CollectForAllocation done
Event: 179.205 Executing VM operation: HandshakeAllThreads
Event: 179.206 Executing VM operation: HandshakeAllThreads done
Event: 179.473 Executing VM operation: G1CollectForAllocation
Event: 179.591 Executing VM operation: G1CollectForAllocation done
Event: 179.902 Executing VM operation: G1CollectForAllocation
Event: 179.977 Executing VM operation: G1CollectForAllocation done
Event: 180.109 Executing VM operation: G1CollectForAllocation
Event: 180.187 Executing VM operation: G1CollectForAllocation done
Event: 180.385 Executing VM operation: G1CollectForAllocation
Event: 180.397 Executing VM operation: G1CollectForAllocation done
Event: 180.568 Executing VM operation: HandshakeAllThreads
Event: 180.570 Executing VM operation: HandshakeAllThreads done
Event: 180.981 Executing VM operation: G1CollectForAllocation
Event: 181.101 Executing VM operation: G1CollectForAllocation done
Event: 181.307 Executing VM operation: G1CollectForAllocation
Event: 181.400 Executing VM operation: G1CollectForAllocation done
Event: 182.999 Executing VM operation: G1CollectForAllocation

Memory protections (20 events):
Event: 40.777 Protecting memory [0x00007f99b04e6000,0x00007f99b04ea000] with protection modes 0
Event: 40.995 Protecting memory [0x00007f99b03e5000,0x00007f99b03e9000] with protection modes 0
Event: 41.173 Protecting memory [0x00007f99b02e4000,0x00007f99b02e8000] with protection modes 0
Event: 41.397 Protecting memory [0x00007f99b01e3000,0x00007f99b01e7000] with protection modes 0
Event: 41.467 Protecting memory [0x00007f99b00e2000,0x00007f99b00e6000] with protection modes 0
Event: 41.677 Protecting memory [0x00007f9995f00000,0x00007f9995f04000] with protection modes 0
Event: 41.973 Protecting memory [0x00007f9995dff000,0x00007f9995e03000] with protection modes 0
Event: 42.412 Protecting memory [0x00007f9995cfe000,0x00007f9995d02000] with protection modes 0
Event: 42.882 Protecting memory [0x00007f9995bfd000,0x00007f9995c01000] with protection modes 0
Event: 42.894 Protecting memory [0x00007f9995afc000,0x00007f9995b00000] with protection modes 0
Event: 42.897 Protecting memory [0x00007f99959fb000,0x00007f99959ff000] with protection modes 0
Event: 43.177 Protecting memory [0x00007f99c002f000,0x00007f99c0033000] with protection modes 0
Event: 43.196 Protecting memory [0x00007f99958fa000,0x00007f99958fe000] with protection modes 0
Event: 45.370 Protecting memory [0x00007f99958fa000,0x00007f99958fe000] with protection modes 0
Event: 45.375 Protecting memory [0x00007f9995afc000,0x00007f9995b00000] with protection modes 0
Event: 45.414 Protecting memory [0x00007f99959fb000,0x00007f99959ff000] with protection modes 0
Event: 45.688 Protecting memory [0x00007f99957f9000,0x00007f99957fd000] with protection modes 0
Event: 45.695 Protecting memory [0x00007f99956f8000,0x00007f99956fc000] with protection modes 0
Event: 45.798 Protecting memory [0x00007f99955f7000,0x00007f99955fb000] with protection modes 0
Event: 134.815 Protecting memory [0x00007f99955f7000,0x00007f99955fb000] with protection modes 0

Nmethod flushes (20 events):
Event: 117.414 Thread 0x00007f99d80a4310 flushing  nmethod 0x00007f99c34c9d90
Event: 117.414 Thread 0x00007f99d80a4310 flushing  nmethod 0x00007f99c34cc890
Event: 117.414 Thread 0x00007f99d80a4310 flushing  nmethod 0x00007f99c34db190
Event: 117.414 Thread 0x00007f99d80a4310 flushing  nmethod 0x00007f99c34e3490
Event: 117.414 Thread 0x00007f99d80a4310 flushing  nmethod 0x00007f99c351fe90
Event: 117.414 Thread 0x00007f99d80a4310 flushing  nmethod 0x00007f99c3529410
Event: 117.414 Thread 0x00007f99d80a4310 flushing  nmethod 0x00007f99c3564510
Event: 117.414 Thread 0x00007f99d80a4310 flushing osr nmethod 0x00007f99c3565690
Event: 117.414 Thread 0x00007f99d80a4310 flushing  nmethod 0x00007f99c3569890
Event: 117.415 Thread 0x00007f99d80a4310 flushing  nmethod 0x00007f99c35da110
Event: 117.415 Thread 0x00007f99d80a4310 flushing  nmethod 0x00007f99c362a110
Event: 117.415 Thread 0x00007f99d80a4310 flushing  nmethod 0x00007f99c3639890
Event: 162.181 Thread 0x00007f99d80a4310 flushing  nmethod 0x00007f99c962bf90
Event: 162.181 Thread 0x00007f99d80a4310 flushing  nmethod 0x00007f99c9636a90
Event: 162.181 Thread 0x00007f99d80a4310 flushing  nmethod 0x00007f99c96d8e90
Event: 162.274 Thread 0x00007f99d80a4310 flushing  nmethod 0x00007f99c1b4dd90
Event: 162.374 Thread 0x00007f99d80a4310 flushing  nmethod 0x00007f99c1ff7810
Event: 162.377 Thread 0x00007f99d80a4310 flushing  nmethod 0x00007f99c221f590
Event: 162.401 Thread 0x00007f99d80a4310 flushing  nmethod 0x00007f99c3432110
Event: 162.402 Thread 0x00007f99d80a4310 flushing  nmethod 0x00007f99c34fbe90

Events (20 events):
Event: 41.676 Thread 0x00007f99ae1081f0 Thread added: 0x00007f99bc069a00
Event: 41.971 Thread 0x00007f99ae1081f0 Thread added: 0x00007f99bc0a9000
Event: 42.408 Thread 0x00007f99ae1081f0 Thread added: 0x00007f99bc06e210
Event: 42.876 Thread 0x00007f99d94cffb0 Thread added: 0x00007f998c316da0
Event: 42.889 Thread 0x00007f99d94cffb0 Thread added: 0x00007f998c31cf10
Event: 42.896 Thread 0x00007f99d94cffb0 Thread added: 0x00007f998c31eba0
Event: 43.177 Thread 0x00007f99d94cffb0 Thread added: 0x00007f998c3315f0
Event: 43.196 Thread 0x00007f99d94cffb0 Thread added: 0x00007f998c3357a0
Event: 43.269 Thread 0x00007f998c31eba0 Thread exited: 0x00007f998c31eba0
Event: 43.277 Thread 0x00007f998c31cf10 Thread exited: 0x00007f998c31cf10
Event: 45.077 Thread 0x00007f998c3357a0 Thread exited: 0x00007f998c3357a0
Event: 45.370 Thread 0x00007f99d94cffb0 Thread added: 0x00007f998c31cf10
Event: 45.375 Thread 0x00007f99d94cffb0 Thread added: 0x00007f998c31eba0
Event: 45.412 Thread 0x00007f99d94cffb0 Thread added: 0x00007f998c3357a0
Event: 45.687 Thread 0x00007f99d94cffb0 Thread added: 0x00007f998c342110
Event: 45.688 Thread 0x00007f99d94cffb0 Thread added: 0x00007f998c3432f0
Event: 45.798 Thread 0x00007f998c342110 Thread added: 0x00007f99ae10af30
Event: 46.575 Thread 0x00007f998c3357a0 Thread exited: 0x00007f998c3357a0
Event: 120.816 Thread 0x00007f99ae10af30 Thread exited: 0x00007f99ae10af30
Event: 134.815 Thread 0x00007f998c342110 Thread added: 0x00007f99ae10af10


Dynamic libraries:
e0000000-f4300000 rw-p 00000000 00:00 0 
f6900000-ffe00000 ---p 00000000 00:00 0 
ffe00000-ffe75000 rw-p 00c7a000 00:25 13853                              /usr/lib/jvm/java-17-openjdk-amd64/lib/server/classes.jsa
ffe75000-fff00000 rw-p 00000000 00:00 0 
fff00000-fff78000 rw-p 00c02000 00:25 13853                              /usr/lib/jvm/java-17-openjdk-amd64/lib/server/classes.jsa
fff78000-100000000 rw-p 00000000 00:00 0 
55754dfc6000-55754dfc7000 r--p 00000000 00:25 13495                      /usr/lib/jvm/java-17-openjdk-amd64/bin/java
55754dfc7000-55754dfc8000 r-xp 00001000 00:25 13495                      /usr/lib/jvm/java-17-openjdk-amd64/bin/java
55754dfc8000-55754dfc9000 r--p 00002000 00:25 13495                      /usr/lib/jvm/java-17-openjdk-amd64/bin/java
55754dfc9000-55754dfca000 r--p 00002000 00:25 13495                      /usr/lib/jvm/java-17-openjdk-amd64/bin/java
55754dfca000-55754dfcb000 rw-p 00003000 00:25 13495                      /usr/lib/jvm/java-17-openjdk-amd64/bin/java
55754fc4e000-55754fcce000 rw-p 00000000 00:00 0                          [heap]
7f996c000000-7f996c700000 rw-p 00000000 00:00 0 
7f996c700000-7f996c800000 rw-p 00000000 00:00 0 
7f996c800000-7f996d700000 rw-p 00000000 00:00 0 
7f996d700000-7f996d800000 rw-p 00000000 00:00 0 
7f996d800000-7f996e700000 rw-p 00000000 00:00 0 
7f996e700000-7f996e710000 rw-p 00000000 00:00 0 
7f996e710000-7f996e800000 ---p 00000000 00:00 0 
7f996e800000-7f996e8f0000 rw-p 00000000 00:00 0 
7f996e8f0000-7f9970000000 ---p 00000000 00:00 0 
7f9970000000-7f99712f9000 rw-p 00000000 00:00 0 
7f99712f9000-7f9974000000 ---p 00000000 00:00 0 
7f9974000000-7f9974059000 rw-p 00000000 00:00 0 
7f9974059000-7f9978000000 ---p 00000000 00:00 0 
7f9978000000-7f9978021000 rw-p 00000000 00:00 0 
7f9978021000-7f997c000000 ---p 00000000 00:00 0 
7f997c000000-7f997ea46000 rw-p 00000000 00:00 0 
7f997ea46000-7f9980000000 ---p 00000000 00:00 0 
7f9980000000-7f9980056000 rw-p 00000000 00:00 0 
7f9980056000-7f9984000000 ---p 00000000 00:00 0 
7f9984000000-7f9984021000 rw-p 00000000 00:00 0 
7f9984021000-7f9988000000 ---p 00000000 00:00 0 
7f9988000000-7f998802a000 rw-p 00000000 00:00 0 
7f998802a000-7f998c000000 ---p 00000000 00:00 0 
7f998c000000-7f998c352000 rw-p 00000000 00:00 0 
7f998c352000-7f9990000000 ---p 00000000 00:00 0 
7f9990000000-7f99904de000 rw-p 00000000 00:00 0 
7f99904de000-7f9994000000 ---p 00000000 00:00 0 
7f99955f6000-7f99955f7000 ---p 00000000 00:00 0 
7f99955f7000-7f99955fb000 ---p 00000000 00:00 0 
7f99955fb000-7f99956f7000 rw-p 00000000 00:00 0 
7f99956f7000-7f99956f8000 ---p 00000000 00:00 0 
7f99956f8000-7f99956fc000 ---p 00000000 00:00 0 
7f99956fc000-7f99957f8000 rw-p 00000000 00:00 0 
7f99957f8000-7f99957f9000 ---p 00000000 00:00 0 
7f99957f9000-7f99957fd000 ---p 00000000 00:00 0 
7f99957fd000-7f99958f9000 rw-p 00000000 00:00 0 
7f99958f9000-7f99958fa000 ---p 00000000 00:00 0 
7f99958fa000-7f99958fe000 ---p 00000000 00:00 0 
7f99958fe000-7f99959fa000 rw-p 00000000 00:00 0 
7f99959fa000-7f99959fb000 ---p 00000000 00:00 0 
7f99959fb000-7f99959ff000 ---p 00000000 00:00 0 
7f99959ff000-7f9995afb000 rw-p 00000000 00:00 0 
7f9995afb000-7f9995afc000 ---p 00000000 00:00 0 
7f9995afc000-7f9995b00000 ---p 00000000 00:00 0 
7f9995b00000-7f9995bfc000 rw-p 00000000 00:00 0 
7f9995bfc000-7f9995bfd000 ---p 00000000 00:00 0 
7f9995bfd000-7f9995c01000 ---p 00000000 00:00 0 
7f9995c01000-7f9995cfd000 rw-p 00000000 00:00 0 
7f9995cfd000-7f9995cfe000 ---p 00000000 00:00 0 
7f9995cfe000-7f9995d02000 ---p 00000000 00:00 0 
7f9995d02000-7f9995dfe000 rw-p 00000000 00:00 0 
7f9995dfe000-7f9995dff000 ---p 00000000 00:00 0 
7f9995dff000-7f9995e03000 ---p 00000000 00:00 0 
7f9995e03000-7f9995eff000 rw-p 00000000 00:00 0 
7f9995eff000-7f9995f00000 ---p 00000000 00:00 0 
7f9995f00000-7f9995f04000 ---p 00000000 00:00 0 
7f9995f04000-7f9996000000 rw-p 00000000 00:00 0 
7f9996000000-7f9996455000 rw-p 00001000 00:25 13853                      /usr/lib/jvm/java-17-openjdk-amd64/lib/server/classes.jsa
7f9996455000-7f9996bca000 rw-p 00456000 00:25 13853                      /usr/lib/jvm/java-17-openjdk-amd64/lib/server/classes.jsa
7f9996bca000-7f9997000000 ---p 00000000 00:00 0 
7f9997000000-7f9997040000 rw-p 00000000 00:00 0 
7f9997040000-7f9997080000 rw-p 00000000 00:00 0 
7f9997080000-7f9997140000 rw-p 00000000 00:00 0 
7f9997140000-7f9997180000 rw-p 00000000 00:00 0 
7f9997180000-7f9997460000 rw-p 00000000 00:00 0 
7f9997460000-7f9997480000 rw-p 00000000 00:00 0 
7f9997480000-7f99976e0000 rw-p 00000000 00:00 0 
7f99976e0000-7f9997700000 rw-p 00000000 00:00 0 
7f9997700000-7f9997880000 rw-p 00000000 00:00 0 
7f9997880000-7f9997c30000 rw-p 00000000 00:00 0 
7f9997c30000-7f9997c40000 ---p 00000000 00:00 0 
7f9997c40000-7f9998100000 rw-p 00000000 00:00 0 
7f9998100000-7f99a4000000 ---p 00000000 00:00 0 
7f99a4000000-7f99a4028000 rw-p 00000000 00:00 0 
7f99a4028000-7f99a8000000 ---p 00000000 00:00 0 
7f99a8000000-7f99a8400000 rw-p 00000000 00:00 0 
7f99a8400000-7f99a8900000 rw-p 00000000 00:00 0 
7f99a8900000-7f99a8a00000 rw-p 00000000 00:00 0 
7f99a8a00000-7f99a9380000 rw-p 00000000 00:00 0 
7f99a9380000-7f99a9400000 rw-p 00000000 00:00 0 
7f99a9400000-7f99a9b00000 rw-p 00000000 00:00 0 
7f99a9b00000-7f99a9c00000 rw-p 00000000 00:00 0 
7f99a9c00000-7f99aa780000 rw-p 00000000 00:00 0 
7f99aa780000-7f99aa800000 rw-p 00000000 00:00 0 
7f99aa800000-7f99aaf00000 rw-p 00000000 00:00 0 
7f99aaf00000-7f99ab000000 rw-p 00000000 00:00 0 
7f99ab000000-7f99ab300000 rw-p 00000000 00:00 0 
7f99ab300000-7f99ab400000 rw-p 00000000 00:00 0 
7f99ab400000-7f99ab580000 rw-p 00000000 00:00 0 
7f99ab580000-7f99ab600000 rw-p 00000000 00:00 0 
7f99ab600000-7f99ab980000 rw-p 00000000 00:00 0 
7f99ab980000-7f99aba00000 rw-p 00000000 00:00 0 
7f99aba00000-7f99ac000000 rw-p 00000000 00:00 0 
7f99ac000000-7f99ae5a8000 rw-p 00000000 00:00 0 
7f99ae5a8000-7f99b0000000 ---p 00000000 00:00 0 
7f99b00e1000-7f99b00e2000 ---p 00000000 00:00 0 
7f99b00e2000-7f99b00e6000 ---p 00000000 00:00 0 
7f99b00e6000-7f99b01e2000 rw-p 00000000 00:00 0 
7f99b01e2000-7f99b01e3000 ---p 00000000 00:00 0 
7f99b01e3000-7f99b01e7000 ---p 00000000 00:00 0 
7f99b01e7000-7f99b02e3000 rw-p 00000000 00:00 0 
7f99b02e3000-7f99b02e4000 ---p 00000000 00:00 0 
7f99b02e4000-7f99b02e8000 ---p 00000000 00:00 0 
7f99b02e8000-7f99b03e4000 rw-p 00000000 00:00 0 
7f99b03e4000-7f99b03e5000 ---p 00000000 00:00 0 
7f99b03e5000-7f99b03e9000 ---p 00000000 00:00 0 
7f99b03e9000-7f99b04e5000 rw-p 00000000 00:00 0 
7f99b04e5000-7f99b04e6000 ---p 00000000 00:00 0 
7f99b04e6000-7f99b04ea000 ---p 00000000 00:00 0 
7f99b04ea000-7f99b05e6000 rw-p 00000000 00:00 0 
7f99b05e6000-7f99b05e7000 ---p 00000000 00:00 0 
7f99b05e7000-7f99b05eb000 ---p 00000000 00:00 0 
7f99b05eb000-7f99b06e7000 rw-p 00000000 00:00 0 
7f99b06e7000-7f99b06e8000 ---p 00000000 00:00 0 
7f99b06e8000-7f99b06ec000 ---p 00000000 00:00 0 
7f99b06ec000-7f99b07e8000 rw-p 00000000 00:00 0 
7f99b07e8000-7f99b07e9000 ---p 00000000 00:00 0 
7f99b07e9000-7f99b07ed000 ---p 00000000 00:00 0 
7f99b07ed000-7f99b08e9000 rw-p 00000000 00:00 0 
7f99b08e9000-7f99b08ea000 ---p 00000000 00:00 0 
7f99b08ea000-7f99b08ee000 ---p 00000000 00:00 0 
7f99b08ee000-7f99b09ea000 rw-p 00000000 00:00 0 
7f99b09ea000-7f99b09eb000 ---p 00000000 00:00 0 
7f99b09eb000-7f99b09ef000 ---p 00000000 00:00 0 
7f99b09ef000-7f99b0aeb000 rw-p 00000000 00:00 0 
7f99b0aeb000-7f99b0aec000 ---p 00000000 00:00 0 
7f99b0aec000-7f99b0af0000 ---p 00000000 00:00 0 
7f99b0af0000-7f99b0bec000 rw-p 00000000 00:00 0 
7f99b0bec000-7f99b0bed000 ---p 00000000 00:00 0 
7f99b0bed000-7f99b0bf1000 ---p 00000000 00:00 0 
7f99b0bf1000-7f99b0ced000 rw-p 00000000 00:00 0 
7f99b0ced000-7f99b0cee000 ---p 00000000 00:00 0 
7f99b0cee000-7f99b0cf2000 ---p 00000000 00:00 0 
7f99b0cf2000-7f99b0dee000 rw-p 00000000 00:00 0 
7f99b0dee000-7f99b0def000 ---p 00000000 00:00 0 
7f99b0def000-7f99b0df3000 ---p 00000000 00:00 0 
7f99b0df3000-7f99b0eef000 rw-p 00000000 00:00 0 
7f99b0eef000-7f99b0ef0000 ---p 00000000 00:00 0 
7f99b0ef0000-7f99b0ef4000 ---p 00000000 00:00 0 
7f99b0ef4000-7f99b0ff0000 rw-p 00000000 00:00 0 
7f99b0ff0000-7f99b0ff1000 ---p 00000000 00:00 0 
7f99b0ff1000-7f99b0ff5000 ---p 00000000 00:00 0 
7f99b0ff5000-7f99b10f1000 rw-p 00000000 00:00 0 
7f99b10f1000-7f99b10f2000 ---p 00000000 00:00 0 
7f99b10f2000-7f99b10f6000 ---p 00000000 00:00 0 
7f99b10f6000-7f99b11f2000 rw-p 00000000 00:00 0 
7f99b11f2000-7f99b11f3000 ---p 00000000 00:00 0 
7f99b11f3000-7f99b11f7000 ---p 00000000 00:00 0 
7f99b11f7000-7f99b12f3000 rw-p 00000000 00:00 0 
7f99b12f3000-7f99b12f4000 ---p 00000000 00:00 0 
7f99b12f4000-7f99b12f8000 ---p 00000000 00:00 0 
7f99b12f8000-7f99b13f4000 rw-p 00000000 00:00 0 
7f99b13f4000-7f99b13f5000 ---p 00000000 00:00 0 
7f99b13f5000-7f99b13f9000 ---p 00000000 00:00 0 
7f99b13f9000-7f99b14f5000 rw-p 00000000 00:00 0 
7f99b14f5000-7f99b14f6000 ---p 00000000 00:00 0 
7f99b14f6000-7f99b14fa000 ---p 00000000 00:00 0 
7f99b14fa000-7f99b15f6000 rw-p 00000000 00:00 0 
7f99b15f6000-7f99b15f7000 ---p 00000000 00:00 0 
7f99b15f7000-7f99b15fb000 ---p 00000000 00:00 0 
7f99b15fb000-7f99b16f7000 rw-p 00000000 00:00 0 
7f99b16f7000-7f99b16f8000 ---p 00000000 00:00 0 
7f99b16f8000-7f99b16fc000 ---p 00000000 00:00 0 
7f99b16fc000-7f99b17f8000 rw-p 00000000 00:00 0 
7f99b17f8000-7f99b17f9000 ---p 00000000 00:00 0 
7f99b17f9000-7f99b17fd000 ---p 00000000 00:00 0 
7f99b17fd000-7f99b18f9000 rw-p 00000000 00:00 0 
7f99b18f9000-7f99b18fa000 ---p 00000000 00:00 0 
7f99b18fa000-7f99b18fe000 ---p 00000000 00:00 0 
7f99b18fe000-7f99b19fa000 rw-p 00000000 00:00 0 
7f99b19fa000-7f99b19fb000 ---p 00000000 00:00 0 
7f99b19fb000-7f99b19ff000 ---p 00000000 00:00 0 
7f99b19ff000-7f99b1afb000 rw-p 00000000 00:00 0 
7f99b1afb000-7f99b1afc000 ---p 00000000 00:00 0 
7f99b1afc000-7f99b1b00000 ---p 00000000 00:00 0 
7f99b1b00000-7f99b1bfc000 rw-p 00000000 00:00 0 
7f99b1bfc000-7f99b1bfd000 ---p 00000000 00:00 0 
7f99b1bfd000-7f99b1c01000 ---p 00000000 00:00 0 
7f99b1c01000-7f99b1cfd000 rw-p 00000000 00:00 0 
7f99b1cfd000-7f99b1cfe000 ---p 00000000 00:00 0 
7f99b1cfe000-7f99b1d02000 ---p 00000000 00:00 0 
7f99b1d02000-7f99b1dfe000 rw-p 00000000 00:00 0 
7f99b1dfe000-7f99b1dff000 ---p 00000000 00:00 0 
7f99b1dff000-7f99b1e03000 ---p 00000000 00:00 0 
7f99b1e03000-7f99b1eff000 rw-p 00000000 00:00 0 
7f99b1eff000-7f99b1f00000 ---p 00000000 00:00 0 
7f99b1f00000-7f99b1f04000 ---p 00000000 00:00 0 
7f99b1f04000-7f99b4000000 rw-p 00000000 00:00 0 
7f99b4000000-7f99b4032000 rw-p 00000000 00:00 0 
7f99b4032000-7f99b8000000 ---p 00000000 00:00 0 
7f99b8000000-7f99b8040000 rw-p 00000000 00:00 0 
7f99b8040000-7f99bc000000 ---p 00000000 00:00 0 
7f99bc000000-7f99bc694000 rw-p 00000000 00:00 0 
7f99bc694000-7f99c0000000 ---p 00000000 00:00 0 
7f99c002e000-7f99c002f000 ---p 00000000 00:00 0 
7f99c002f000-7f99c0033000 ---p 00000000 00:00 0 
7f99c0033000-7f99c0051000 rw-p 00000000 00:00 0 
7f99c0051000-7f99c0052000 r--p 00000000 00:25 13837                      /usr/lib/jvm/java-17-openjdk-amd64/lib/librmi.so
7f99c0052000-7f99c0053000 r-xp 00001000 00:25 13837                      /usr/lib/jvm/java-17-openjdk-amd64/lib/librmi.so
7f99c0053000-7f99c0054000 r--p 00002000 00:25 13837                      /usr/lib/jvm/java-17-openjdk-amd64/lib/librmi.so
7f99c0054000-7f99c0055000 r--p 00002000 00:25 13837                      /usr/lib/jvm/java-17-openjdk-amd64/lib/librmi.so
7f99c0055000-7f99c0056000 rw-p 00003000 00:25 13837                      /usr/lib/jvm/java-17-openjdk-amd64/lib/librmi.so
7f99c0056000-7f99c0057000 ---p 00000000 00:00 0 
7f99c0057000-7f99c005b000 ---p 00000000 00:00 0 
7f99c005b000-7f99c0157000 rw-p 00000000 00:00 0 
7f99c0157000-7f99c0158000 ---p 00000000 00:00 0 
7f99c0158000-7f99c015c000 ---p 00000000 00:00 0 
7f99c015c000-7f99c0258000 rw-p 00000000 00:00 0 
7f99c0258000-7f99c0259000 ---p 00000000 00:00 0 
7f99c0259000-7f99c025d000 ---p 00000000 00:00 0 
7f99c025d000-7f99c0359000 rw-p 00000000 00:00 0 
7f99c0359000-7f99c035a000 ---p 00000000 00:00 0 
7f99c035a000-7f99c035e000 ---p 00000000 00:00 0 
7f99c035e000-7f99c045a000 rw-p 00000000 00:00 0 
7f99c045a000-7f99c045b000 ---p 00000000 00:00 0 
7f99c045b000-7f99c045f000 ---p 00000000 00:00 0 
7f99c045f000-7f99c055b000 rw-p 00000000 00:00 0 
7f99c055b000-7f99c055c000 ---p 00000000 00:00 0 
7f99c055c000-7f99c0560000 ---p 00000000 00:00 0 
7f99c0560000-7f99c065c000 rw-p 00000000 00:00 0 
7f99c065c000-7f99c065d000 ---p 00000000 00:00 0 
7f99c065d000-7f99c0661000 ---p 00000000 00:00 0 
7f99c0661000-7f99c075d000 rw-p 00000000 00:00 0 
7f99c075d000-7f99c075e000 ---p 00000000 00:00 0 
7f99c075e000-7f99c0762000 ---p 00000000 00:00 0 
7f99c0762000-7f99c085e000 rw-p 00000000 00:00 0 
7f99c085e000-7f99c085f000 ---p 00000000 00:00 0 
7f99c085f000-7f99c0863000 ---p 00000000 00:00 0 
7f99c0863000-7f99c095f000 rw-p 00000000 00:00 0 
7f99c095f000-7f99c0960000 ---p 00000000 00:00 0 
7f99c0960000-7f99c0964000 ---p 00000000 00:00 0 
7f99c0964000-7f99c0a60000 rw-p 00000000 00:00 0 
7f99c0a60000-7f99c0a61000 ---p 00000000 00:00 0 
7f99c0a61000-7f99c0a65000 ---p 00000000 00:00 0 
7f99c0a65000-7f99c0b61000 rw-p 00000000 00:00 0 
7f99c0b61000-7f99c0b62000 r--p 00000000 00:25 13813                      /usr/lib/jvm/java-17-openjdk-amd64/lib/libextnet.so
7f99c0b62000-7f99c0b63000 r-xp 00001000 00:25 13813                      /usr/lib/jvm/java-17-openjdk-amd64/lib/libextnet.so
7f99c0b63000-7f99c0b64000 r--p 00002000 00:25 13813                      /usr/lib/jvm/java-17-openjdk-amd64/lib/libextnet.so
7f99c0b64000-7f99c0b65000 r--p 00002000 00:25 13813                      /usr/lib/jvm/java-17-openjdk-amd64/lib/libextnet.so
7f99c0b65000-7f99c0b66000 rw-p 00003000 00:25 13813                      /usr/lib/jvm/java-17-openjdk-amd64/lib/libextnet.so
7f99c0b66000-7f99c0b67000 ---p 00000000 00:00 0 
7f99c0b67000-7f99c0b6b000 ---p 00000000 00:00 0 
7f99c0b6b000-7f99c0c67000 rw-p 00000000 00:00 0 
7f99c0c67000-7f99c0c69000 r--p 00000000 00:25 13832                      /usr/lib/jvm/java-17-openjdk-amd64/lib/libmanagement_ext.so
7f99c0c69000-7f99c0c6c000 r-xp 00002000 00:25 13832                      /usr/lib/jvm/java-17-openjdk-amd64/lib/libmanagement_ext.so
7f99c0c6c000-7f99c0c6d000 r--p 00005000 00:25 13832                      /usr/lib/jvm/java-17-openjdk-amd64/lib/libmanagement_ext.so
7f99c0c6d000-7f99c0c6e000 r--p 00006000 00:25 13832                      /usr/lib/jvm/java-17-openjdk-amd64/lib/libmanagement_ext.so
7f99c0c6e000-7f99c0c6f000 rw-p 00007000 00:25 13832                      /usr/lib/jvm/java-17-openjdk-amd64/lib/libmanagement_ext.so
7f99c0c6f000-7f99c0c70000 ---p 00000000 00:00 0 
7f99c0c70000-7f99c0d70000 rw-p 00000000 00:00 0 
7f99c0d70000-7f99c0dac000 r--p 00000000 fe:00 394006                     /root/.gradle/native/0.2.8/x86_64-linux-gnu/libgradle-fileevents.so
7f99c0dac000-7f99c0df4000 r-xp 0003b000 fe:00 394006                     /root/.gradle/native/0.2.8/x86_64-linux-gnu/libgradle-fileevents.so
7f99c0df4000-7f99c0dfd000 r--p 00082000 fe:00 394006                     /root/.gradle/native/0.2.8/x86_64-linux-gnu/libgradle-fileevents.so
7f99c0dfd000-7f99c0dfe000 rw-p 0008a000 fe:00 394006                     /root/.gradle/native/0.2.8/x86_64-linux-gnu/libgradle-fileevents.so
7f99c0dfe000-7f99c0e00000 rw-p 00000000 00:00 0 
7f99c0e00000-7f99c0e05000 r-xp 00000000 fe:00 393979                     /root/.gradle/native/660c5614fbf4a5f2a75b1949f50a0caf5cd603558e7d8a26e50b933a0cfb79d1/linux-amd64/libnative-platform.so
7f99c0e05000-7f99c1005000 ---p 00005000 fe:00 393979                     /root/.gradle/native/660c5614fbf4a5f2a75b1949f50a0caf5cd603558e7d8a26e50b933a0cfb79d1/linux-amd64/libnative-platform.so
7f99c1005000-7f99c1006000 r--p 00005000 fe:00 393979                     /root/.gradle/native/660c5614fbf4a5f2a75b1949f50a0caf5cd603558e7d8a26e50b933a0cfb79d1/linux-amd64/libnative-platform.so
7f99c1006000-7f99c1007000 rw-p 00006000 fe:00 393979                     /root/.gradle/native/660c5614fbf4a5f2a75b1949f50a0caf5cd603558e7d8a26e50b933a0cfb79d1/linux-amd64/libnative-platform.so
7f99c1007000-7f99c1008000 r--p 00000000 00:25 17909                      /usr/lib/x86_64-linux-gnu/libdl.so.2
7f99c1008000-7f99c1009000 r-xp 00001000 00:25 17909                      /usr/lib/x86_64-linux-gnu/libdl.so.2
7f99c1009000-7f99c100a000 r--p 00002000 00:25 17909                      /usr/lib/x86_64-linux-gnu/libdl.so.2
7f99c100a000-7f99c100b000 r--p 00002000 00:25 17909                      /usr/lib/x86_64-linux-gnu/libdl.so.2
7f99c100b000-7f99c100c000 rw-p 00003000 00:25 17909                      /usr/lib/x86_64-linux-gnu/libdl.so.2
7f99c100c000-7f99c100d000 ---p 00000000 00:00 0 
7f99c100d000-7f99c110d000 rw-p 00000000 00:00 0 
7f99c110d000-7f99c110e000 ---p 00000000 00:00 0 
7f99c110e000-7f99c120e000 rw-p 00000000 00:00 0 
7f99c120e000-7f99c120f000 ---p 00000000 00:00 0 
7f99c120f000-7f99c1213000 ---p 00000000 00:00 0 
7f99c1213000-7f99c130f000 rw-p 00000000 00:00 0 
7f99c130f000-7f99c1310000 ---p 00000000 00:00 0 
7f99c1310000-7f99c1314000 ---p 00000000 00:00 0 
7f99c1314000-7f99c1410000 rw-p 00000000 00:00 0 
7f99c1410000-7f99c1411000 ---p 00000000 00:00 0 
7f99c1411000-7f99c1415000 ---p 00000000 00:00 0 
7f99c1415000-7f99c1511000 rw-p 00000000 00:00 0 
7f99c1511000-7f99c36c1000 rwxp 00000000 00:00 0 
7f99c36c1000-7f99c8a49000 ---p 00000000 00:00 0 
7f99c8a49000-7f99c8cb9000 rwxp 00000000 00:00 0 
7f99c8cb9000-7f99c8fd8000 ---p 00000000 00:00 0 
7f99c8fd8000-7f99c9838000 rwxp 00000000 00:00 0 
7f99c9838000-7f99d0511000 ---p 00000000 00:00 0 
7f99d0511000-7f99d8000000 r--s 00000000 00:25 13844                      /usr/lib/jvm/java-17-openjdk-amd64/lib/modules
7f99d8000000-7f99d94ea000 rw-p 00000000 00:00 0 
7f99d94ea000-7f99dc000000 ---p 00000000 00:00 0 
7f99dc003000-7f99dc004000 r--p 00000000 00:25 18162                      /usr/lib/x86_64-linux-gnu/libpthread.so.0
7f99dc004000-7f99dc005000 r-xp 00001000 00:25 18162                      /usr/lib/x86_64-linux-gnu/libpthread.so.0
7f99dc005000-7f99dc006000 r--p 00002000 00:25 18162                      /usr/lib/x86_64-linux-gnu/libpthread.so.0
7f99dc006000-7f99dc007000 r--p 00002000 00:25 18162                      /usr/lib/x86_64-linux-gnu/libpthread.so.0
7f99dc007000-7f99dc008000 rw-p 00003000 00:25 18162                      /usr/lib/x86_64-linux-gnu/libpthread.so.0
7f99dc008000-7f99dc00c000 r--p 00000000 00:25 13842                      /usr/lib/jvm/java-17-openjdk-amd64/lib/libverify.so
7f99dc00c000-7f99dc013000 r-xp 00004000 00:25 13842                      /usr/lib/jvm/java-17-openjdk-amd64/lib/libverify.so
7f99dc013000-7f99dc015000 r--p 0000b000 00:25 13842                      /usr/lib/jvm/java-17-openjdk-amd64/lib/libverify.so
7f99dc015000-7f99dc017000 r--p 0000c000 00:25 13842                      /usr/lib/jvm/java-17-openjdk-amd64/lib/libverify.so
7f99dc017000-7f99dc018000 rw-p 0000e000 00:25 13842                      /usr/lib/jvm/java-17-openjdk-amd64/lib/libverify.so
7f99dc018000-7f99dc01c000 r--p 00000000 00:25 13834                      /usr/lib/jvm/java-17-openjdk-amd64/lib/libnet.so
7f99dc01c000-7f99dc02a000 r-xp 00004000 00:25 13834                      /usr/lib/jvm/java-17-openjdk-amd64/lib/libnet.so
7f99dc02a000-7f99dc02e000 r--p 00012000 00:25 13834                      /usr/lib/jvm/java-17-openjdk-amd64/lib/libnet.so
7f99dc02e000-7f99dc02f000 r--p 00015000 00:25 13834                      /usr/lib/jvm/java-17-openjdk-amd64/lib/libnet.so
7f99dc02f000-7f99dc030000 rw-p 00016000 00:25 13834                      /usr/lib/jvm/java-17-openjdk-amd64/lib/libnet.so
7f99dc030000-7f99dc031000 ---p 00000000 00:00 0 
7f99dc031000-7f99dc035000 ---p 00000000 00:00 0 
7f99dc035000-7f99dc131000 rw-p 00000000 00:00 0 
7f99dc131000-7f99dc132000 ---p 00000000 00:00 0 
7f99dc132000-7f99dc136000 ---p 00000000 00:00 0 
7f99dc136000-7f99dc232000 rw-p 00000000 00:00 0 
7f99dc232000-7f99dc233000 ---p 00000000 00:00 0 
7f99dc233000-7f99dc237000 ---p 00000000 00:00 0 
7f99dc237000-7f99dc333000 rw-p 00000000 00:00 0 
7f99dc333000-7f99dc334000 ---p 00000000 00:00 0 
7f99dc334000-7f99dc338000 ---p 00000000 00:00 0 
7f99dc338000-7f99dc434000 rw-p 00000000 00:00 0 
7f99dc434000-7f99dc435000 ---p 00000000 00:00 0 
7f99dc435000-7f99dc439000 ---p 00000000 00:00 0 
7f99dc439000-7f99dc535000 rw-p 00000000 00:00 0 
7f99dc535000-7f99dc58c000 r--p 00000000 00:25 13893                      /usr/lib/locale/C.utf8/LC_CTYPE
7f99dc58c000-7f99dc58d000 ---p 00000000 00:00 0 
7f99dc58d000-7f99dc591000 ---p 00000000 00:00 0 
7f99dc591000-7f99dc68d000 rw-p 00000000 00:00 0 
7f99dc68d000-7f99dc68e000 ---p 00000000 00:00 0 
7f99dc68e000-7f99dc692000 ---p 00000000 00:00 0 
7f99dc692000-7f99dc78e000 rw-p 00000000 00:00 0 
7f99dc78e000-7f99dc78f000 ---p 00000000 00:00 0 
7f99dc78f000-7f99dc88f000 rw-p 00000000 00:00 0 
7f99dc88f000-7f99dc894000 r--p 00000000 00:25 13828                      /usr/lib/jvm/java-17-openjdk-amd64/lib/libjsvml.so
7f99dc894000-7f99dc8d5000 r-xp 00005000 00:25 13828                      /usr/lib/jvm/java-17-openjdk-amd64/lib/libjsvml.so
7f99dc8d5000-7f99dc95e000 r--p 00046000 00:25 13828                      /usr/lib/jvm/java-17-openjdk-amd64/lib/libjsvml.so
7f99dc95e000-7f99dc95f000 r--p 000ce000 00:25 13828                      /usr/lib/jvm/java-17-openjdk-amd64/lib/libjsvml.so
7f99dc95f000-7f99dc960000 rw-p 000cf000 00:25 13828                      /usr/lib/jvm/java-17-openjdk-amd64/lib/libjsvml.so
7f99dc960000-7f99dca7d000 rw-p 00000000 00:00 0 
7f99dca80000-7f99dca82000 r--p 00000000 00:25 13830                      /usr/lib/jvm/java-17-openjdk-amd64/lib/libmanagement.so
7f99dca82000-7f99dca83000 r-xp 00002000 00:25 13830                      /usr/lib/jvm/java-17-openjdk-amd64/lib/libmanagement.so
7f99dca83000-7f99dca84000 r--p 00003000 00:25 13830                      /usr/lib/jvm/java-17-openjdk-amd64/lib/libmanagement.so
7f99dca84000-7f99dca85000 r--p 00003000 00:25 13830                      /usr/lib/jvm/java-17-openjdk-amd64/lib/libmanagement.so
7f99dca85000-7f99dca86000 rw-p 00004000 00:25 13830                      /usr/lib/jvm/java-17-openjdk-amd64/lib/libmanagement.so
7f99dca86000-7f99dca8d000 r--p 00000000 00:25 13835                      /usr/lib/jvm/java-17-openjdk-amd64/lib/libnio.so
7f99dca8d000-7f99dca96000 r-xp 00007000 00:25 13835                      /usr/lib/jvm/java-17-openjdk-amd64/lib/libnio.so
7f99dca96000-7f99dca9a000 r--p 00010000 00:25 13835                      /usr/lib/jvm/java-17-openjdk-amd64/lib/libnio.so
7f99dca9a000-7f99dca9b000 r--p 00014000 00:25 13835                      /usr/lib/jvm/java-17-openjdk-amd64/lib/libnio.so
7f99dca9b000-7f99dca9c000 rw-p 00015000 00:25 13835                      /usr/lib/jvm/java-17-openjdk-amd64/lib/libnio.so
7f99dca9c000-7f99dca9e000 r--p 00000000 00:25 13843                      /usr/lib/jvm/java-17-openjdk-amd64/lib/libzip.so
7f99dca9e000-7f99dcaa2000 r-xp 00002000 00:25 13843                      /usr/lib/jvm/java-17-openjdk-amd64/lib/libzip.so
7f99dcaa2000-7f99dcaa4000 r--p 00006000 00:25 13843                      /usr/lib/jvm/java-17-openjdk-amd64/lib/libzip.so
7f99dcaa4000-7f99dcaa5000 r--p 00007000 00:25 13843                      /usr/lib/jvm/java-17-openjdk-amd64/lib/libzip.so
7f99dcaa5000-7f99dcaa6000 rw-p 00008000 00:25 13843                      /usr/lib/jvm/java-17-openjdk-amd64/lib/libzip.so
7f99dcaa6000-7f99dcaa7000 r--p 00000000 00:25 13899                      /usr/lib/locale/C.utf8/LC_NUMERIC
7f99dcaa7000-7f99dcaa8000 r--p 00000000 00:25 13902                      /usr/lib/locale/C.utf8/LC_TIME
7f99dcaa8000-7f99dcaa9000 r--p 00000000 00:25 13892                      /usr/lib/locale/C.utf8/LC_COLLATE
7f99dcaa9000-7f99dcaaa000 r--p 00000000 00:25 13897                      /usr/lib/locale/C.utf8/LC_MONETARY
7f99dcaaa000-7f99dcaab000 r--p 00000000 00:25 13896                      /usr/lib/locale/C.utf8/LC_MESSAGES/SYS_LC_MESSAGES
7f99dcaab000-7f99dcaac000 r--p 00000000 00:25 13900                      /usr/lib/locale/C.utf8/LC_PAPER
7f99dcaac000-7f99dcaad000 r--p 00000000 00:25 13898                      /usr/lib/locale/C.utf8/LC_NAME
7f99dcaad000-7f99dcab4000 r--s 00000000 00:25 17585                      /usr/lib/x86_64-linux-gnu/gconv/gconv-modules.cache
7f99dcab4000-7f99dcab5000 ---p 00000000 00:00 0 
7f99dcab5000-7f99dcbb5000 rw-p 00000000 00:00 0 
7f99dcbb5000-7f99dcbb6000 ---p 00000000 00:00 0 
7f99dcbb6000-7f99dceb8000 rw-p 00000000 00:00 0 
7f99dceb8000-7f99dceb9000 ---p 00000000 00:00 0 
7f99dceb9000-7f99dcfb9000 rw-p 00000000 00:00 0 
7f99dcfb9000-7f99dcfba000 ---p 00000000 00:00 0 
7f99dcfba000-7f99dd0ba000 rw-p 00000000 00:00 0 
7f99dd0ba000-7f99dd0bb000 ---p 00000000 00:00 0 
7f99dd0bb000-7f99dd6d9000 rw-p 00000000 00:00 0 
7f99dd6d9000-7f99dd9c5000 ---p 00000000 00:00 0 
7f99dd9c5000-7f99dded9000 rw-p 00000000 00:00 0 
7f99dded9000-7f99de1c5000 ---p 00000000 00:00 0 
7f99de1c5000-7f99de26f000 rw-p 00000000 00:00 0 
7f99de26f000-7f99de2cc000 ---p 00000000 00:00 0 
7f99de2cc000-7f99de36f000 rw-p 00000000 00:00 0 
7f99de36f000-7f99de3cc000 ---p 00000000 00:00 0 
7f99de3cc000-7f99de46f000 rw-p 00000000 00:00 0 
7f99de46f000-7f99de4cc000 ---p 00000000 00:00 0 
7f99de4cc000-7f99de6e0000 rw-p 00000000 00:00 0 
7f99de6e0000-7f99de7ba000 ---p 00000000 00:00 0 
7f99de7ba000-7f99de7fe000 rw-p 00000000 00:00 0 
7f99de7fe000-7f99de8a5000 ---p 00000000 00:00 0 
7f99de8a5000-7f99de8aa000 rw-p 00000000 00:00 0 
7f99de8aa000-7f99de8b1000 ---p 00000000 00:00 0 
7f99de8b1000-7f99de8b9000 rw-s 00000000 fe:00 395706                     /tmp/hsperfdata_root/3013
7f99de8b9000-7f99de8c5000 r--p 00000000 00:25 13820                      /usr/lib/jvm/java-17-openjdk-amd64/lib/libjava.so
7f99de8c5000-7f99de8d6000 r-xp 0000c000 00:25 13820                      /usr/lib/jvm/java-17-openjdk-amd64/lib/libjava.so
7f99de8d6000-7f99de8dc000 r--p 0001d000 00:25 13820                      /usr/lib/jvm/java-17-openjdk-amd64/lib/libjava.so
7f99de8dc000-7f99de8dd000 r--p 00022000 00:25 13820                      /usr/lib/jvm/java-17-openjdk-amd64/lib/libjava.so
7f99de8dd000-7f99de8de000 rw-p 00023000 00:25 13820                      /usr/lib/jvm/java-17-openjdk-amd64/lib/libjava.so
7f99de8de000-7f99de8df000 rw-p 00000000 00:00 0 
7f99de8df000-7f99de8e0000 r--p 00000000 00:25 13815                      /usr/lib/jvm/java-17-openjdk-amd64/lib/libinstrument.so
7f99de8e0000-7f99de8e6000 r-xp 00001000 00:25 13815                      /usr/lib/jvm/java-17-openjdk-amd64/lib/libinstrument.so
7f99de8e6000-7f99de8e9000 r--p 00007000 00:25 13815                      /usr/lib/jvm/java-17-openjdk-amd64/lib/libinstrument.so
7f99de8e9000-7f99de8ea000 r--p 00009000 00:25 13815                      /usr/lib/jvm/java-17-openjdk-amd64/lib/libinstrument.so
7f99de8ea000-7f99de8eb000 rw-p 0000a000 00:25 13815                      /usr/lib/jvm/java-17-openjdk-amd64/lib/libinstrument.so
7f99de8eb000-7f99de8ed000 r--p 00000000 00:25 13824                      /usr/lib/jvm/java-17-openjdk-amd64/lib/libjimage.so
7f99de8ed000-7f99de8f0000 r-xp 00002000 00:25 13824                      /usr/lib/jvm/java-17-openjdk-amd64/lib/libjimage.so
7f99de8f0000-7f99de8f1000 r--p 00005000 00:25 13824                      /usr/lib/jvm/java-17-openjdk-amd64/lib/libjimage.so
7f99de8f1000-7f99de8f2000 r--p 00006000 00:25 13824                      /usr/lib/jvm/java-17-openjdk-amd64/lib/libjimage.so
7f99de8f2000-7f99de8f3000 rw-p 00007000 00:25 13824                      /usr/lib/jvm/java-17-openjdk-amd64/lib/libjimage.so
7f99de8f3000-7f99de8f7000 ---p 00000000 00:00 0 
7f99de8f7000-7f99de9f3000 rw-p 00000000 00:00 0 
7f99de9f3000-7f99de9f6000 r--p 00000000 00:25 17971                      /usr/lib/x86_64-linux-gnu/libgcc_s.so.1
7f99de9f6000-7f99dea0d000 r-xp 00003000 00:25 17971                      /usr/lib/x86_64-linux-gnu/libgcc_s.so.1
7f99dea0d000-7f99dea11000 r--p 0001a000 00:25 17971                      /usr/lib/x86_64-linux-gnu/libgcc_s.so.1
7f99dea11000-7f99dea12000 r--p 0001d000 00:25 17971                      /usr/lib/x86_64-linux-gnu/libgcc_s.so.1
7f99dea12000-7f99dea13000 rw-p 0001e000 00:25 17971                      /usr/lib/x86_64-linux-gnu/libgcc_s.so.1
7f99dea13000-7f99dea23000 r--p 00000000 00:25 18072                      /usr/lib/x86_64-linux-gnu/libm.so.6
7f99dea23000-7f99dea97000 r-xp 00010000 00:25 18072                      /usr/lib/x86_64-linux-gnu/libm.so.6
7f99dea97000-7f99deaf1000 r--p 00084000 00:25 18072                      /usr/lib/x86_64-linux-gnu/libm.so.6
7f99deaf1000-7f99deaf2000 r--p 000dd000 00:25 18072                      /usr/lib/x86_64-linux-gnu/libm.so.6
7f99deaf2000-7f99deaf3000 rw-p 000de000 00:25 18072                      /usr/lib/x86_64-linux-gnu/libm.so.6
7f99deaf3000-7f99deb8c000 r--p 00000000 00:25 18239                      /usr/lib/x86_64-linux-gnu/libstdc++.so.6.0.30
7f99deb8c000-7f99dec8d000 r-xp 00099000 00:25 18239                      /usr/lib/x86_64-linux-gnu/libstdc++.so.6.0.30
7f99dec8d000-7f99decfc000 r--p 0019a000 00:25 18239                      /usr/lib/x86_64-linux-gnu/libstdc++.so.6.0.30
7f99decfc000-7f99ded07000 r--p 00209000 00:25 18239                      /usr/lib/x86_64-linux-gnu/libstdc++.so.6.0.30
7f99ded07000-7f99ded0a000 rw-p 00214000 00:25 18239                      /usr/lib/x86_64-linux-gnu/libstdc++.so.6.0.30
7f99ded0a000-7f99ded0d000 rw-p 00000000 00:00 0 
7f99ded0d000-7f99def5e000 r--p 00000000 00:25 13856                      /usr/lib/jvm/java-17-openjdk-amd64/lib/server/libjvm.so
7f99def5e000-7f99dfcb0000 r-xp 00251000 00:25 13856                      /usr/lib/jvm/java-17-openjdk-amd64/lib/server/libjvm.so
7f99dfcb0000-7f99dff32000 r--p 00fa3000 00:25 13856                      /usr/lib/jvm/java-17-openjdk-amd64/lib/server/libjvm.so
7f99dff32000-7f99dffea000 r--p 01225000 00:25 13856                      /usr/lib/jvm/java-17-openjdk-amd64/lib/server/libjvm.so
7f99dffea000-7f99e001f000 rw-p 012dd000 00:25 13856                      /usr/lib/jvm/java-17-openjdk-amd64/lib/server/libjvm.so
7f99e001f000-7f99e007b000 rw-p 00000000 00:00 0 
7f99e007b000-7f99e00a1000 r--p 00000000 00:25 17860                      /usr/lib/x86_64-linux-gnu/libc.so.6
7f99e00a1000-7f99e01f7000 r-xp 00026000 00:25 17860                      /usr/lib/x86_64-linux-gnu/libc.so.6
7f99e01f7000-7f99e024a000 r--p 0017c000 00:25 17860                      /usr/lib/x86_64-linux-gnu/libc.so.6
7f99e024a000-7f99e024e000 r--p 001cf000 00:25 17860                      /usr/lib/x86_64-linux-gnu/libc.so.6
7f99e024e000-7f99e0250000 rw-p 001d3000 00:25 17860                      /usr/lib/x86_64-linux-gnu/libc.so.6
7f99e0250000-7f99e025d000 rw-p 00000000 00:00 0 
7f99e025d000-7f99e025f000 r--p 00000000 00:25 13825                      /usr/lib/jvm/java-17-openjdk-amd64/lib/libjli.so
7f99e025f000-7f99e0268000 r-xp 00002000 00:25 13825                      /usr/lib/jvm/java-17-openjdk-amd64/lib/libjli.so
7f99e0268000-7f99e026b000 r--p 0000b000 00:25 13825                      /usr/lib/jvm/java-17-openjdk-amd64/lib/libjli.so
7f99e026b000-7f99e026c000 r--p 0000d000 00:25 13825                      /usr/lib/jvm/java-17-openjdk-amd64/lib/libjli.so
7f99e026c000-7f99e026d000 rw-p 0000e000 00:25 13825                      /usr/lib/jvm/java-17-openjdk-amd64/lib/libjli.so
7f99e026d000-7f99e0270000 r--p 00000000 00:25 1006                       /usr/lib/x86_64-linux-gnu/libz.so.1.2.13
7f99e0270000-7f99e0283000 r-xp 00003000 00:25 1006                       /usr/lib/x86_64-linux-gnu/libz.so.1.2.13
7f99e0283000-7f99e028a000 r--p 00016000 00:25 1006                       /usr/lib/x86_64-linux-gnu/libz.so.1.2.13
7f99e028a000-7f99e028b000 r--p 0001c000 00:25 1006                       /usr/lib/x86_64-linux-gnu/libz.so.1.2.13
7f99e028b000-7f99e028c000 rw-p 0001d000 00:25 1006                       /usr/lib/x86_64-linux-gnu/libz.so.1.2.13
7f99e028c000-7f99e028d000 r--p 00000000 00:25 13891                      /usr/lib/locale/C.utf8/LC_ADDRESS
7f99e028d000-7f99e028e000 r--p 00000000 00:25 13901                      /usr/lib/locale/C.utf8/LC_TELEPHONE
7f99e028e000-7f99e028f000 r--p 00000000 00:25 13895                      /usr/lib/locale/C.utf8/LC_MEASUREMENT
7f99e028f000-7f99e0290000 r--p 00000000 00:25 13894                      /usr/lib/locale/C.utf8/LC_IDENTIFICATION
7f99e0290000-7f99e0291000 ---p 00000000 00:00 0 
7f99e0291000-7f99e0292000 r--p 00000000 00:00 0 
7f99e0292000-7f99e0293000 ---p 00000000 00:00 0 
7f99e0293000-7f99e0295000 rw-p 00000000 00:00 0 
7f99e0295000-7f99e0296000 r--p 00000000 00:25 17646                      /usr/lib/x86_64-linux-gnu/ld-linux-x86-64.so.2
7f99e0296000-7f99e02bc000 r-xp 00001000 00:25 17646                      /usr/lib/x86_64-linux-gnu/ld-linux-x86-64.so.2
7f99e02bc000-7f99e02c6000 r--p 00027000 00:25 17646                      /usr/lib/x86_64-linux-gnu/ld-linux-x86-64.so.2
7f99e02c6000-7f99e02c8000 r--p 00031000 00:25 17646                      /usr/lib/x86_64-linux-gnu/ld-linux-x86-64.so.2
7f99e02c8000-7f99e02ca000 rw-p 00033000 00:25 17646                      /usr/lib/x86_64-linux-gnu/ld-linux-x86-64.so.2
7ffdd8bad000-7ffdd8bce000 rw-p 00000000 00:00 0                          [stack]
7ffdd8bd9000-7ffdd8bdc000 r--p 00000000 00:00 0                          [vvar]
7ffdd8bdc000-7ffdd8bde000 r-xp 00000000 00:00 0                          [vdso]
ffffffffff600000-ffffffffff601000 r-xp 00000000 00:00 0                  [vsyscall]


VM Arguments:
jvm_args: --add-opens=java.base/java.lang=ALL-UNNAMED --add-opens=java.base/java.lang.invoke=ALL-UNNAMED --add-opens=java.base/java.util=ALL-UNNAMED --add-opens=java.prefs/java.util.prefs=ALL-UNNAMED --add-exports=jdk.compiler/com.sun.tools.javac.api=ALL-UNNAMED --add-exports=jdk.compiler/com.sun.tools.javac.util=ALL-UNNAMED --add-opens=java.base/java.util=ALL-UNNAMED --add-opens=java.prefs/java.util.prefs=ALL-UNNAMED --add-opens=java.base/java.nio.charset=ALL-UNNAMED --add-opens=java.base/java.net=ALL-UNNAMED --add-opens=java.base/java.util.concurrent=ALL-UNNAMED --add-opens=java.base/java.util.concurrent.atomic=ALL-UNNAMED --add-opens=java.xml/javax.xml.namespace=ALL-UNNAMED --add-opens=java.base/java.time=ALL-UNNAMED -XX:MaxMetaspaceSize=256m -Xmx512m -Dfile.encoding=UTF-8 -Duser.country -Duser.language=en -Duser.variant -javaagent:/root/.gradle/wrapper/dists/gradle-9.3.1-bin/23ovyewtku6u96viwx3xl3oks/gradle-9.3.1/lib/agents/gradle-instrumentation-agent-9.3.1.jar 
java_command: org.gradle.launcher.daemon.bootstrap.GradleDaemon 9.3.1
java_class_path (initial): /root/.gradle/wrapper/dists/gradle-9.3.1-bin/23ovyewtku6u96viwx3xl3oks/gradle-9.3.1/lib/gradle-daemon-main-9.3.1.jar
Launcher Type: SUN_STANDARD

[Global flags]
     intx CICompilerCount                          = 2                                         {product} {ergonomic}
   size_t CompressedClassSpaceSize                 = 218103808                                 {product} {ergonomic}
     uint ConcGCThreads                            = 1                                         {product} {ergonomic}
     uint G1ConcRefinementThreads                  = 2                                         {product} {ergonomic}
   size_t G1HeapRegionSize                         = 1048576                                   {product} {ergonomic}
    uintx GCDrainStackTargetSize                   = 64                                        {product} {ergonomic}
   size_t InitialHeapSize                          = 33554432                                  {product} {ergonomic}
   size_t MarkStackSize                            = 4194304                                   {product} {ergonomic}
   size_t MaxHeapSize                              = 536870912                                 {product} {command line}
   size_t MaxMetaspaceSize                         = 268435456                                 {product} {command line}
   size_t MaxNewSize                               = 321912832                                 {product} {ergonomic}
   size_t MinHeapDeltaBytes                        = 1048576                                   {product} {ergonomic}
   size_t MinHeapSize                              = 8388608                                   {product} {ergonomic}
    uintx NonNMethodCodeHeapSize                   = 5826188                                {pd product} {ergonomic}
    uintx NonProfiledCodeHeapSize                  = 122916026                              {pd product} {ergonomic}
    uintx ProfiledCodeHeapSize                     = 122916026                              {pd product} {ergonomic}
    uintx ReservedCodeCacheSize                    = 251658240                              {pd product} {ergonomic}
     bool SegmentedCodeCache                       = true                                      {product} {ergonomic}
   size_t SoftMaxHeapSize                          = 536870912                              {manageable} {ergonomic}
     bool UseCompressedClassPointers               = true                           {product lp64_product} {ergonomic}
     bool UseCompressedOops                        = true                           {product lp64_product} {ergonomic}
     bool UseG1GC                                  = true                                      {product} {ergonomic}

Logging:
Log output configuration:
 #0: stdout all=warning uptime,level,tags
 #1: stderr all=off uptime,level,tags

Environment Variables:
PATH=/usr/local/sbin:/usr/local/bin:/usr/sbin:/usr/bin:/sbin:/bin:/opt/android-sdk/cmdline-tools/latest/bin:/opt/android-sdk/platform-tools:/opt/android-sdk/cmdline-tools/latest/bin:/opt/android-sdk/platform-tools
SHELL=/bin/bash
LANG=C.UTF-8
LC_ALL=C.UTF-8
TERM=tmux-256color

Active Locale:
LC_ALL=C.UTF-8
LC_COLLATE=C.UTF-8
LC_CTYPE=C.UTF-8
LC_MESSAGES=C.UTF-8
LC_MONETARY=C.UTF-8
LC_NUMERIC=C.UTF-8
LC_TIME=C.UTF-8

Signal Handlers:
   SIGSEGV: crash_handler in libjvm.so, mask=11100100010111111101111111111110, flags=SA_RESTART|SA_SIGINFO, unblocked
    SIGBUS: crash_handler in libjvm.so, mask=11100100010111111101111111111110, flags=SA_RESTART|SA_SIGINFO, unblocked
    SIGFPE: crash_handler in libjvm.so, mask=11100100010111111101111111111110, flags=SA_RESTART|SA_SIGINFO, unblocked
   SIGPIPE: javaSignalHandler in libjvm.so, mask=11100100010111111101111111111110, flags=SA_RESTART|SA_SIGINFO, unblocked
   SIGXFSZ: javaSignalHandler in libjvm.so, mask=11100100010111111101111111111110, flags=SA_RESTART|SA_SIGINFO, unblocked
    SIGILL: crash_handler in libjvm.so, mask=11100100010111111101111111111110, flags=SA_RESTART|SA_SIGINFO, unblocked
   SIGUSR2: SR_handler in libjvm.so, mask=00100000000000000000000000000000, flags=SA_RESTART|SA_SIGINFO, unblocked
    SIGHUP: UserHandler in libjvm.so, mask=11100100010111111101111111111110, flags=SA_RESTART|SA_SIGINFO, unblocked
    SIGINT: UserHandler in libjvm.so, mask=11100100010111111101111111111110, flags=SA_RESTART|SA_SIGINFO, unblocked
   SIGTERM: UserHandler in libjvm.so, mask=11100100010111111101111111111110, flags=SA_RESTART|SA_SIGINFO, unblocked
   SIGQUIT: UserHandler in libjvm.so, mask=11100100010111111101111111111110, flags=SA_RESTART|SA_SIGINFO, unblocked
   SIGTRAP: crash_handler in libjvm.so, mask=11100100010111111101111111111110, flags=SA_RESTART|SA_SIGINFO, unblocked


Periodic native trim disabled


---------------  S Y S T E M  ---------------

OS:
PRETTY_NAME="Debian GNU/Linux 12 (bookworm)"
NAME="Debian GNU/Linux"
VERSION_ID="12"
VERSION="12 (bookworm)"
VERSION_CODENAME=bookworm
ID=debian
HOME_URL="https://www.debian.org/"
SUPPORT_URL="https://www.debian.org/support"
BUG_REPORT_URL="https://bugs.debian.org/"
uname: Linux 4.19.91-c8dfc93.al7.x86_64 #1 SMP Tue Sep 26 10:25:51 UTC 2023 x86_64
OS uptime: 0 days 0:18 hours
libc: glibc 2.36 NPTL 2.36 
rlimit (soft/hard): STACK 8192k/infinity , CORE 0k/0k , NPROC 100000/100000 , NOFILE 100000/100000 , AS infinity/infinity , CPU infinity/infinity , DATA infinity/infinity , FSIZE infinity/infinity , MEMLOCK 64k/64k
load average: 5.21 3.11 1.51

/proc/meminfo:
MemTotal:        2152516 kB
MemFree:           22812 kB
MemAvailable:       2676 kB
Buffers:             128 kB
Cached:             8344 kB
SwapCached:            0 kB
Active:          2042916 kB
Inactive:           4188 kB
Active(anon):    2038800 kB
Inactive(anon):       16 kB
Active(file):       4116 kB
Inactive(file):     4172 kB
Unevictable:           0 kB
Mlocked:               0 kB
SwapTotal:             0 kB
SwapFree:              0 kB
Dirty:               104 kB
Writeback:             0 kB
AnonPages:       2038268 kB
Mapped:             7024 kB
Shmem:                36 kB
Slab:              32448 kB
SReclaimable:      18872 kB
SUnreclaim:        13576 kB
KernelStack:        3632 kB
PageTables:         5944 kB
NFS_Unstable:          0 kB
Bounce:                0 kB
WritebackTmp:          0 kB
CommitLimit:     1076256 kB
Committed_AS:    2436768 kB
VmallocTotal:   34359738367 kB
VmallocUsed:           0 kB
VmallocChunk:          0 kB
Percpu:              400 kB
AnonHugePages:    563200 kB
ShmemHugePages:        0 kB
ShmemPmdMapped:        0 kB
HugePages_Total:       0
HugePages_Free:        0
HugePages_Rsvd:        0
HugePages_Surp:        0
Hugepagesize:       2048 kB
Hugetlb:               0 kB
DirectMap4k:        8192 kB
DirectMap2M:     2523136 kB
DirectMap1G:           0 kB

/sys/kernel/mm/transparent_hugepage/enabled: [always] madvise never
/sys/kernel/mm/transparent_hugepage/hpage_pmd_size: 2097152
/sys/kernel/mm/transparent_hugepage/defrag (defrag/compaction efforts parameter): always defer defer+madvise madvise [never]

Process Memory:
Virtual Size: 2365864K (peak: 2404776K)
Resident Set Size: 650132K (peak: 655256K) (anon: 650132K, file: 0K, shmem: 0K)
Swapped out: 0K
C-Heap outstanding allocations: 93990K, retained: 51353K
glibc malloc tunables: (default)

/proc/sys/kernel/threads-max (system-wide limit on the number of threads): 1129
/proc/sys/vm/max_map_count (maximum number of memory map areas a process may have): 65530
/proc/sys/vm/swappiness (control to define how aggressively the kernel swaps out anonymous memory): 60
/proc/sys/kernel/pid_max (system-wide limit on number of process identifiers): 32768

container (cgroup) information:
container_type: cgroupv1
cpu_cpuset_cpus: 0-1
cpu_memory_nodes: 0
active_processor_count: 2
cpu_quota: no quota
cpu_period: 100000
cpu_shares: 12288
memory_limit_in_bytes: 2097152 k
memory_and_swap_limit_in_bytes: unlimited
memory_soft_limit_in_bytes: unlimited
memory_usage_in_bytes: 2069616 k
memory_max_usage_in_bytes: 2070596 k
rss_usage_in_bytes: 2032180 k
cache_usage_in_bytes: 8580 k
kernel_memory_limit_in_bytes: unlimited
kernel_memory_usage_in_bytes: 28796 k
kernel_memory_max_usage_in_bytes: 150088 k
maximum number of tasks: unlimited
current number of tasks: 153

KVM virtualization detected
Steal ticks since vm start: 17305
Steal ticks percentage since vm start:  0.460

CPU: total 2 (initial active 2) (2 cores per cpu, 1 threads per core) family 6 model 85 stepping 7 microcode 0x1, cx8, cmov, fxsr, mmx, 3dnowpref, sse, sse2, sse3, ssse3, sse4.1, sse4.2, popcnt, lzcnt, tsc, tscinvbit, avx, avx2, aes, erms, clmul, bmi1, bmi2, adx, avx512f, avx512dq, avx512cd, avx512bw, avx512vl, fma, vzeroupper, avx512_vnni, clflush, clflushopt, clwb, hv
CPU Model and flags from /proc/cpuinfo:
model name	: Intel(R) Xeon(R) Processor @ 2.50GHz
flags		: fpu vme de pse tsc msr pae mce cx8 apic sep mtrr pge mca cmov pat pse36 clflush mmx fxsr sse sse2 ss ht syscall nx pdpe1gb rdtscp lm constant_tsc rep_good nopl xtopology nonstop_tsc cpuid tsc_known_freq pni pclmulqdq ssse3 fma cx16 pcid sse4_1 sse4_2 x2apic movbe popcnt tsc_deadline_timer aes xsave avx f16c rdrand hypervisor lahf_lm abm 3dnowprefetch cpuid_fault invpcid_single ssbd ibrs ibpb stibp ibrs_enhanced fsgsbase tsc_adjust bmi1 avx2 smep bmi2 erms invpcid mpx avx512f avx512dq rdseed adx smap clflushopt clwb avx512cd avx512bw avx512vl xsaveopt xsavec xgetbv1 xsaves umip avx512_vnni md_clear arch_capabilities

Online cpus: 0-1
Offline cpus: 
BIOS frequency limitation: <Not Available>
Frequency switch latency (ns): <Not Available>
Available cpu frequencies: <Not Available>
Current governor: <Not Available>
Core performance/turbo boost: <Not Available>

Memory: 4k page, physical 2097152k(27280k free), swap 0k(0k free)
Page Sizes: 4k

vm_info: OpenJDK 64-Bit Server VM (17.0.20+8-1-deb12u1-Debian) for linux-amd64 JRE (17.0.20+8-1-deb12u1-Debian), built on Jul 28 2026 07:08:51 by "buildd" with gcc 12.2.0

END.
