#
# There is insufficient memory for the Java Runtime Environment to continue.
# Native memory allocation (mmap) failed to map 520093696 bytes. Error detail: committing reserved memory.
# Possible reasons:
#   The system is out of physical RAM or swap space
#   This process is running with CompressedOops enabled, and the Java Heap may be blocking the growth of the native heap
# Possible solutions:
#   Reduce memory load on the system
#   Increase physical memory or swap space
#   Check if swap backing store is full
#   Decrease Java heap size (-Xmx/-Xms)
#   Decrease number of Java threads
#   Decrease Java thread stack sizes (-Xss)
#   Set larger code cache with -XX:ReservedCodeCacheSize=
#   JVM is running with Unscaled Compressed Oops mode in which the Java heap is
#     placed in the first 4GB address space. The Java Heap base address is the
#     maximum limit for the native heap growth. Please use -XX:HeapBaseMinAddress
#     to set the Java Heap base and to place the Java Heap above 4GB virtual address.
# This output file may be truncated or incomplete.
#
#  Out of Memory Error (os_linux.cpp:2834), pid=281, tid=290
#
# JRE version: OpenJDK Runtime Environment (17.0.20+8) (build 17.0.20+8-1-deb12u1-Debian)
# Java VM: OpenJDK 64-Bit Server VM (17.0.20+8-1-deb12u1-Debian, mixed mode, sharing, tiered, compressed oops, compressed class ptrs, g1 gc, linux-amd64)
# No core dump will be written. Core dumps have been disabled. To enable core dumping, try "ulimit -c unlimited" before starting Java again
#

---------------  S U M M A R Y ------------

Command Line: --add-opens=java.base/java.lang=ALL-UNNAMED --add-opens=java.base/java.lang.invoke=ALL-UNNAMED --add-opens=java.base/java.util=ALL-UNNAMED --add-opens=java.prefs/java.util.prefs=ALL-UNNAMED --add-exports=jdk.compiler/com.sun.tools.javac.api=ALL-UNNAMED --add-exports=jdk.compiler/com.sun.tools.javac.util=ALL-UNNAMED --add-opens=java.base/java.util=ALL-UNNAMED --add-opens=java.prefs/java.util.prefs=ALL-UNNAMED --add-opens=java.base/java.nio.charset=ALL-UNNAMED --add-opens=java.base/java.net=ALL-UNNAMED --add-opens=java.base/java.util.concurrent=ALL-UNNAMED --add-opens=java.base/java.util.concurrent.atomic=ALL-UNNAMED --add-opens=java.xml/javax.xml.namespace=ALL-UNNAMED --add-opens=java.base/java.time=ALL-UNNAMED -Xmx2g -Dfile.encoding=UTF-8 -Duser.country -Duser.language=en -Duser.variant -javaagent:/root/.gradle/wrapper/dists/gradle-9.3.1-bin/23ovyewtku6u96viwx3xl3oks/gradle-9.3.1/lib/agents/gradle-instrumentation-agent-9.3.1.jar org.gradle.launcher.daemon.bootstrap.GradleDaemon 9.3.1

Host: Intel(R) Xeon(R) Processor @ 2.50GHz, 2 cores, 2G, Debian GNU/Linux 12 (bookworm)
Time: Wed Sep 16 14:43:08 2026 UTC elapsed time: 785.576565 seconds (0d 0h 13m 5s)

---------------  T H R E A D  ---------------

Current thread (0x00007f8ff40d3980):  VMThread "VM Thread" [stack: 0x00007f8ff8a98000,0x00007f8ff8b98000] [id=290]

Stack: [0x00007f8ff8a98000,0x00007f8ff8b98000],  sp=0x00007f8ff8b95d70,  free space=1015k
Native frames: (J=compiled Java code, j=interpreted, Vv=VM code, C=native code)
V  [libjvm.so+0xf21211]  VMError::report_and_die(int, char const*, char const*, __va_list_tag*, Thread*, unsigned char*, void*, void*, char const*, int, unsigned long)+0x171
V  [libjvm.so+0xf21d7d]  VMError::report_and_die(Thread*, char const*, int, unsigned long, VMErrorType, char const*, __va_list_tag*)+0x2d
V  [libjvm.so+0x60378c]  report_vm_out_of_memory(char const*, int, unsigned long, VMErrorType, char const*, ...)+0xdc
V  [libjvm.so+0xc2a14b]  os::pd_commit_memory_or_exit(char*, unsigned long, unsigned long, bool, char const*)+0xeb
V  [libjvm.so+0xc23ffb]  os::commit_memory_or_exit(char*, unsigned long, unsigned long, bool, char const*)+0x1b
V  [libjvm.so+0x733436]  G1PageBasedVirtualSpace::commit(unsigned long, unsigned long)+0x66
V  [libjvm.so+0x7473e0]  G1RegionsLargerThanCommitSizeMapper::commit_regions(unsigned int, unsigned long, WorkGang*)+0x110
V  [libjvm.so+0x7dadc8]  HeapRegionManager::commit_regions(unsigned int, unsigned long, WorkGang*)+0x88
V  [libjvm.so+0x7dcc0b]  HeapRegionManager::expand(unsigned int, unsigned int, WorkGang*)+0x2b
V  [libjvm.so+0x7dce27]  HeapRegionManager::expand_by(unsigned int, WorkGang*)+0x77
V  [libjvm.so+0x6ebed8]  G1CollectedHeap::expand(unsigned long, WorkGang*, double*)+0xe8
V  [libjvm.so+0x6efb29]  G1CollectedHeap::do_collection_pause_at_safepoint_helper(double)+0x8a9
V  [libjvm.so+0x6efb8f]  G1CollectedHeap::do_collection_pause_at_safepoint(double)+0x2f
V  [libjvm.so+0x76bb4d]  VM_G1TryInitiateConcMark::doit()+0x9d
V  [libjvm.so+0xf26715]  VM_Operation::evaluate()+0xe5
V  [libjvm.so+0xf28005]  VMThread::evaluate_operation(VM_Operation*)+0x105
V  [libjvm.so+0xf2857f]  VMThread::inner_execute(VM_Operation*)+0x28f
V  [libjvm.so+0xf2878f]  VMThread::run()+0xbf
V  [libjvm.so+0xea40a5]  Thread::call_run()+0xa5
V  [libjvm.so+0xc2c8f3]  thread_native_entry(Thread*)+0xe3

VM_Operation (0x00007f8fc9bf15b0): G1TryInitiateConcMark, mode: safepoint, requested by thread 0x00007f8f68493040


---------------  P R O C E S S  ---------------

Threads class SMR info:
_java_thread_list=0x00007f8fcc094f10, length=69, elements={
0x00007f8ff401af00, 0x00007f8ff40d7a80, 0x00007f8ff40d8e60, 0x00007f8ff40dfc60,
0x00007f8ff40e1010, 0x00007f8ff40e2420, 0x00007f8ff40e3dd0, 0x00007f8ff40e5300,
0x00007f8ff40e6770, 0x00007f8ff40f1e50, 0x00007f8ff41b2460, 0x00007f8ff538a5a0,
0x00007f8ff54ead40, 0x00007f8ff551c180, 0x00007f8fc41b13a0, 0x00007f8fc41b42c0,
0x00007f8fc41eb510, 0x00007f8fc4955b90, 0x00007f8fc7645700, 0x00007f8f64017d70,
0x00007f8f54095970, 0x00007f8f54474ff0, 0x00007f8f54475d70, 0x00007f8f68010390,
0x00007f8f68006640, 0x00007f8f6800ebc0, 0x00007f8f6800d660, 0x00007f8f6800de10,
0x00007f8f680278e0, 0x00007f8f68028340, 0x00007f8f68029270, 0x00007f8f68040fc0,
0x00007f8f6803e500, 0x00007f8f6805ac00, 0x00007f8f6801c260, 0x00007f8f68493040,
0x00007f8fd003e120, 0x00007f8fcc007ab0, 0x00007f8fcc0753a0, 0x00007f8fcc0793b0,
0x00007f8fcc078180, 0x00007f8fcc078d70, 0x00007f8fcc07b6d0, 0x00007f8fcc07aaa0,
0x00007f8fcc07e390, 0x00007f8fcc089e80, 0x00007f8fcc07c560, 0x00007f8fcc07cf50,
0x00007f8fcc080640, 0x00007f8fcc07ee20, 0x00007f8fcc088be0, 0x00007f8fcc081400,
0x00007f8fcc081db0, 0x00007f8fcc086ba0, 0x00007f8fcc092cf0, 0x00007f8fcc093d20,
0x00007f8fcc13bbb0, 0x00007f8fd00924f0, 0x00007f8f54c5daf0, 0x00007f8f549de720,
0x00007f8f549e5700, 0x00007f8f545b0880, 0x00007f8f545b97b0, 0x00007f8f54192280,
0x00007f8fd014cf00, 0x00007f8fd0146590, 0x00007f8fd0147f00, 0x00007f8fd0148bb0,
0x00007f8f54c96490
}

Java Threads: ( => current thread )
  0x00007f8ff401af00 JavaThread "main" [_thread_blocked, id=283, stack(0x00007f8ffa52f000,0x00007f8ffa62f000)]
  0x00007f8ff40d7a80 JavaThread "Reference Handler" daemon [_thread_blocked, id=291, stack(0x00007f8ff8997000,0x00007f8ff8a97000)]
  0x00007f8ff40d8e60 JavaThread "Finalizer" daemon [_thread_blocked, id=292, stack(0x00007f8ff8896000,0x00007f8ff8996000)]
  0x00007f8ff40dfc60 JavaThread "Signal Dispatcher" daemon [_thread_blocked, id=293, stack(0x00007f8ff873e000,0x00007f8ff883e000)]
  0x00007f8ff40e1010 JavaThread "Service Thread" daemon [_thread_blocked, id=294, stack(0x00007f8ff863d000,0x00007f8ff873d000)]
  0x00007f8ff40e2420 JavaThread "Monitor Deflation Thread" daemon [_thread_blocked, id=295, stack(0x00007f8ff853c000,0x00007f8ff863c000)]
  0x00007f8ff40e3dd0 JavaThread "C2 CompilerThread0" daemon [_thread_blocked, id=296, stack(0x00007f8ff843b000,0x00007f8ff853b000)]
  0x00007f8ff40e5300 JavaThread "C1 CompilerThread0" daemon [_thread_blocked, id=297, stack(0x00007f8ff833a000,0x00007f8ff843a000)]
  0x00007f8ff40e6770 JavaThread "Sweeper thread" daemon [_thread_blocked, id=298, stack(0x00007f8ff8239000,0x00007f8ff8339000)]
  0x00007f8ff40f1e50 JavaThread "Common-Cleaner" daemon [_thread_blocked, id=299, stack(0x00007f8ff8138000,0x00007f8ff8238000)]
  0x00007f8ff41b2460 JavaThread "Notification Thread" daemon [_thread_blocked, id=300, stack(0x00007f8ff801f000,0x00007f8ff811f000)]
  0x00007f8ff538a5a0 JavaThread "Daemon health stats" [_thread_blocked, id=309, stack(0x00007f8fd8dff000,0x00007f8fd8eff000)]
  0x00007f8ff54ead40 JavaThread "Incoming local TCP Connector on port 44865" [_thread_in_native, id=310, stack(0x00007f8fd8cfe000,0x00007f8fd8dfe000)]
  0x00007f8ff551c180 JavaThread "Daemon periodic checks" [_thread_blocked, id=311, stack(0x00007f8fd8bfd000,0x00007f8fd8cfd000)]
  0x00007f8fc41b13a0 JavaThread "Cache worker for journal cache (/root/.gradle/caches/journal-1)" [_thread_blocked, id=321, stack(0x00007f8fd83f5000,0x00007f8fd84f5000)]
  0x00007f8fc41b42c0 JavaThread "File lock request listener" [_thread_in_native, id=322, stack(0x00007f8fd82f4000,0x00007f8fd83f4000)]
  0x00007f8fc41eb510 JavaThread "Cache worker for file hash cache (/root/.gradle/caches/9.3.1/fileHashes)" [_thread_blocked, id=323, stack(0x00007f8fd81f3000,0x00007f8fd82f3000)]
  0x00007f8fc4955b90 JavaThread "Cache worker for file content cache (/root/.gradle/caches/9.3.1/fileContent)" [_thread_blocked, id=332, stack(0x00007f8fc9cfe000,0x00007f8fc9dfe000)]
  0x00007f8fc7645700 JavaThread "Memory manager" [_thread_blocked, id=603, stack(0x00007f8fc84e6000,0x00007f8fc85e6000)]
  0x00007f8f64017d70 JavaThread "Daemon Thread 2" [_thread_blocked, id=2223, stack(0x00007f8fd8afc000,0x00007f8fd8bfc000)]
  0x00007f8f54095970 JavaThread "Handler for socket connection from /127.0.0.1:44865 to /127.0.0.1:57582" [_thread_in_native, id=2224, stack(0x00007f8fd86f8000,0x00007f8fd87f8000)]
  0x00007f8f54474ff0 JavaThread "Cancel handler" [_thread_blocked, id=2225, stack(0x00007f8fd87f9000,0x00007f8fd88f9000)]
  0x00007f8f54475d70 JavaThread "Daemon worker Thread 2" [_thread_blocked, id=2226, stack(0x00007f8fd89fb000,0x00007f8fd8afb000)]
  0x00007f8f68010390 JavaThread "Asynchronous log dispatcher for DefaultDaemonConnection: socket connection from /127.0.0.1:44865 to /127.0.0.1:57582" [_thread_blocked, id=2227, stack(0x00007f8fd88fa000,0x00007f8fd89fa000)]
  0x00007f8f68006640 JavaThread "Stdin handler" [_thread_blocked, id=2228, stack(0x00007f8fd85f7000,0x00007f8fd86f7000)]
  0x00007f8f6800ebc0 JavaThread "Daemon client event forwarder" [_thread_blocked, id=2229, stack(0x00007f8fd84f6000,0x00007f8fd85f6000)]
  0x00007f8f6800d660 JavaThread "Cache worker for file hash cache (/workspace/.gradle/9.3.1/fileHashes)" [_thread_blocked, id=2230, stack(0x00007f8fc85e7000,0x00007f8fc86e7000)]
  0x00007f8f6800de10 JavaThread "Cache worker for Build Output Cleanup Cache (/workspace/.gradle/buildOutputCleanup)" [_thread_blocked, id=2231, stack(0x00007f8fc8bed000,0x00007f8fc8ced000)]
  0x00007f8f680278e0 JavaThread "Cache worker for checksums cache (/workspace/.gradle/9.3.1/checksums)" [_thread_blocked, id=2232, stack(0x00007f8fc95f7000,0x00007f8fc96f7000)]
  0x00007f8f68028340 JavaThread "Cache worker for cache directory md-supplier (/root/.gradle/caches/9.3.1/md-supplier)" [_thread_blocked, id=2233, stack(0x00007f8fc97f9000,0x00007f8fc98f9000)]
  0x00007f8f68029270 JavaThread "Cache worker for cache directory md-rule (/root/.gradle/caches/9.3.1/md-rule)" [_thread_blocked, id=2234, stack(0x00007f8fc8ef0000,0x00007f8fc8ff0000)]
  0x00007f8f68040fc0 JavaThread "Unconstrained build operations" [_thread_blocked, id=2237, stack(0x00007f8fc98fa000,0x00007f8fc99fa000)]
  0x00007f8f6803e500 JavaThread "Unconstrained build operations Thread 2" [_thread_blocked, id=2238, stack(0x00007f8fc93f5000,0x00007f8fc94f5000)]
  0x00007f8f6805ac00 JavaThread "build event listener" [_thread_blocked, id=2240, stack(0x00007f8fc86e8000,0x00007f8fc87e8000)]
  0x00007f8f6801c260 JavaThread "build event listener" [_thread_blocked, id=2241, stack(0x00007f8fc92f4000,0x00007f8fc93f4000)]
  0x00007f8f68493040 JavaThread "included builds" [_thread_blocked, id=2281, stack(0x00007f8fc9afc000,0x00007f8fc9bfc000)]
  0x00007f8fd003e120 JavaThread "Execution worker" [_thread_blocked, id=2282, stack(0x00007f8fc9f00000,0x00007f8fca000000)]
  0x00007f8fcc007ab0 JavaThread "Cache worker for execution history cache (/workspace/.gradle/9.3.1/executionHistory)" [_thread_blocked, id=2283, stack(0x00007f8fc80e2000,0x00007f8fc81e2000)]
  0x00007f8fcc0753a0 JavaThread "Unconstrained build operations Thread 3" [_thread_blocked, id=2285, stack(0x00007f8fc9bfd000,0x00007f8fc9cfd000)]
  0x00007f8fcc0793b0 JavaThread "Unconstrained build operations Thread 4" [_thread_blocked, id=2287, stack(0x00007f8fc82e4000,0x00007f8fc83e4000)]
  0x00007f8fcc078180 JavaThread "Unconstrained build operations Thread 5" [_thread_blocked, id=2290, stack(0x00007f8fc8aec000,0x00007f8fc8bec000)]
  0x00007f8fcc078d70 JavaThread "Unconstrained build operations Thread 6" [_thread_blocked, id=2291, stack(0x00007f8fc89eb000,0x00007f8fc8aeb000)]
  0x00007f8fcc07b6d0 JavaThread "Unconstrained build operations Thread 7" [_thread_blocked, id=2293, stack(0x00007f8fc8cee000,0x00007f8fc8dee000)]
  0x00007f8fcc07aaa0 JavaThread "Unconstrained build operations Thread 8" [_thread_blocked, id=2294, stack(0x00007f8fc87e9000,0x00007f8fc88e9000)]
  0x00007f8fcc07e390 JavaThread "Unconstrained build operations Thread 9" [_thread_blocked, id=2296, stack(0x00007f8fc94f6000,0x00007f8fc95f6000)]
  0x00007f8fcc089e80 JavaThread "Unconstrained build operations Thread 10" [_thread_blocked, id=2298, stack(0x00007f8fc96f8000,0x00007f8fc97f8000)]
  0x00007f8fcc07c560 JavaThread "Unconstrained build operations Thread 11" [_thread_blocked, id=2299, stack(0x00007f8fc90f2000,0x00007f8fc91f2000)]
  0x00007f8fcc07cf50 JavaThread "Unconstrained build operations Thread 12" [_thread_blocked, id=2300, stack(0x00007f8fc91f3000,0x00007f8fc92f3000)]
  0x00007f8fcc080640 JavaThread "Unconstrained build operations Thread 13" [_thread_blocked, id=2302, stack(0x00007f8fc88ea000,0x00007f8fc89ea000)]
  0x00007f8fcc07ee20 JavaThread "Unconstrained build operations Thread 14" [_thread_blocked, id=2303, stack(0x00007f8fc8ff1000,0x00007f8fc90f1000)]
  0x00007f8fcc088be0 JavaThread "Unconstrained build operations Thread 15" [_thread_blocked, id=2307, stack(0x00007f8fc8def000,0x00007f8fc8eef000)]
  0x00007f8fcc081400 JavaThread "Unconstrained build operations Thread 16" [_thread_blocked, id=2310, stack(0x00007f8fc99fb000,0x00007f8fc9afb000)]
  0x00007f8fcc081db0 JavaThread "Unconstrained build operations Thread 17" [_thread_blocked, id=2311, stack(0x00007f8fc9dff000,0x00007f8fc9eff000)]
  0x00007f8fcc086ba0 JavaThread "Unconstrained build operations Thread 18" [_thread_blocked, id=2313, stack(0x00007f8fc81e3000,0x00007f8fc82e3000)]
  0x00007f8fcc092cf0 JavaThread "Unconstrained build operations Thread 19" [_thread_blocked, id=2314, stack(0x00007f8fd80f2000,0x00007f8fd81f2000)]
  0x00007f8fcc093d20 JavaThread "Unconstrained build operations Thread 20" [_thread_blocked, id=2316, stack(0x00007f8fc83e5000,0x00007f8fc84e5000)]
  0x00007f8fcc13bbb0 JavaThread "WorkerExecutor Queue" [_thread_blocked, id=2330, stack(0x00007f8f7af00000,0x00007f8f7b000000)]
  0x00007f8fd00924f0 JavaThread "WorkerExecutor Queue Thread 2" [_thread_blocked, id=2331, stack(0x00007f8f7adff000,0x00007f8f7aeff000)]
  0x00007f8f54c5daf0 JavaThread "process reaper" daemon [_thread_blocked, id=2385, stack(0x00007f8fd9250000,0x00007f8fd9272000)]
  0x00007f8f549de720 JavaThread "RMI Scheduler(0)" daemon [_thread_blocked, id=2414, stack(0x00007f8f7a9fb000,0x00007f8f7aafb000)]
  0x00007f8f549e5700 JavaThread "RMI RenewClean-[127.0.0.1:17068,org.jetbrains.kotlin.daemon.common.LoopbackNetworkInterface$ClientLoopbackSocketFactory@5503721]" daemon [_thread_blocked, id=2415, stack(0x00007f8f7a8fa000,0x00007f8f7a9fa000)]
  0x00007f8f545b0880 JavaThread "RMI GC Daemon" daemon [_thread_blocked, id=2416, stack(0x00007f8f7a7f9000,0x00007f8f7a8f9000)]
  0x00007f8f545b97b0 JavaThread "RMI TCP Accept-0" daemon [_thread_in_native, id=2418, stack(0x00007f8f7a6f8000,0x00007f8f7a7f8000)]
  0x00007f8f54192280 JavaThread "RMI Reaper" [_thread_blocked, id=2419, stack(0x00007f8f7a5f7000,0x00007f8f7a6f7000)]
  0x00007f8fd014cf00 JavaThread "pool-6-thread-1" [_thread_blocked, id=2431, stack(0x00007f8f7a3f5000,0x00007f8f7a4f5000)]
  0x00007f8fd0146590 JavaThread "process reaper (pid 2432)" daemon [_thread_in_native, id=2433, stack(0x00007f8fd9228000,0x00007f8fd924a000)]
  0x00007f8fd0147f00 JavaThread "stderr" [_thread_in_native, id=2434, stack(0x00007f8f7a2f4000,0x00007f8f7a3f4000)]
  0x00007f8fd0148bb0 JavaThread "stdout" [_thread_in_native, id=2435, stack(0x00007f8f7a1f3000,0x00007f8f7a2f3000)]
  0x00007f8f54c96490 JavaThread "pool-5-thread-4" [_thread_blocked, id=2519, stack(0x00007f8f7aafc000,0x00007f8f7abfc000)]

Other Threads:
=>0x00007f8ff40d3980 VMThread "VM Thread" [stack: 0x00007f8ff8a98000,0x00007f8ff8b98000] [id=290]
  0x00007f8ff401d270 WatcherThread [stack: 0x00007f8fd9411000,0x00007f8fd9511000] [id=301]
  0x00007f8ff4075d80 GCTaskThread "GC Thread#0" [stack: 0x00007f8ff93c4000,0x00007f8ff94c4000] [id=285]
  0x00007f8f74004990 GCTaskThread "GC Thread#1" [stack: 0x00007f8fd9310000,0x00007f8fd9410000] [id=302]
  0x00007f8ff4087360 ConcurrentGCThread "G1 Main Marker" [stack: 0x00007f8ff92c3000,0x00007f8ff93c3000] [id=286]
  0x00007f8ff40882d0 ConcurrentGCThread "G1 Conc#0" [stack: 0x00007f8ff91c2000,0x00007f8ff92c2000] [id=287]
  0x00007f8ff40a6f00 ConcurrentGCThread "G1 Refine#0" [stack: 0x00007f8ff8ebf000,0x00007f8ff8fbf000] [id=288]
  0x00007f8fc4000ea0 ConcurrentGCThread "G1 Refine#1" [stack: 0x00007f8fd8f00000,0x00007f8fd9000000] [id=305]
  0x00007f8ff40a7e00 ConcurrentGCThread "G1 Service" [stack: 0x00007f8ff8dbe000,0x00007f8ff8ebe000] [id=289]

Threads with active compile tasks:
C2 CompilerThread0  785584 44459 %     4       com.android.tools.r8.internal.mg0::b @ 217 (3518 bytes)
C1 CompilerThread0  785584 50040       3       org.jetbrains.kotlin.utils.CollectionsKt::addIfNotNull (19 bytes)

VM state: at safepoint (normal execution)

VM Mutex/Monitor currently owned by a thread:  ([mutex/lock_event])
[0x00007f8ff4017cf0] Threads_lock - owner thread: 0x00007f8ff40d3980
[0x00007f8ff40184a0] Heap_lock - owner thread: 0x00007f8f68493040

Heap address: 0x0000000080000000, size: 2048 MB, Compressed Oops mode: 32-bit

CDS archive(s) mapped at: [0x00007f8f7b000000-0x00007f8f7bbca000-0x00007f8f7bbca000), size 12361728, SharedBaseAddress: 0x00007f8f7b000000, ArchiveRelocationMode: 1.
Compressed class space mapped at: 0x00007f8f7c000000-0x00007f8fbc000000, reserved size: 1073741824
Narrow klass base: 0x00007f8f7b000000, Narrow klass shift: 0, Narrow klass range: 0x100000000

GC Precious Log:
 CPUs: 2 total, 2 available
 Memory: 2048M
 Large Page Support: Disabled
 NUMA Support: Disabled
 Compressed Oops: Enabled (32-bit)
 Heap Region Size: 1M
 Heap Min Capacity: 8M
 Heap Initial Capacity: 32M
 Heap Max Capacity: 2G
 Pre-touch: Disabled
 Parallel Workers: 2
 Concurrent Workers: 1
 Concurrent Refinement Workers: 2
 Periodic GC: Disabled

Heap:
 garbage-first heap   total 828416K, used 271982K [0x0000000080000000, 0x0000000100000000)
  region size 1024K, 17 young (17408K), 17 survivors (17408K)
 Metaspace       used 278838K, committed 280192K, reserved 1310720K
  class space    used 34587K, committed 35264K, reserved 1048576K

Heap Regions: E=young(eden), S=young(survivor), O=old, HS=humongous(starts), HC=humongous(continues), CS=collection set, F=free, OA=open archive, CA=closed archive, TAMS=top-at-mark-start (previous, next)
|   0|0x0000000080000000, 0x0000000080100000, 0x0000000080100000|100%|HS|  |TAMS 0x0000000080100000, 0x0000000080100000| Complete 
|   1|0x0000000080100000, 0x0000000080200000, 0x0000000080200000|100%|HC|  |TAMS 0x0000000080200000, 0x0000000080200000| Complete 
|   2|0x0000000080200000, 0x0000000080300000, 0x0000000080300000|100%|HC|  |TAMS 0x0000000080300000, 0x0000000080300000| Complete 
|   3|0x0000000080300000, 0x0000000080400000, 0x0000000080400000|100%|HC|  |TAMS 0x0000000080400000, 0x0000000080400000| Complete 
|   4|0x0000000080400000, 0x0000000080500000, 0x0000000080500000|100%| O|  |TAMS 0x0000000080500000, 0x0000000080500000| Untracked 
|   5|0x0000000080500000, 0x0000000080600000, 0x0000000080600000|100%| O|  |TAMS 0x0000000080600000, 0x0000000080600000| Untracked 
|   6|0x0000000080600000, 0x0000000080700000, 0x0000000080700000|100%| O|  |TAMS 0x0000000080700000, 0x0000000080700000| Untracked 
|   7|0x0000000080700000, 0x0000000080800000, 0x0000000080800000|100%| O|  |TAMS 0x0000000080800000, 0x0000000080800000| Untracked 
|   8|0x0000000080800000, 0x0000000080900000, 0x0000000080900000|100%| O|  |TAMS 0x0000000080900000, 0x0000000080900000| Untracked 
|   9|0x0000000080900000, 0x0000000080a00000, 0x0000000080a00000|100%| O|  |TAMS 0x0000000080a00000, 0x0000000080a00000| Untracked 
|  10|0x0000000080a00000, 0x0000000080b00000, 0x0000000080b00000|100%|HS|  |TAMS 0x0000000080b00000, 0x0000000080b00000| Complete 
|  11|0x0000000080b00000, 0x0000000080c00000, 0x0000000080c00000|100%| O|  |TAMS 0x0000000080c00000, 0x0000000080c00000| Untracked 
|  12|0x0000000080c00000, 0x0000000080d00000, 0x0000000080d00000|100%| O|  |TAMS 0x0000000080d00000, 0x0000000080d00000| Untracked 
|  13|0x0000000080d00000, 0x0000000080e00000, 0x0000000080e00000|100%| O|  |TAMS 0x0000000080e00000, 0x0000000080e00000| Untracked 
|  14|0x0000000080e00000, 0x0000000080f00000, 0x0000000080f00000|100%| O|  |TAMS 0x0000000080f00000, 0x0000000080f00000| Untracked 
|  15|0x0000000080f00000, 0x0000000081000000, 0x0000000081000000|100%| O|  |TAMS 0x0000000081000000, 0x0000000081000000| Untracked 
|  16|0x0000000081000000, 0x0000000081100000, 0x0000000081100000|100%| O|  |TAMS 0x0000000081100000, 0x0000000081100000| Untracked 
|  17|0x0000000081100000, 0x0000000081200000, 0x0000000081200000|100%| O|  |TAMS 0x0000000081200000, 0x0000000081200000| Untracked 
|  18|0x0000000081200000, 0x0000000081300000, 0x0000000081300000|100%| O|  |TAMS 0x0000000081300000, 0x0000000081300000| Untracked 
|  19|0x0000000081300000, 0x0000000081400000, 0x0000000081400000|100%| O|  |TAMS 0x0000000081400000, 0x0000000081400000| Untracked 
|  20|0x0000000081400000, 0x0000000081500000, 0x0000000081500000|100%| O|  |TAMS 0x0000000081500000, 0x0000000081500000| Untracked 
|  21|0x0000000081500000, 0x0000000081600000, 0x0000000081600000|100%| O|  |TAMS 0x0000000081600000, 0x0000000081600000| Untracked 
|  22|0x0000000081600000, 0x0000000081700000, 0x0000000081700000|100%| O|  |TAMS 0x0000000081700000, 0x0000000081700000| Untracked 
|  23|0x0000000081700000, 0x0000000081800000, 0x0000000081800000|100%| O|  |TAMS 0x0000000081800000, 0x0000000081800000| Untracked 
|  24|0x0000000081800000, 0x0000000081900000, 0x0000000081900000|100%| O|  |TAMS 0x0000000081900000, 0x0000000081900000| Untracked 
|  25|0x0000000081900000, 0x0000000081a00000, 0x0000000081a00000|100%| O|  |TAMS 0x0000000081a00000, 0x0000000081a00000| Untracked 
|  26|0x0000000081a00000, 0x0000000081b00000, 0x0000000081b00000|100%| O|  |TAMS 0x0000000081b00000, 0x0000000081b00000| Untracked 
|  27|0x0000000081b00000, 0x0000000081c00000, 0x0000000081c00000|100%| O|  |TAMS 0x0000000081c00000, 0x0000000081c00000| Untracked 
|  28|0x0000000081c00000, 0x0000000081d00000, 0x0000000081d00000|100%| O|  |TAMS 0x0000000081d00000, 0x0000000081d00000| Untracked 
|  29|0x0000000081d00000, 0x0000000081e00000, 0x0000000081e00000|100%| O|  |TAMS 0x0000000081e00000, 0x0000000081e00000| Untracked 
|  30|0x0000000081e00000, 0x0000000081e00000, 0x0000000081f00000|  0%| F|  |TAMS 0x0000000081e00000, 0x0000000081e00000| Untracked 
|  31|0x0000000081f00000, 0x0000000082000000, 0x0000000082000000|100%| O|  |TAMS 0x0000000082000000, 0x0000000082000000| Untracked 
|  32|0x0000000082000000, 0x0000000082100000, 0x0000000082100000|100%| O|  |TAMS 0x0000000082100000, 0x0000000082100000| Untracked 
|  33|0x0000000082100000, 0x0000000082100000, 0x0000000082200000|  0%| F|  |TAMS 0x0000000082100000, 0x0000000082100000| Untracked 
|  34|0x0000000082200000, 0x0000000082300000, 0x0000000082300000|100%| O|  |TAMS 0x0000000082300000, 0x0000000082300000| Untracked 
|  35|0x0000000082300000, 0x0000000082400000, 0x0000000082400000|100%| O|  |TAMS 0x0000000082300000, 0x0000000082400000| Untracked 
|  36|0x0000000082400000, 0x0000000082500000, 0x0000000082500000|100%| O|  |TAMS 0x0000000082500000, 0x0000000082500000| Untracked 
|  37|0x0000000082500000, 0x0000000082600000, 0x0000000082600000|100%| O|  |TAMS 0x0000000082600000, 0x0000000082600000| Untracked 
|  38|0x0000000082600000, 0x0000000082700000, 0x0000000082700000|100%| O|  |TAMS 0x0000000082700000, 0x0000000082700000| Untracked 
|  39|0x0000000082700000, 0x0000000082800000, 0x0000000082800000|100%| O|  |TAMS 0x0000000082800000, 0x0000000082800000| Untracked 
|  40|0x0000000082800000, 0x0000000082900000, 0x0000000082900000|100%| O|  |TAMS 0x0000000082900000, 0x0000000082900000| Untracked 
|  41|0x0000000082900000, 0x0000000082a00000, 0x0000000082a00000|100%| O|  |TAMS 0x0000000082a00000, 0x0000000082a00000| Untracked 
|  42|0x0000000082a00000, 0x0000000082b00000, 0x0000000082b00000|100%| O|  |TAMS 0x0000000082b00000, 0x0000000082b00000| Untracked 
|  43|0x0000000082b00000, 0x0000000082c00000, 0x0000000082c00000|100%| O|  |TAMS 0x0000000082c00000, 0x0000000082c00000| Untracked 
|  44|0x0000000082c00000, 0x0000000082d00000, 0x0000000082d00000|100%| O|  |TAMS 0x0000000082c00000, 0x0000000082d00000| Untracked 
|  45|0x0000000082d00000, 0x0000000082e00000, 0x0000000082e00000|100%| O|  |TAMS 0x0000000082d00000, 0x0000000082e00000| Untracked 
|  46|0x0000000082e00000, 0x0000000082f00000, 0x0000000082f00000|100%| O|  |TAMS 0x0000000082f00000, 0x0000000082f00000| Untracked 
|  47|0x0000000082f00000, 0x0000000082f00000, 0x0000000083000000|  0%| F|  |TAMS 0x0000000082f00000, 0x0000000082f00000| Untracked 
|  48|0x0000000083000000, 0x0000000083000000, 0x0000000083100000|  0%| F|  |TAMS 0x0000000083000000, 0x0000000083000000| Untracked 
|  49|0x0000000083100000, 0x0000000083100000, 0x0000000083200000|  0%| F|  |TAMS 0x0000000083100000, 0x0000000083100000| Untracked 
|  50|0x0000000083200000, 0x0000000083300000, 0x0000000083300000|100%| O|  |TAMS 0x0000000083300000, 0x0000000083300000| Untracked 
|  51|0x0000000083300000, 0x0000000083400000, 0x0000000083400000|100%| O|  |TAMS 0x0000000083400000, 0x0000000083400000| Untracked 
|  52|0x0000000083400000, 0x0000000083500000, 0x0000000083500000|100%| O|  |TAMS 0x0000000083500000, 0x0000000083500000| Untracked 
|  53|0x0000000083500000, 0x0000000083500000, 0x0000000083600000|  0%| F|  |TAMS 0x0000000083500000, 0x0000000083500000| Untracked 
|  54|0x0000000083600000, 0x0000000083700000, 0x0000000083700000|100%| O|  |TAMS 0x0000000083700000, 0x0000000083700000| Untracked 
|  55|0x0000000083700000, 0x0000000083800000, 0x0000000083800000|100%| O|  |TAMS 0x0000000083800000, 0x0000000083800000| Untracked 
|  56|0x0000000083800000, 0x0000000083900000, 0x0000000083900000|100%| O|  |TAMS 0x0000000083900000, 0x0000000083900000| Untracked 
|  57|0x0000000083900000, 0x0000000083a00000, 0x0000000083a00000|100%| O|  |TAMS 0x0000000083900000, 0x0000000083a00000| Untracked 
|  58|0x0000000083a00000, 0x0000000083a00000, 0x0000000083b00000|  0%| F|  |TAMS 0x0000000083a00000, 0x0000000083a00000| Untracked 
|  59|0x0000000083b00000, 0x0000000083c00000, 0x0000000083c00000|100%| O|  |TAMS 0x0000000083c00000, 0x0000000083c00000| Untracked 
|  60|0x0000000083c00000, 0x0000000083d00000, 0x0000000083d00000|100%| O|  |TAMS 0x0000000083d00000, 0x0000000083d00000| Untracked 
|  61|0x0000000083d00000, 0x0000000083e00000, 0x0000000083e00000|100%| O|  |TAMS 0x0000000083e00000, 0x0000000083e00000| Untracked 
|  62|0x0000000083e00000, 0x0000000083f00000, 0x0000000083f00000|100%| O|  |TAMS 0x0000000083f00000, 0x0000000083f00000| Untracked 
|  63|0x0000000083f00000, 0x0000000084000000, 0x0000000084000000|100%| O|  |TAMS 0x0000000084000000, 0x0000000084000000| Untracked 
|  64|0x0000000084000000, 0x0000000084100000, 0x0000000084100000|100%| O|  |TAMS 0x0000000084100000, 0x0000000084100000| Untracked 
|  65|0x0000000084100000, 0x0000000084100000, 0x0000000084200000|  0%| F|  |TAMS 0x0000000084100000, 0x0000000084100000| Untracked 
|  66|0x0000000084200000, 0x0000000084300000, 0x0000000084300000|100%|HS|  |TAMS 0x0000000084300000, 0x0000000084300000| Complete 
|  67|0x0000000084300000, 0x0000000084400000, 0x0000000084400000|100%|HC|  |TAMS 0x0000000084400000, 0x0000000084400000| Complete 
|  68|0x0000000084400000, 0x0000000084500000, 0x0000000084500000|100%| O|  |TAMS 0x0000000084500000, 0x0000000084500000| Untracked 
|  69|0x0000000084500000, 0x0000000084600000, 0x0000000084600000|100%| O|  |TAMS 0x0000000084600000, 0x0000000084600000| Untracked 
|  70|0x0000000084600000, 0x0000000084700000, 0x0000000084700000|100%| O|  |TAMS 0x0000000084700000, 0x0000000084700000| Untracked 
|  71|0x0000000084700000, 0x0000000084800000, 0x0000000084800000|100%| O|  |TAMS 0x0000000084800000, 0x0000000084800000| Untracked 
|  72|0x0000000084800000, 0x0000000084900000, 0x0000000084900000|100%| O|  |TAMS 0x0000000084900000, 0x0000000084900000| Untracked 
|  73|0x0000000084900000, 0x0000000084a00000, 0x0000000084a00000|100%| O|  |TAMS 0x0000000084a00000, 0x0000000084a00000| Untracked 
|  74|0x0000000084a00000, 0x0000000084b00000, 0x0000000084b00000|100%| O|  |TAMS 0x0000000084b00000, 0x0000000084b00000| Untracked 
|  75|0x0000000084b00000, 0x0000000084b00000, 0x0000000084c00000|  0%| F|  |TAMS 0x0000000084b00000, 0x0000000084b00000| Untracked 
|  76|0x0000000084c00000, 0x0000000084d00000, 0x0000000084d00000|100%| O|  |TAMS 0x0000000084d00000, 0x0000000084d00000| Untracked 
|  77|0x0000000084d00000, 0x0000000084e00000, 0x0000000084e00000|100%| O|  |TAMS 0x0000000084e00000, 0x0000000084e00000| Untracked 
|  78|0x0000000084e00000, 0x0000000084f00000, 0x0000000084f00000|100%| O|  |TAMS 0x0000000084f00000, 0x0000000084f00000| Untracked 
|  79|0x0000000084f00000, 0x0000000085000000, 0x0000000085000000|100%| O|  |TAMS 0x0000000085000000, 0x0000000085000000| Untracked 
|  80|0x0000000085000000, 0x0000000085100000, 0x0000000085100000|100%| O|  |TAMS 0x0000000085100000, 0x0000000085100000| Untracked 
|  81|0x0000000085100000, 0x0000000085200000, 0x0000000085200000|100%| O|  |TAMS 0x0000000085200000, 0x0000000085200000| Untracked 
|  82|0x0000000085200000, 0x0000000085300000, 0x0000000085300000|100%| O|  |TAMS 0x0000000085300000, 0x0000000085300000| Untracked 
|  83|0x0000000085300000, 0x0000000085400000, 0x0000000085400000|100%| O|  |TAMS 0x0000000085400000, 0x0000000085400000| Untracked 
|  84|0x0000000085400000, 0x0000000085500000, 0x0000000085500000|100%| O|  |TAMS 0x0000000085500000, 0x0000000085500000| Untracked 
|  85|0x0000000085500000, 0x0000000085600000, 0x0000000085600000|100%| O|  |TAMS 0x0000000085600000, 0x0000000085600000| Untracked 
|  86|0x0000000085600000, 0x0000000085700000, 0x0000000085700000|100%| O|  |TAMS 0x0000000085700000, 0x0000000085700000| Untracked 
|  87|0x0000000085700000, 0x0000000085800000, 0x0000000085800000|100%| O|  |TAMS 0x0000000085800000, 0x0000000085800000| Untracked 
|  88|0x0000000085800000, 0x0000000085900000, 0x0000000085900000|100%| O|  |TAMS 0x0000000085900000, 0x0000000085900000| Untracked 
|  89|0x0000000085900000, 0x0000000085900000, 0x0000000085a00000|  0%| F|  |TAMS 0x0000000085900000, 0x0000000085900000| Untracked 
|  90|0x0000000085a00000, 0x0000000085b00000, 0x0000000085b00000|100%| O|  |TAMS 0x0000000085b00000, 0x0000000085b00000| Untracked 
|  91|0x0000000085b00000, 0x0000000085c00000, 0x0000000085c00000|100%| O|  |TAMS 0x0000000085c00000, 0x0000000085c00000| Untracked 
|  92|0x0000000085c00000, 0x0000000085d00000, 0x0000000085d00000|100%| O|  |TAMS 0x0000000085d00000, 0x0000000085d00000| Untracked 
|  93|0x0000000085d00000, 0x0000000085e00000, 0x0000000085e00000|100%| O|  |TAMS 0x0000000085d00000, 0x0000000085e00000| Untracked 
|  94|0x0000000085e00000, 0x0000000085f00000, 0x0000000085f00000|100%| O|  |TAMS 0x0000000085f00000, 0x0000000085f00000| Untracked 
|  95|0x0000000085f00000, 0x0000000086000000, 0x0000000086000000|100%| O|  |TAMS 0x0000000086000000, 0x0000000086000000| Untracked 
|  96|0x0000000086000000, 0x0000000086100000, 0x0000000086100000|100%| O|  |TAMS 0x0000000086100000, 0x0000000086100000| Untracked 
|  97|0x0000000086100000, 0x0000000086200000, 0x0000000086200000|100%| O|  |TAMS 0x0000000086200000, 0x0000000086200000| Untracked 
|  98|0x0000000086200000, 0x0000000086300000, 0x0000000086300000|100%| O|  |TAMS 0x0000000086200000, 0x0000000086300000| Untracked 
|  99|0x0000000086300000, 0x0000000086400000, 0x0000000086400000|100%| O|  |TAMS 0x0000000086400000, 0x0000000086400000| Untracked 
| 100|0x0000000086400000, 0x0000000086500000, 0x0000000086500000|100%| O|  |TAMS 0x0000000086500000, 0x0000000086500000| Untracked 
| 101|0x0000000086500000, 0x0000000086600000, 0x0000000086600000|100%| O|  |TAMS 0x0000000086600000, 0x0000000086600000| Untracked 
| 102|0x0000000086600000, 0x0000000086700000, 0x0000000086700000|100%| O|  |TAMS 0x0000000086700000, 0x0000000086700000| Untracked 
| 103|0x0000000086700000, 0x0000000086800000, 0x0000000086800000|100%| O|  |TAMS 0x0000000086800000, 0x0000000086800000| Untracked 
| 104|0x0000000086800000, 0x0000000086900000, 0x0000000086900000|100%| O|  |TAMS 0x0000000086900000, 0x0000000086900000| Untracked 
| 105|0x0000000086900000, 0x0000000086900000, 0x0000000086a00000|  0%| F|  |TAMS 0x0000000086900000, 0x0000000086900000| Untracked 
| 106|0x0000000086a00000, 0x0000000086b00000, 0x0000000086b00000|100%| O|  |TAMS 0x0000000086b00000, 0x0000000086b00000| Untracked 
| 107|0x0000000086b00000, 0x0000000086c00000, 0x0000000086c00000|100%| O|  |TAMS 0x0000000086c00000, 0x0000000086c00000| Untracked 
| 108|0x0000000086c00000, 0x0000000086d00000, 0x0000000086d00000|100%| O|  |TAMS 0x0000000086d00000, 0x0000000086d00000| Untracked 
| 109|0x0000000086d00000, 0x0000000086e00000, 0x0000000086e00000|100%| O|  |TAMS 0x0000000086e00000, 0x0000000086e00000| Untracked 
| 110|0x0000000086e00000, 0x0000000086f00000, 0x0000000086f00000|100%| O|  |TAMS 0x0000000086f00000, 0x0000000086f00000| Untracked 
| 111|0x0000000086f00000, 0x0000000087000000, 0x0000000087000000|100%| O|  |TAMS 0x0000000087000000, 0x0000000087000000| Untracked 
| 112|0x0000000087000000, 0x0000000087100000, 0x0000000087100000|100%| O|  |TAMS 0x0000000087100000, 0x0000000087100000| Untracked 
| 113|0x0000000087100000, 0x0000000087200000, 0x0000000087200000|100%| O|  |TAMS 0x0000000087200000, 0x0000000087200000| Untracked 
| 114|0x0000000087200000, 0x0000000087300000, 0x0000000087300000|100%| O|  |TAMS 0x0000000087300000, 0x0000000087300000| Untracked 
| 115|0x0000000087300000, 0x0000000087400000, 0x0000000087400000|100%| O|  |TAMS 0x0000000087400000, 0x0000000087400000| Untracked 
| 116|0x0000000087400000, 0x0000000087500000, 0x0000000087500000|100%| O|  |TAMS 0x0000000087500000, 0x0000000087500000| Untracked 
| 117|0x0000000087500000, 0x0000000087600000, 0x0000000087600000|100%| O|  |TAMS 0x0000000087600000, 0x0000000087600000| Untracked 
| 118|0x0000000087600000, 0x0000000087700000, 0x0000000087700000|100%| O|  |TAMS 0x0000000087700000, 0x0000000087700000| Untracked 
| 119|0x0000000087700000, 0x0000000087800000, 0x0000000087800000|100%| O|  |TAMS 0x0000000087800000, 0x0000000087800000| Untracked 
| 120|0x0000000087800000, 0x0000000087800000, 0x0000000087900000|  0%| F|  |TAMS 0x0000000087800000, 0x0000000087800000| Untracked 
| 121|0x0000000087900000, 0x0000000087a00000, 0x0000000087a00000|100%| O|  |TAMS 0x0000000087900000, 0x0000000087a00000| Untracked 
| 122|0x0000000087a00000, 0x0000000087b00000, 0x0000000087b00000|100%| O|  |TAMS 0x0000000087b00000, 0x0000000087b00000| Untracked 
| 123|0x0000000087b00000, 0x0000000087c00000, 0x0000000087c00000|100%| O|  |TAMS 0x0000000087c00000, 0x0000000087c00000| Untracked 
| 124|0x0000000087c00000, 0x0000000087d00000, 0x0000000087d00000|100%| O|  |TAMS 0x0000000087d00000, 0x0000000087d00000| Untracked 
| 125|0x0000000087d00000, 0x0000000087e00000, 0x0000000087e00000|100%| O|  |TAMS 0x0000000087e00000, 0x0000000087e00000| Untracked 
| 126|0x0000000087e00000, 0x0000000087f00000, 0x0000000087f00000|100%| O|  |TAMS 0x0000000087f00000, 0x0000000087f00000| Untracked 
| 127|0x0000000087f00000, 0x0000000088000000, 0x0000000088000000|100%| O|  |TAMS 0x0000000088000000, 0x0000000088000000| Untracked 
| 128|0x0000000088000000, 0x0000000088000000, 0x0000000088100000|  0%| F|  |TAMS 0x0000000088000000, 0x0000000088000000| Untracked 
| 129|0x0000000088100000, 0x0000000088200000, 0x0000000088200000|100%| O|  |TAMS 0x0000000088200000, 0x0000000088200000| Untracked 
| 130|0x0000000088200000, 0x0000000088300000, 0x0000000088300000|100%| O|  |TAMS 0x0000000088300000, 0x0000000088300000| Untracked 
| 131|0x0000000088300000, 0x0000000088400000, 0x0000000088400000|100%| O|  |TAMS 0x0000000088400000, 0x0000000088400000| Untracked 
| 132|0x0000000088400000, 0x0000000088500000, 0x0000000088500000|100%| O|  |TAMS 0x0000000088500000, 0x0000000088500000| Untracked 
| 133|0x0000000088500000, 0x0000000088600000, 0x0000000088600000|100%| O|  |TAMS 0x0000000088600000, 0x0000000088600000| Untracked 
| 134|0x0000000088600000, 0x0000000088700000, 0x0000000088700000|100%| O|  |TAMS 0x0000000088700000, 0x0000000088700000| Untracked 
| 135|0x0000000088700000, 0x0000000088800000, 0x0000000088800000|100%| O|  |TAMS 0x0000000088800000, 0x0000000088800000| Untracked 
| 136|0x0000000088800000, 0x0000000088900000, 0x0000000088900000|100%| O|  |TAMS 0x0000000088900000, 0x0000000088900000| Untracked 
| 137|0x0000000088900000, 0x0000000088a00000, 0x0000000088a00000|100%| O|  |TAMS 0x0000000088a00000, 0x0000000088a00000| Untracked 
| 138|0x0000000088a00000, 0x0000000088b00000, 0x0000000088b00000|100%| O|  |TAMS 0x0000000088b00000, 0x0000000088b00000| Untracked 
| 139|0x0000000088b00000, 0x0000000088c00000, 0x0000000088c00000|100%| O|  |TAMS 0x0000000088c00000, 0x0000000088c00000| Untracked 
| 140|0x0000000088c00000, 0x0000000088d00000, 0x0000000088d00000|100%| O|  |TAMS 0x0000000088d00000, 0x0000000088d00000| Untracked 
| 141|0x0000000088d00000, 0x0000000088e00000, 0x0000000088e00000|100%| O|  |TAMS 0x0000000088e00000, 0x0000000088e00000| Untracked 
| 142|0x0000000088e00000, 0x0000000088f00000, 0x0000000088f00000|100%| O|  |TAMS 0x0000000088f00000, 0x0000000088f00000| Untracked 
| 143|0x0000000088f00000, 0x0000000088f00000, 0x0000000089000000|  0%| F|  |TAMS 0x0000000088f00000, 0x0000000088f00000| Untracked 
| 144|0x0000000089000000, 0x0000000089100000, 0x0000000089100000|100%| O|  |TAMS 0x0000000089100000, 0x0000000089100000| Untracked 
| 145|0x0000000089100000, 0x0000000089200000, 0x0000000089200000|100%| O|  |TAMS 0x0000000089200000, 0x0000000089200000| Untracked 
| 146|0x0000000089200000, 0x0000000089300000, 0x0000000089300000|100%| O|  |TAMS 0x0000000089300000, 0x0000000089300000| Untracked 
| 147|0x0000000089300000, 0x0000000089400000, 0x0000000089400000|100%| O|  |TAMS 0x0000000089400000, 0x0000000089400000| Untracked 
| 148|0x0000000089400000, 0x0000000089500000, 0x0000000089500000|100%| O|  |TAMS 0x0000000089500000, 0x0000000089500000| Untracked 
| 149|0x0000000089500000, 0x0000000089600000, 0x0000000089600000|100%| O|  |TAMS 0x0000000089600000, 0x0000000089600000| Untracked 
| 150|0x0000000089600000, 0x0000000089700000, 0x0000000089700000|100%| O|  |TAMS 0x0000000089700000, 0x0000000089700000| Untracked 
| 151|0x0000000089700000, 0x0000000089800000, 0x0000000089800000|100%| O|  |TAMS 0x0000000089800000, 0x0000000089800000| Untracked 
| 152|0x0000000089800000, 0x0000000089900000, 0x0000000089900000|100%| O|  |TAMS 0x0000000089900000, 0x0000000089900000| Untracked 
| 153|0x0000000089900000, 0x0000000089a00000, 0x0000000089a00000|100%| O|  |TAMS 0x0000000089a00000, 0x0000000089a00000| Untracked 
| 154|0x0000000089a00000, 0x0000000089b00000, 0x0000000089b00000|100%| O|  |TAMS 0x0000000089b00000, 0x0000000089b00000| Untracked 
| 155|0x0000000089b00000, 0x0000000089c00000, 0x0000000089c00000|100%| O|  |TAMS 0x0000000089c00000, 0x0000000089c00000| Untracked 
| 156|0x0000000089c00000, 0x0000000089d00000, 0x0000000089d00000|100%| O|  |TAMS 0x0000000089d00000, 0x0000000089d00000| Untracked 
| 157|0x0000000089d00000, 0x0000000089e00000, 0x0000000089e00000|100%| O|  |TAMS 0x0000000089e00000, 0x0000000089e00000| Untracked 
| 158|0x0000000089e00000, 0x0000000089f00000, 0x0000000089f00000|100%| O|  |TAMS 0x0000000089f00000, 0x0000000089f00000| Untracked 
| 159|0x0000000089f00000, 0x000000008a000000, 0x000000008a000000|100%| O|  |TAMS 0x000000008a000000, 0x000000008a000000| Untracked 
| 160|0x000000008a000000, 0x000000008a100000, 0x000000008a100000|100%| O|  |TAMS 0x000000008a100000, 0x000000008a100000| Untracked 
| 161|0x000000008a100000, 0x000000008a200000, 0x000000008a200000|100%| O|  |TAMS 0x000000008a200000, 0x000000008a200000| Untracked 
| 162|0x000000008a200000, 0x000000008a300000, 0x000000008a300000|100%|HS|  |TAMS 0x000000008a300000, 0x000000008a300000| Complete 
| 163|0x000000008a300000, 0x000000008a400000, 0x000000008a400000|100%|HC|  |TAMS 0x000000008a400000, 0x000000008a400000| Complete 
| 164|0x000000008a400000, 0x000000008a500000, 0x000000008a500000|100%| O|  |TAMS 0x000000008a500000, 0x000000008a500000| Untracked 
| 165|0x000000008a500000, 0x000000008a600000, 0x000000008a600000|100%| O|  |TAMS 0x000000008a600000, 0x000000008a600000| Untracked 
| 166|0x000000008a600000, 0x000000008a700000, 0x000000008a700000|100%| O|  |TAMS 0x000000008a700000, 0x000000008a700000| Untracked 
| 167|0x000000008a700000, 0x000000008a800000, 0x000000008a800000|100%| O|  |TAMS 0x000000008a800000, 0x000000008a800000| Untracked 
| 168|0x000000008a800000, 0x000000008a900000, 0x000000008a900000|100%| O|  |TAMS 0x000000008a900000, 0x000000008a900000| Untracked 
| 169|0x000000008a900000, 0x000000008a900000, 0x000000008aa00000|  0%| F|  |TAMS 0x000000008a900000, 0x000000008a900000| Untracked 
| 170|0x000000008aa00000, 0x000000008aa00000, 0x000000008ab00000|  0%| F|  |TAMS 0x000000008aa00000, 0x000000008aa00000| Untracked 
| 171|0x000000008ab00000, 0x000000008ac00000, 0x000000008ac00000|100%| O|  |TAMS 0x000000008ac00000, 0x000000008ac00000| Untracked 
| 172|0x000000008ac00000, 0x000000008ad00000, 0x000000008ad00000|100%| O|  |TAMS 0x000000008ac00000, 0x000000008ad00000| Untracked 
| 173|0x000000008ad00000, 0x000000008ae00000, 0x000000008ae00000|100%| O|  |TAMS 0x000000008ad00000, 0x000000008ae00000| Untracked 
| 174|0x000000008ae00000, 0x000000008af00000, 0x000000008af00000|100%|HS|  |TAMS 0x000000008af00000, 0x000000008af00000| Complete 
| 175|0x000000008af00000, 0x000000008b000000, 0x000000008b000000|100%|HS|  |TAMS 0x000000008b000000, 0x000000008b000000| Complete 
| 176|0x000000008b000000, 0x000000008b100000, 0x000000008b100000|100%| O|  |TAMS 0x000000008b100000, 0x000000008b100000| Untracked 
| 177|0x000000008b100000, 0x000000008b200000, 0x000000008b200000|100%|HS|  |TAMS 0x000000008b200000, 0x000000008b200000| Complete 
| 178|0x000000008b200000, 0x000000008b300000, 0x000000008b300000|100%|HC|  |TAMS 0x000000008b300000, 0x000000008b300000| Complete 
| 179|0x000000008b300000, 0x000000008b400000, 0x000000008b400000|100%|HS|  |TAMS 0x000000008b400000, 0x000000008b400000| Complete 
| 180|0x000000008b400000, 0x000000008b500000, 0x000000008b500000|100%|HS|  |TAMS 0x000000008b500000, 0x000000008b500000| Complete 
| 181|0x000000008b500000, 0x000000008b600000, 0x000000008b600000|100%| O|  |TAMS 0x000000008b600000, 0x000000008b600000| Untracked 
| 182|0x000000008b600000, 0x000000008b700000, 0x000000008b700000|100%|HS|  |TAMS 0x000000008b700000, 0x000000008b700000| Complete 
| 183|0x000000008b700000, 0x000000008b800000, 0x000000008b800000|100%|HS|  |TAMS 0x000000008b800000, 0x000000008b800000| Complete 
| 184|0x000000008b800000, 0x000000008b900000, 0x000000008b900000|100%| O|  |TAMS 0x000000008b900000, 0x000000008b900000| Untracked 
| 185|0x000000008b900000, 0x000000008ba00000, 0x000000008ba00000|100%| O|  |TAMS 0x000000008ba00000, 0x000000008ba00000| Untracked 
| 186|0x000000008ba00000, 0x000000008bb00000, 0x000000008bb00000|100%| O|  |TAMS 0x000000008bb00000, 0x000000008bb00000| Untracked 
| 187|0x000000008bb00000, 0x000000008bc00000, 0x000000008bc00000|100%| O|  |TAMS 0x000000008bc00000, 0x000000008bc00000| Untracked 
| 188|0x000000008bc00000, 0x000000008bd00000, 0x000000008bd00000|100%| O|  |TAMS 0x000000008bd00000, 0x000000008bd00000| Untracked 
| 189|0x000000008bd00000, 0x000000008be00000, 0x000000008be00000|100%|HS|  |TAMS 0x000000008be00000, 0x000000008be00000| Complete 
| 190|0x000000008be00000, 0x000000008bf00000, 0x000000008bf00000|100%| O|  |TAMS 0x000000008bf00000, 0x000000008bf00000| Untracked 
| 191|0x000000008bf00000, 0x000000008c000000, 0x000000008c000000|100%| O|  |TAMS 0x000000008c000000, 0x000000008c000000| Untracked 
| 192|0x000000008c000000, 0x000000008c100000, 0x000000008c100000|100%| O|  |TAMS 0x000000008c100000, 0x000000008c100000| Untracked 
| 193|0x000000008c100000, 0x000000008c200000, 0x000000008c200000|100%| O|  |TAMS 0x000000008c200000, 0x000000008c200000| Untracked 
| 194|0x000000008c200000, 0x000000008c300000, 0x000000008c300000|100%| O|  |TAMS 0x000000008c300000, 0x000000008c300000| Untracked 
| 195|0x000000008c300000, 0x000000008c400000, 0x000000008c400000|100%| O|  |TAMS 0x000000008c400000, 0x000000008c400000| Untracked 
| 196|0x000000008c400000, 0x000000008c500000, 0x000000008c500000|100%| O|  |TAMS 0x000000008c500000, 0x000000008c500000| Untracked 
| 197|0x000000008c500000, 0x000000008c600000, 0x000000008c600000|100%| O|  |TAMS 0x000000008c600000, 0x000000008c600000| Untracked 
| 198|0x000000008c600000, 0x000000008c700000, 0x000000008c700000|100%| O|  |TAMS 0x000000008c700000, 0x000000008c700000| Untracked 
| 199|0x000000008c700000, 0x000000008c700000, 0x000000008c800000|  0%| F|  |TAMS 0x000000008c700000, 0x000000008c700000| Untracked 
| 200|0x000000008c800000, 0x000000008c800000, 0x000000008c900000|  0%| F|  |TAMS 0x000000008c800000, 0x000000008c800000| Untracked 
| 201|0x000000008c900000, 0x000000008ca00000, 0x000000008ca00000|100%| O|  |TAMS 0x000000008c94a400, 0x000000008ca00000| Untracked 
| 202|0x000000008ca00000, 0x000000008cb00000, 0x000000008cb00000|100%|HS|  |TAMS 0x000000008ca00000, 0x000000008cb00000| Complete 
| 203|0x000000008cb00000, 0x000000008cc00000, 0x000000008cc00000|100%| O|  |TAMS 0x000000008cb00000, 0x000000008cc00000| Untracked 
| 204|0x000000008cc00000, 0x000000008cd00000, 0x000000008cd00000|100%| O|  |TAMS 0x000000008cc00000, 0x000000008cd00000| Untracked 
| 205|0x000000008cd00000, 0x000000008ce00000, 0x000000008ce00000|100%| O|  |TAMS 0x000000008cd00000, 0x000000008ce00000| Untracked 
| 206|0x000000008ce00000, 0x000000008cf00000, 0x000000008cf00000|100%| O|  |TAMS 0x000000008ce00000, 0x000000008cf00000| Untracked 
| 207|0x000000008cf00000, 0x000000008d000000, 0x000000008d000000|100%| O|  |TAMS 0x000000008cf00000, 0x000000008d000000| Untracked 
| 208|0x000000008d000000, 0x000000008d100000, 0x000000008d100000|100%| O|  |TAMS 0x000000008d100000, 0x000000008d100000| Untracked 
| 209|0x000000008d100000, 0x000000008d200000, 0x000000008d200000|100%| O|  |TAMS 0x000000008d100000, 0x000000008d200000| Untracked 
| 210|0x000000008d200000, 0x000000008d300000, 0x000000008d300000|100%| O|  |TAMS 0x000000008d200000, 0x000000008d300000| Untracked 
| 211|0x000000008d300000, 0x000000008d400000, 0x000000008d400000|100%| O|  |TAMS 0x000000008d300000, 0x000000008d400000| Untracked 
| 212|0x000000008d400000, 0x000000008d500000, 0x000000008d500000|100%| O|  |TAMS 0x000000008d400000, 0x000000008d500000| Untracked 
| 213|0x000000008d500000, 0x000000008d600000, 0x000000008d600000|100%| O|  |TAMS 0x000000008d500000, 0x000000008d600000| Untracked 
| 214|0x000000008d600000, 0x000000008d700000, 0x000000008d700000|100%| O|  |TAMS 0x000000008d600000, 0x000000008d700000| Untracked 
| 215|0x000000008d700000, 0x000000008d800000, 0x000000008d800000|100%| O|  |TAMS 0x000000008d700000, 0x000000008d800000| Untracked 
| 216|0x000000008d800000, 0x000000008d900000, 0x000000008d900000|100%| O|  |TAMS 0x000000008d800000, 0x000000008d900000| Untracked 
| 217|0x000000008d900000, 0x000000008da00000, 0x000000008da00000|100%| O|  |TAMS 0x000000008d900000, 0x000000008da00000| Untracked 
| 218|0x000000008da00000, 0x000000008db00000, 0x000000008db00000|100%| O|  |TAMS 0x000000008da00000, 0x000000008db00000| Untracked 
| 219|0x000000008db00000, 0x000000008dc00000, 0x000000008dc00000|100%| O|  |TAMS 0x000000008db00000, 0x000000008dc00000| Untracked 
| 220|0x000000008dc00000, 0x000000008dd00000, 0x000000008dd00000|100%| O|  |TAMS 0x000000008dc00000, 0x000000008dd00000| Untracked 
| 221|0x000000008dd00000, 0x000000008de00000, 0x000000008de00000|100%| O|  |TAMS 0x000000008dd00000, 0x000000008de00000| Untracked 
| 222|0x000000008de00000, 0x000000008df00000, 0x000000008df00000|100%| O|  |TAMS 0x000000008de00000, 0x000000008df00000| Untracked 
| 223|0x000000008df00000, 0x000000008e000000, 0x000000008e000000|100%| O|  |TAMS 0x000000008df00000, 0x000000008e000000| Untracked 
| 224|0x000000008e000000, 0x000000008e100000, 0x000000008e100000|100%| O|  |TAMS 0x000000008e000000, 0x000000008e100000| Untracked 
| 225|0x000000008e100000, 0x000000008e200000, 0x000000008e200000|100%| O|  |TAMS 0x000000008e100000, 0x000000008e200000| Untracked 
| 226|0x000000008e200000, 0x000000008e300000, 0x000000008e300000|100%| O|  |TAMS 0x000000008e200000, 0x000000008e300000| Untracked 
| 227|0x000000008e300000, 0x000000008e400000, 0x000000008e400000|100%| O|  |TAMS 0x000000008e300000, 0x000000008e400000| Untracked 
| 228|0x000000008e400000, 0x000000008e42e800, 0x000000008e500000| 18%| O|  |TAMS 0x000000008e400000, 0x000000008e42e800| Untracked 
| 229|0x000000008e500000, 0x000000008e500000, 0x000000008e600000|  0%| F|  |TAMS 0x000000008e500000, 0x000000008e500000| Untracked 
| 230|0x000000008e600000, 0x000000008e700000, 0x000000008e700000|100%| O|  |TAMS 0x000000008e700000, 0x000000008e700000| Untracked 
| 231|0x000000008e700000, 0x000000008e800000, 0x000000008e800000|100%| O|  |TAMS 0x000000008e800000, 0x000000008e800000| Untracked 
| 232|0x000000008e800000, 0x000000008e900000, 0x000000008e900000|100%| O|  |TAMS 0x000000008e900000, 0x000000008e900000| Untracked 
| 233|0x000000008e900000, 0x000000008ea00000, 0x000000008ea00000|100%| O|  |TAMS 0x000000008ea00000, 0x000000008ea00000| Untracked 
| 234|0x000000008ea00000, 0x000000008ea00000, 0x000000008eb00000|  0%| F|  |TAMS 0x000000008ea00000, 0x000000008ea00000| Untracked 
| 235|0x000000008eb00000, 0x000000008ec00000, 0x000000008ec00000|100%| O|  |TAMS 0x000000008ec00000, 0x000000008ec00000| Untracked 
| 236|0x000000008ec00000, 0x000000008ec00000, 0x000000008ed00000|  0%| F|  |TAMS 0x000000008ec00000, 0x000000008ec00000| Untracked 
| 237|0x000000008ed00000, 0x000000008ed00000, 0x000000008ee00000|  0%| F|  |TAMS 0x000000008ed00000, 0x000000008ed00000| Untracked 
| 238|0x000000008ee00000, 0x000000008ee00000, 0x000000008ef00000|  0%| F|  |TAMS 0x000000008ee00000, 0x000000008ee00000| Untracked 
| 239|0x000000008ef00000, 0x000000008ef00000, 0x000000008f000000|  0%| F|  |TAMS 0x000000008ef00000, 0x000000008ef00000| Untracked 
| 240|0x000000008f000000, 0x000000008f000000, 0x000000008f100000|  0%| F|  |TAMS 0x000000008f000000, 0x000000008f000000| Untracked 
| 241|0x000000008f100000, 0x000000008f100000, 0x000000008f200000|  0%| F|  |TAMS 0x000000008f100000, 0x000000008f100000| Untracked 
| 242|0x000000008f200000, 0x000000008f200000, 0x000000008f300000|  0%| F|  |TAMS 0x000000008f200000, 0x000000008f200000| Untracked 
| 243|0x000000008f300000, 0x000000008f300000, 0x000000008f400000|  0%| F|  |TAMS 0x000000008f300000, 0x000000008f300000| Untracked 
| 244|0x000000008f400000, 0x000000008f500000, 0x000000008f500000|100%| O|  |TAMS 0x000000008f500000, 0x000000008f500000| Untracked 
| 245|0x000000008f500000, 0x000000008f600000, 0x000000008f600000|100%| O|  |TAMS 0x000000008f600000, 0x000000008f600000| Untracked 
| 246|0x000000008f600000, 0x000000008f700000, 0x000000008f700000|100%| O|  |TAMS 0x000000008f700000, 0x000000008f700000| Untracked 
| 247|0x000000008f700000, 0x000000008f800000, 0x000000008f800000|100%| O|  |TAMS 0x000000008f800000, 0x000000008f800000| Untracked 
| 248|0x000000008f800000, 0x000000008f900000, 0x000000008f900000|100%| O|  |TAMS 0x000000008f900000, 0x000000008f900000| Untracked 
| 249|0x000000008f900000, 0x000000008fa00000, 0x000000008fa00000|100%| O|  |TAMS 0x000000008fa00000, 0x000000008fa00000| Untracked 
| 250|0x000000008fa00000, 0x000000008fa00000, 0x000000008fb00000|  0%| F|  |TAMS 0x000000008fa00000, 0x000000008fa00000| Untracked 
| 251|0x000000008fb00000, 0x000000008fc00000, 0x000000008fc00000|100%| O|  |TAMS 0x000000008fc00000, 0x000000008fc00000| Untracked 
| 252|0x000000008fc00000, 0x000000008fc00000, 0x000000008fd00000|  0%| F|  |TAMS 0x000000008fc00000, 0x000000008fc00000| Untracked 
| 253|0x000000008fd00000, 0x000000008fd00000, 0x000000008fe00000|  0%| F|  |TAMS 0x000000008fd00000, 0x000000008fd00000| Untracked 
| 254|0x000000008fe00000, 0x000000008fe00000, 0x000000008ff00000|  0%| F|  |TAMS 0x000000008fe00000, 0x000000008fe00000| Untracked 
| 255|0x000000008ff00000, 0x000000008ff00000, 0x0000000090000000|  0%| F|  |TAMS 0x000000008ff00000, 0x000000008ff00000| Untracked 
| 256|0x0000000090000000, 0x0000000090100000, 0x0000000090100000|100%| O|  |TAMS 0x0000000090100000, 0x0000000090100000| Untracked 
| 257|0x0000000090100000, 0x0000000090200000, 0x0000000090200000|100%| O|  |TAMS 0x0000000090200000, 0x0000000090200000| Untracked 
| 258|0x0000000090200000, 0x0000000090300000, 0x0000000090300000|100%| O|  |TAMS 0x0000000090300000, 0x0000000090300000| Untracked 
| 259|0x0000000090300000, 0x0000000090400000, 0x0000000090400000|100%| O|  |TAMS 0x0000000090400000, 0x0000000090400000| Untracked 
| 260|0x0000000090400000, 0x0000000090500000, 0x0000000090500000|100%| O|  |TAMS 0x0000000090500000, 0x0000000090500000| Untracked 
| 261|0x0000000090500000, 0x0000000090600000, 0x0000000090600000|100%| O|  |TAMS 0x0000000090600000, 0x0000000090600000| Untracked 
| 262|0x0000000090600000, 0x0000000090700000, 0x0000000090700000|100%| O|  |TAMS 0x0000000090700000, 0x0000000090700000| Untracked 
| 263|0x0000000090700000, 0x0000000090700000, 0x0000000090800000|  0%| F|  |TAMS 0x0000000090700000, 0x0000000090700000| Untracked 
| 264|0x0000000090800000, 0x0000000090900000, 0x0000000090900000|100%| O|  |TAMS 0x0000000090900000, 0x0000000090900000| Untracked 
| 265|0x0000000090900000, 0x0000000090a00000, 0x0000000090a00000|100%| O|  |TAMS 0x0000000090a00000, 0x0000000090a00000| Untracked 
| 266|0x0000000090a00000, 0x0000000090b00000, 0x0000000090b00000|100%| O|  |TAMS 0x0000000090b00000, 0x0000000090b00000| Untracked 
| 267|0x0000000090b00000, 0x0000000090c00000, 0x0000000090c00000|100%| O|  |TAMS 0x0000000090c00000, 0x0000000090c00000| Untracked 
| 268|0x0000000090c00000, 0x0000000090d00000, 0x0000000090d00000|100%|HS|  |TAMS 0x0000000090d00000, 0x0000000090d00000| Complete 
| 269|0x0000000090d00000, 0x0000000090e00000, 0x0000000090e00000|100%|HC|  |TAMS 0x0000000090e00000, 0x0000000090e00000| Complete 
| 270|0x0000000090e00000, 0x0000000090f00000, 0x0000000090f00000|100%|HC|  |TAMS 0x0000000090f00000, 0x0000000090f00000| Complete 
| 271|0x0000000090f00000, 0x0000000091000000, 0x0000000091000000|100%|HC|  |TAMS 0x0000000091000000, 0x0000000091000000| Complete 
| 272|0x0000000091000000, 0x0000000091100000, 0x0000000091100000|100%| O|  |TAMS 0x0000000091100000, 0x0000000091100000| Untracked 
| 273|0x0000000091100000, 0x0000000091200000, 0x0000000091200000|100%| O|  |TAMS 0x0000000091200000, 0x0000000091200000| Untracked 
| 274|0x0000000091200000, 0x0000000091300000, 0x0000000091300000|100%| O|  |TAMS 0x0000000091300000, 0x0000000091300000| Untracked 
| 275|0x0000000091300000, 0x0000000091400000, 0x0000000091400000|100%| O|  |TAMS 0x0000000091400000, 0x0000000091400000| Untracked 
| 276|0x0000000091400000, 0x0000000091500000, 0x0000000091500000|100%| O|  |TAMS 0x0000000091500000, 0x0000000091500000| Untracked 
| 277|0x0000000091500000, 0x0000000091600000, 0x0000000091600000|100%| O|  |TAMS 0x0000000091600000, 0x0000000091600000| Untracked 
| 278|0x0000000091600000, 0x0000000091700000, 0x0000000091700000|100%| O|  |TAMS 0x0000000091700000, 0x0000000091700000| Untracked 
| 279|0x0000000091700000, 0x0000000091800000, 0x0000000091800000|100%| O|  |TAMS 0x0000000091800000, 0x0000000091800000| Untracked 
| 280|0x0000000091800000, 0x0000000091900000, 0x0000000091900000|100%| O|  |TAMS 0x0000000091900000, 0x0000000091900000| Untracked 
| 281|0x0000000091900000, 0x0000000091900000, 0x0000000091a00000|  0%| F|  |TAMS 0x0000000091900000, 0x0000000091900000| Untracked 
| 282|0x0000000091a00000, 0x0000000091a00000, 0x0000000091b00000|  0%| F|  |TAMS 0x0000000091a00000, 0x0000000091a00000| Untracked 
| 283|0x0000000091b00000, 0x0000000091c00000, 0x0000000091c00000|100%| O|  |TAMS 0x0000000091c00000, 0x0000000091c00000| Untracked 
| 284|0x0000000091c00000, 0x0000000091d00000, 0x0000000091d00000|100%| O|  |TAMS 0x0000000091d00000, 0x0000000091d00000| Untracked 
| 285|0x0000000091d00000, 0x0000000091d00000, 0x0000000091e00000|  0%| F|  |TAMS 0x0000000091d00000, 0x0000000091d00000| Untracked 
| 286|0x0000000091e00000, 0x0000000091e00000, 0x0000000091f00000|  0%| F|  |TAMS 0x0000000091e00000, 0x0000000091e00000| Untracked 
| 287|0x0000000091f00000, 0x0000000091f00000, 0x0000000092000000|  0%| F|  |TAMS 0x0000000091f00000, 0x0000000091f00000| Untracked 
| 288|0x0000000092000000, 0x0000000092000000, 0x0000000092100000|  0%| F|  |TAMS 0x0000000092000000, 0x0000000092000000| Untracked 
| 289|0x0000000092100000, 0x0000000092100000, 0x0000000092200000|  0%| F|  |TAMS 0x0000000092100000, 0x0000000092100000| Untracked 
| 290|0x0000000092200000, 0x0000000092200000, 0x0000000092300000|  0%| F|  |TAMS 0x0000000092200000, 0x0000000092200000| Untracked 
| 291|0x0000000092300000, 0x0000000092300000, 0x0000000092400000|  0%| F|  |TAMS 0x0000000092300000, 0x0000000092300000| Untracked 
| 292|0x0000000092400000, 0x0000000092400000, 0x0000000092500000|  0%| F|  |TAMS 0x0000000092400000, 0x0000000092400000| Untracked 
| 293|0x0000000092500000, 0x0000000092500000, 0x0000000092600000|  0%| F|  |TAMS 0x0000000092500000, 0x0000000092500000| Untracked 
| 294|0x0000000092600000, 0x0000000092600000, 0x0000000092700000|  0%| F|  |TAMS 0x0000000092600000, 0x0000000092600000| Untracked 
| 295|0x0000000092700000, 0x0000000092700000, 0x0000000092800000|  0%| F|  |TAMS 0x0000000092700000, 0x0000000092700000| Untracked 
| 296|0x0000000092800000, 0x0000000092800000, 0x0000000092900000|  0%| F|  |TAMS 0x0000000092800000, 0x0000000092800000| Untracked 
| 297|0x0000000092900000, 0x0000000092900000, 0x0000000092a00000|  0%| F|  |TAMS 0x0000000092900000, 0x0000000092900000| Untracked 
| 298|0x0000000092a00000, 0x0000000092a00000, 0x0000000092b00000|  0%| F|  |TAMS 0x0000000092a00000, 0x0000000092a00000| Untracked 
| 299|0x0000000092b00000, 0x0000000092b00000, 0x0000000092c00000|  0%| F|  |TAMS 0x0000000092b00000, 0x0000000092b00000| Untracked 
| 300|0x0000000092c00000, 0x0000000092c00000, 0x0000000092d00000|  0%| F|  |TAMS 0x0000000092c00000, 0x0000000092c00000| Untracked 
| 301|0x0000000092d00000, 0x0000000092d00000, 0x0000000092e00000|  0%| F|  |TAMS 0x0000000092d00000, 0x0000000092d00000| Untracked 
| 302|0x0000000092e00000, 0x0000000092e00000, 0x0000000092f00000|  0%| F|  |TAMS 0x0000000092e00000, 0x0000000092e00000| Untracked 
| 303|0x0000000092f00000, 0x0000000092f00000, 0x0000000093000000|  0%| F|  |TAMS 0x0000000092f00000, 0x0000000092f00000| Untracked 
| 304|0x0000000093000000, 0x0000000093000000, 0x0000000093100000|  0%| F|  |TAMS 0x0000000093000000, 0x0000000093000000| Untracked 
| 305|0x0000000093100000, 0x0000000093100000, 0x0000000093200000|  0%| F|  |TAMS 0x0000000093100000, 0x0000000093100000| Untracked 
| 306|0x0000000093200000, 0x0000000093200000, 0x0000000093300000|  0%| F|  |TAMS 0x0000000093200000, 0x0000000093200000| Untracked 
| 307|0x0000000093300000, 0x0000000093300000, 0x0000000093400000|  0%| F|  |TAMS 0x0000000093300000, 0x0000000093300000| Untracked 
| 308|0x0000000093400000, 0x0000000093400000, 0x0000000093500000|  0%| F|  |TAMS 0x0000000093400000, 0x0000000093400000| Untracked 
| 309|0x0000000093500000, 0x0000000093500000, 0x0000000093600000|  0%| F|  |TAMS 0x0000000093500000, 0x0000000093500000| Untracked 
| 310|0x0000000093600000, 0x0000000093600000, 0x0000000093700000|  0%| F|  |TAMS 0x0000000093600000, 0x0000000093600000| Untracked 
| 311|0x0000000093700000, 0x0000000093700000, 0x0000000093800000|  0%| F|  |TAMS 0x0000000093700000, 0x0000000093700000| Untracked 
| 312|0x0000000093800000, 0x0000000093800000, 0x0000000093900000|  0%| F|  |TAMS 0x0000000093800000, 0x0000000093800000| Untracked 
| 313|0x0000000093900000, 0x0000000093900000, 0x0000000093a00000|  0%| F|  |TAMS 0x0000000093900000, 0x0000000093900000| Untracked 
| 314|0x0000000093a00000, 0x0000000093a00000, 0x0000000093b00000|  0%| F|  |TAMS 0x0000000093a00000, 0x0000000093a00000| Untracked 
| 315|0x0000000093b00000, 0x0000000093b00000, 0x0000000093c00000|  0%| F|  |TAMS 0x0000000093b00000, 0x0000000093b00000| Untracked 
| 316|0x0000000093c00000, 0x0000000093c00000, 0x0000000093d00000|  0%| F|  |TAMS 0x0000000093c00000, 0x0000000093c00000| Untracked 
| 317|0x0000000093d00000, 0x0000000093d00000, 0x0000000093e00000|  0%| F|  |TAMS 0x0000000093d00000, 0x0000000093d00000| Untracked 
| 318|0x0000000093e00000, 0x0000000093e00000, 0x0000000093f00000|  0%| F|  |TAMS 0x0000000093e00000, 0x0000000093e00000| Untracked 
| 319|0x0000000093f00000, 0x0000000093f00000, 0x0000000094000000|  0%| F|  |TAMS 0x0000000093f00000, 0x0000000093f00000| Untracked 
| 320|0x0000000094000000, 0x0000000094000000, 0x0000000094100000|  0%| F|  |TAMS 0x0000000094000000, 0x0000000094000000| Untracked 
| 321|0x0000000094100000, 0x0000000094100000, 0x0000000094200000|  0%| F|  |TAMS 0x0000000094100000, 0x0000000094100000| Untracked 
| 322|0x0000000094200000, 0x0000000094200000, 0x0000000094300000|  0%| F|  |TAMS 0x0000000094200000, 0x0000000094200000| Untracked 
| 323|0x0000000094300000, 0x0000000094300000, 0x0000000094400000|  0%| F|  |TAMS 0x0000000094300000, 0x0000000094300000| Untracked 
| 324|0x0000000094400000, 0x0000000094400000, 0x0000000094500000|  0%| F|  |TAMS 0x0000000094400000, 0x0000000094400000| Untracked 
| 325|0x0000000094500000, 0x0000000094500000, 0x0000000094600000|  0%| F|  |TAMS 0x0000000094500000, 0x0000000094500000| Untracked 
| 326|0x0000000094600000, 0x0000000094600000, 0x0000000094700000|  0%| F|  |TAMS 0x0000000094600000, 0x0000000094600000| Untracked 
| 327|0x0000000094700000, 0x0000000094700000, 0x0000000094800000|  0%| F|  |TAMS 0x0000000094700000, 0x0000000094700000| Untracked 
| 328|0x0000000094800000, 0x0000000094800000, 0x0000000094900000|  0%| F|  |TAMS 0x0000000094800000, 0x0000000094800000| Untracked 
| 329|0x0000000094900000, 0x0000000094900000, 0x0000000094a00000|  0%| F|  |TAMS 0x0000000094900000, 0x0000000094900000| Untracked 
| 330|0x0000000094a00000, 0x0000000094a00000, 0x0000000094b00000|  0%| F|  |TAMS 0x0000000094a00000, 0x0000000094a00000| Untracked 
| 331|0x0000000094b00000, 0x0000000094b00000, 0x0000000094c00000|  0%| F|  |TAMS 0x0000000094b00000, 0x0000000094b00000| Untracked 
| 332|0x0000000094c00000, 0x0000000094c00000, 0x0000000094d00000|  0%| F|  |TAMS 0x0000000094c00000, 0x0000000094c00000| Untracked 
| 333|0x0000000094d00000, 0x0000000094d00000, 0x0000000094e00000|  0%| F|  |TAMS 0x0000000094d00000, 0x0000000094d00000| Untracked 
| 334|0x0000000094e00000, 0x0000000094e00000, 0x0000000094f00000|  0%| F|  |TAMS 0x0000000094e00000, 0x0000000094e00000| Untracked 
| 335|0x0000000094f00000, 0x0000000094f00000, 0x0000000095000000|  0%| F|  |TAMS 0x0000000094f00000, 0x0000000094f00000| Untracked 
| 336|0x0000000095000000, 0x0000000095000000, 0x0000000095100000|  0%| F|  |TAMS 0x0000000095000000, 0x0000000095000000| Untracked 
| 337|0x0000000095100000, 0x0000000095100000, 0x0000000095200000|  0%| F|  |TAMS 0x0000000095100000, 0x0000000095100000| Untracked 
| 338|0x0000000095200000, 0x0000000095200000, 0x0000000095300000|  0%| F|  |TAMS 0x0000000095200000, 0x0000000095200000| Untracked 
| 339|0x0000000095300000, 0x0000000095300000, 0x0000000095400000|  0%| F|  |TAMS 0x0000000095300000, 0x0000000095300000| Untracked 
| 340|0x0000000095400000, 0x0000000095400000, 0x0000000095500000|  0%| F|  |TAMS 0x0000000095400000, 0x0000000095400000| Untracked 
| 341|0x0000000095500000, 0x0000000095500000, 0x0000000095600000|  0%| F|  |TAMS 0x0000000095500000, 0x0000000095500000| Untracked 
| 342|0x0000000095600000, 0x0000000095600000, 0x0000000095700000|  0%| F|  |TAMS 0x0000000095600000, 0x0000000095600000| Untracked 
| 343|0x0000000095700000, 0x0000000095700000, 0x0000000095800000|  0%| F|  |TAMS 0x0000000095700000, 0x0000000095700000| Untracked 
| 344|0x0000000095800000, 0x0000000095800000, 0x0000000095900000|  0%| F|  |TAMS 0x0000000095800000, 0x0000000095800000| Untracked 
| 345|0x0000000095900000, 0x0000000095900000, 0x0000000095a00000|  0%| F|  |TAMS 0x0000000095900000, 0x0000000095900000| Untracked 
| 346|0x0000000095a00000, 0x0000000095a00000, 0x0000000095b00000|  0%| F|  |TAMS 0x0000000095a00000, 0x0000000095a00000| Untracked 
| 347|0x0000000095b00000, 0x0000000095b00000, 0x0000000095c00000|  0%| F|  |TAMS 0x0000000095b00000, 0x0000000095b00000| Untracked 
| 348|0x0000000095c00000, 0x0000000095c00000, 0x0000000095d00000|  0%| F|  |TAMS 0x0000000095c00000, 0x0000000095c00000| Untracked 
| 349|0x0000000095d00000, 0x0000000095d00000, 0x0000000095e00000|  0%| F|  |TAMS 0x0000000095d00000, 0x0000000095d00000| Untracked 
| 350|0x0000000095e00000, 0x0000000095e00000, 0x0000000095f00000|  0%| F|  |TAMS 0x0000000095e00000, 0x0000000095e00000| Untracked 
| 351|0x0000000095f00000, 0x0000000095f00000, 0x0000000096000000|  0%| F|  |TAMS 0x0000000095f00000, 0x0000000095f00000| Untracked 
| 352|0x0000000096000000, 0x0000000096000000, 0x0000000096100000|  0%| F|  |TAMS 0x0000000096000000, 0x0000000096000000| Untracked 
| 353|0x0000000096100000, 0x0000000096100000, 0x0000000096200000|  0%| F|  |TAMS 0x0000000096100000, 0x0000000096100000| Untracked 
| 354|0x0000000096200000, 0x0000000096200000, 0x0000000096300000|  0%| F|  |TAMS 0x0000000096200000, 0x0000000096200000| Untracked 
| 355|0x0000000096300000, 0x0000000096300000, 0x0000000096400000|  0%| F|  |TAMS 0x0000000096300000, 0x0000000096300000| Untracked 
| 356|0x0000000096400000, 0x0000000096400000, 0x0000000096500000|  0%| F|  |TAMS 0x0000000096400000, 0x0000000096400000| Untracked 
| 357|0x0000000096500000, 0x0000000096500000, 0x0000000096600000|  0%| F|  |TAMS 0x0000000096500000, 0x0000000096500000| Untracked 
| 358|0x0000000096600000, 0x0000000096600000, 0x0000000096700000|  0%| F|  |TAMS 0x0000000096600000, 0x0000000096600000| Untracked 
| 359|0x0000000096700000, 0x0000000096700000, 0x0000000096800000|  0%| F|  |TAMS 0x0000000096700000, 0x0000000096700000| Untracked 
| 360|0x0000000096800000, 0x0000000096800000, 0x0000000096900000|  0%| F|  |TAMS 0x0000000096800000, 0x0000000096800000| Untracked 
| 361|0x0000000096900000, 0x0000000096900000, 0x0000000096a00000|  0%| F|  |TAMS 0x0000000096900000, 0x0000000096900000| Untracked 
| 362|0x0000000096a00000, 0x0000000096a00000, 0x0000000096b00000|  0%| F|  |TAMS 0x0000000096a00000, 0x0000000096a00000| Untracked 
| 363|0x0000000096b00000, 0x0000000096b00000, 0x0000000096c00000|  0%| F|  |TAMS 0x0000000096b00000, 0x0000000096b00000| Untracked 
| 364|0x0000000096c00000, 0x0000000096c00000, 0x0000000096d00000|  0%| F|  |TAMS 0x0000000096c00000, 0x0000000096c00000| Untracked 
| 365|0x0000000096d00000, 0x0000000096d00000, 0x0000000096e00000|  0%| F|  |TAMS 0x0000000096d00000, 0x0000000096d00000| Untracked 
| 366|0x0000000096e00000, 0x0000000096e00000, 0x0000000096f00000|  0%| F|  |TAMS 0x0000000096e00000, 0x0000000096e00000| Untracked 
| 367|0x0000000096f00000, 0x0000000096f00000, 0x0000000097000000|  0%| F|  |TAMS 0x0000000096f00000, 0x0000000096f00000| Untracked 
| 368|0x0000000097000000, 0x0000000097000000, 0x0000000097100000|  0%| F|  |TAMS 0x0000000097000000, 0x0000000097000000| Untracked 
| 369|0x0000000097100000, 0x0000000097100000, 0x0000000097200000|  0%| F|  |TAMS 0x0000000097100000, 0x0000000097100000| Untracked 
| 370|0x0000000097200000, 0x0000000097200000, 0x0000000097300000|  0%| F|  |TAMS 0x0000000097200000, 0x0000000097200000| Untracked 
| 371|0x0000000097300000, 0x0000000097300000, 0x0000000097400000|  0%| F|  |TAMS 0x0000000097300000, 0x0000000097300000| Untracked 
| 372|0x0000000097400000, 0x0000000097400000, 0x0000000097500000|  0%| F|  |TAMS 0x0000000097400000, 0x0000000097400000| Untracked 
| 373|0x0000000097500000, 0x0000000097500000, 0x0000000097600000|  0%| F|  |TAMS 0x0000000097500000, 0x0000000097500000| Untracked 
| 374|0x0000000097600000, 0x0000000097600000, 0x0000000097700000|  0%| F|  |TAMS 0x0000000097600000, 0x0000000097600000| Untracked 
| 375|0x0000000097700000, 0x0000000097700000, 0x0000000097800000|  0%| F|  |TAMS 0x0000000097700000, 0x0000000097700000| Untracked 
| 376|0x0000000097800000, 0x0000000097800000, 0x0000000097900000|  0%| F|  |TAMS 0x0000000097800000, 0x0000000097800000| Untracked 
| 377|0x0000000097900000, 0x0000000097900000, 0x0000000097a00000|  0%| F|  |TAMS 0x0000000097900000, 0x0000000097900000| Untracked 
| 378|0x0000000097a00000, 0x0000000097a00000, 0x0000000097b00000|  0%| F|  |TAMS 0x0000000097a00000, 0x0000000097a00000| Untracked 
| 379|0x0000000097b00000, 0x0000000097b00000, 0x0000000097c00000|  0%| F|  |TAMS 0x0000000097b00000, 0x0000000097b00000| Untracked 
| 380|0x0000000097c00000, 0x0000000097c00000, 0x0000000097d00000|  0%| F|  |TAMS 0x0000000097c00000, 0x0000000097c00000| Untracked 
| 381|0x0000000097d00000, 0x0000000097d00000, 0x0000000097e00000|  0%| F|  |TAMS 0x0000000097d00000, 0x0000000097d00000| Untracked 
| 382|0x0000000097e00000, 0x0000000097e00000, 0x0000000097f00000|  0%| F|  |TAMS 0x0000000097e00000, 0x0000000097e00000| Untracked 
| 383|0x0000000097f00000, 0x0000000097f00000, 0x0000000098000000|  0%| F|  |TAMS 0x0000000097f00000, 0x0000000097f00000| Untracked 
| 384|0x0000000098000000, 0x0000000098000000, 0x0000000098100000|  0%| F|  |TAMS 0x0000000098000000, 0x0000000098000000| Untracked 
| 385|0x0000000098100000, 0x0000000098100000, 0x0000000098200000|  0%| F|  |TAMS 0x0000000098100000, 0x0000000098100000| Untracked 
| 386|0x0000000098200000, 0x0000000098200000, 0x0000000098300000|  0%| F|  |TAMS 0x0000000098200000, 0x0000000098200000| Untracked 
| 387|0x0000000098300000, 0x0000000098300000, 0x0000000098400000|  0%| F|  |TAMS 0x0000000098300000, 0x0000000098300000| Untracked 
| 388|0x0000000098400000, 0x0000000098400000, 0x0000000098500000|  0%| F|  |TAMS 0x0000000098400000, 0x0000000098400000| Untracked 
| 389|0x0000000098500000, 0x0000000098500000, 0x0000000098600000|  0%| F|  |TAMS 0x0000000098500000, 0x0000000098500000| Untracked 
| 390|0x0000000098600000, 0x0000000098600000, 0x0000000098700000|  0%| F|  |TAMS 0x0000000098600000, 0x0000000098600000| Untracked 
| 391|0x0000000098700000, 0x0000000098700000, 0x0000000098800000|  0%| F|  |TAMS 0x0000000098700000, 0x0000000098700000| Untracked 
| 392|0x0000000098800000, 0x0000000098800000, 0x0000000098900000|  0%| F|  |TAMS 0x0000000098800000, 0x0000000098800000| Untracked 
| 393|0x0000000098900000, 0x0000000098900000, 0x0000000098a00000|  0%| F|  |TAMS 0x0000000098900000, 0x0000000098900000| Untracked 
| 394|0x0000000098a00000, 0x0000000098a00000, 0x0000000098b00000|  0%| F|  |TAMS 0x0000000098a00000, 0x0000000098a00000| Untracked 
| 395|0x0000000098b00000, 0x0000000098b00000, 0x0000000098c00000|  0%| F|  |TAMS 0x0000000098b00000, 0x0000000098b00000| Untracked 
| 396|0x0000000098c00000, 0x0000000098c00000, 0x0000000098d00000|  0%| F|  |TAMS 0x0000000098c00000, 0x0000000098c00000| Untracked 
| 397|0x0000000098d00000, 0x0000000098d00000, 0x0000000098e00000|  0%| F|  |TAMS 0x0000000098d00000, 0x0000000098d00000| Untracked 
| 398|0x0000000098e00000, 0x0000000098e00000, 0x0000000098f00000|  0%| F|  |TAMS 0x0000000098e00000, 0x0000000098e00000| Untracked 
| 399|0x0000000098f00000, 0x0000000098f00000, 0x0000000099000000|  0%| F|  |TAMS 0x0000000098f00000, 0x0000000098f00000| Untracked 
| 400|0x0000000099000000, 0x0000000099000000, 0x0000000099100000|  0%| F|  |TAMS 0x0000000099000000, 0x0000000099000000| Untracked 
| 401|0x0000000099100000, 0x0000000099100000, 0x0000000099200000|  0%| F|  |TAMS 0x0000000099100000, 0x0000000099100000| Untracked 
| 402|0x0000000099200000, 0x0000000099200000, 0x0000000099300000|  0%| F|  |TAMS 0x0000000099200000, 0x0000000099200000| Untracked 
| 403|0x0000000099300000, 0x0000000099300000, 0x0000000099400000|  0%| F|  |TAMS 0x0000000099300000, 0x0000000099300000| Untracked 
| 404|0x0000000099400000, 0x0000000099400000, 0x0000000099500000|  0%| F|  |TAMS 0x0000000099400000, 0x0000000099400000| Untracked 
| 405|0x0000000099500000, 0x0000000099500000, 0x0000000099600000|  0%| F|  |TAMS 0x0000000099500000, 0x0000000099500000| Untracked 
| 406|0x0000000099600000, 0x0000000099600000, 0x0000000099700000|  0%| F|  |TAMS 0x0000000099600000, 0x0000000099600000| Untracked 
| 407|0x0000000099700000, 0x0000000099700000, 0x0000000099800000|  0%| F|  |TAMS 0x0000000099700000, 0x0000000099700000| Untracked 
| 408|0x0000000099800000, 0x0000000099800000, 0x0000000099900000|  0%| F|  |TAMS 0x0000000099800000, 0x0000000099800000| Untracked 
| 409|0x0000000099900000, 0x0000000099900000, 0x0000000099a00000|  0%| F|  |TAMS 0x0000000099900000, 0x0000000099900000| Untracked 
| 410|0x0000000099a00000, 0x0000000099a00000, 0x0000000099b00000|  0%| F|  |TAMS 0x0000000099a00000, 0x0000000099a00000| Untracked 
| 411|0x0000000099b00000, 0x0000000099b00000, 0x0000000099c00000|  0%| F|  |TAMS 0x0000000099b00000, 0x0000000099b00000| Untracked 
| 412|0x0000000099c00000, 0x0000000099c00000, 0x0000000099d00000|  0%| F|  |TAMS 0x0000000099c00000, 0x0000000099c00000| Untracked 
| 413|0x0000000099d00000, 0x0000000099d00000, 0x0000000099e00000|  0%| F|  |TAMS 0x0000000099d00000, 0x0000000099d00000| Untracked 
| 414|0x0000000099e00000, 0x0000000099e00000, 0x0000000099f00000|  0%| F|  |TAMS 0x0000000099e00000, 0x0000000099e00000| Untracked 
| 415|0x0000000099f00000, 0x0000000099f00000, 0x000000009a000000|  0%| F|  |TAMS 0x0000000099f00000, 0x0000000099f00000| Untracked 
| 416|0x000000009a000000, 0x000000009a000000, 0x000000009a100000|  0%| F|  |TAMS 0x000000009a000000, 0x000000009a000000| Untracked 
| 417|0x000000009a100000, 0x000000009a100000, 0x000000009a200000|  0%| F|  |TAMS 0x000000009a100000, 0x000000009a100000| Untracked 
| 418|0x000000009a200000, 0x000000009a200000, 0x000000009a300000|  0%| F|  |TAMS 0x000000009a200000, 0x000000009a200000| Untracked 
| 419|0x000000009a300000, 0x000000009a300000, 0x000000009a400000|  0%| F|  |TAMS 0x000000009a300000, 0x000000009a300000| Untracked 
| 420|0x000000009a400000, 0x000000009a400000, 0x000000009a500000|  0%| F|  |TAMS 0x000000009a400000, 0x000000009a400000| Untracked 
| 421|0x000000009a500000, 0x000000009a500000, 0x000000009a600000|  0%| F|  |TAMS 0x000000009a500000, 0x000000009a500000| Untracked 
| 422|0x000000009a600000, 0x000000009a600000, 0x000000009a700000|  0%| F|  |TAMS 0x000000009a600000, 0x000000009a600000| Untracked 
| 423|0x000000009a700000, 0x000000009a700000, 0x000000009a800000|  0%| F|  |TAMS 0x000000009a700000, 0x000000009a700000| Untracked 
| 424|0x000000009a800000, 0x000000009a800000, 0x000000009a900000|  0%| F|  |TAMS 0x000000009a800000, 0x000000009a800000| Untracked 
| 425|0x000000009a900000, 0x000000009a900000, 0x000000009aa00000|  0%| F|  |TAMS 0x000000009a900000, 0x000000009a900000| Untracked 
| 426|0x000000009aa00000, 0x000000009aa00000, 0x000000009ab00000|  0%| F|  |TAMS 0x000000009aa00000, 0x000000009aa00000| Untracked 
| 427|0x000000009ab00000, 0x000000009ab00000, 0x000000009ac00000|  0%| F|  |TAMS 0x000000009ab00000, 0x000000009ab00000| Untracked 
| 428|0x000000009ac00000, 0x000000009ac00000, 0x000000009ad00000|  0%| F|  |TAMS 0x000000009ac00000, 0x000000009ac00000| Untracked 
| 429|0x000000009ad00000, 0x000000009ad00000, 0x000000009ae00000|  0%| F|  |TAMS 0x000000009ad00000, 0x000000009ad00000| Untracked 
| 430|0x000000009ae00000, 0x000000009ae00000, 0x000000009af00000|  0%| F|  |TAMS 0x000000009ae00000, 0x000000009ae00000| Untracked 
| 431|0x000000009af00000, 0x000000009af00000, 0x000000009b000000|  0%| F|  |TAMS 0x000000009af00000, 0x000000009af00000| Untracked 
| 432|0x000000009b000000, 0x000000009b000000, 0x000000009b100000|  0%| F|  |TAMS 0x000000009b000000, 0x000000009b000000| Untracked 
| 433|0x000000009b100000, 0x000000009b100000, 0x000000009b200000|  0%| F|  |TAMS 0x000000009b100000, 0x000000009b100000| Untracked 
| 434|0x000000009b200000, 0x000000009b200000, 0x000000009b300000|  0%| F|  |TAMS 0x000000009b200000, 0x000000009b200000| Untracked 
| 435|0x000000009b300000, 0x000000009b300000, 0x000000009b400000|  0%| F|  |TAMS 0x000000009b300000, 0x000000009b300000| Untracked 
| 436|0x000000009b400000, 0x000000009b400000, 0x000000009b500000|  0%| F|  |TAMS 0x000000009b400000, 0x000000009b400000| Untracked 
| 437|0x000000009b500000, 0x000000009b500000, 0x000000009b600000|  0%| F|  |TAMS 0x000000009b500000, 0x000000009b500000| Untracked 
| 438|0x000000009b600000, 0x000000009b600000, 0x000000009b700000|  0%| F|  |TAMS 0x000000009b600000, 0x000000009b600000| Untracked 
| 439|0x000000009b700000, 0x000000009b700000, 0x000000009b800000|  0%| F|  |TAMS 0x000000009b700000, 0x000000009b700000| Untracked 
| 440|0x000000009b800000, 0x000000009b800000, 0x000000009b900000|  0%| F|  |TAMS 0x000000009b800000, 0x000000009b800000| Untracked 
| 441|0x000000009b900000, 0x000000009b900000, 0x000000009ba00000|  0%| F|  |TAMS 0x000000009b900000, 0x000000009b900000| Untracked 
| 442|0x000000009ba00000, 0x000000009ba00000, 0x000000009bb00000|  0%| F|  |TAMS 0x000000009ba00000, 0x000000009ba00000| Untracked 
| 443|0x000000009bb00000, 0x000000009bb00000, 0x000000009bc00000|  0%| F|  |TAMS 0x000000009bb00000, 0x000000009bb00000| Untracked 
| 444|0x000000009bc00000, 0x000000009bc00000, 0x000000009bd00000|  0%| F|  |TAMS 0x000000009bc00000, 0x000000009bc00000| Untracked 
| 445|0x000000009bd00000, 0x000000009bd00000, 0x000000009be00000|  0%| F|  |TAMS 0x000000009bd00000, 0x000000009bd00000| Untracked 
| 446|0x000000009be00000, 0x000000009be00000, 0x000000009bf00000|  0%| F|  |TAMS 0x000000009be00000, 0x000000009be00000| Untracked 
| 447|0x000000009bf00000, 0x000000009bf00000, 0x000000009c000000|  0%| F|  |TAMS 0x000000009bf00000, 0x000000009bf00000| Untracked 
| 448|0x000000009c000000, 0x000000009c000000, 0x000000009c100000|  0%| F|  |TAMS 0x000000009c000000, 0x000000009c000000| Untracked 
| 449|0x000000009c100000, 0x000000009c100000, 0x000000009c200000|  0%| F|  |TAMS 0x000000009c100000, 0x000000009c100000| Untracked 
| 450|0x000000009c200000, 0x000000009c200000, 0x000000009c300000|  0%| F|  |TAMS 0x000000009c200000, 0x000000009c200000| Untracked 
| 451|0x000000009c300000, 0x000000009c300000, 0x000000009c400000|  0%| F|  |TAMS 0x000000009c300000, 0x000000009c300000| Untracked 
| 452|0x000000009c400000, 0x000000009c400000, 0x000000009c500000|  0%| F|  |TAMS 0x000000009c400000, 0x000000009c400000| Untracked 
| 453|0x000000009c500000, 0x000000009c500000, 0x000000009c600000|  0%| F|  |TAMS 0x000000009c500000, 0x000000009c500000| Untracked 
| 454|0x000000009c600000, 0x000000009c600000, 0x000000009c700000|  0%| F|  |TAMS 0x000000009c600000, 0x000000009c600000| Untracked 
| 455|0x000000009c700000, 0x000000009c700000, 0x000000009c800000|  0%| F|  |TAMS 0x000000009c700000, 0x000000009c700000| Untracked 
| 456|0x000000009c800000, 0x000000009c800000, 0x000000009c900000|  0%| F|  |TAMS 0x000000009c800000, 0x000000009c800000| Untracked 
| 457|0x000000009c900000, 0x000000009c900000, 0x000000009ca00000|  0%| F|  |TAMS 0x000000009c900000, 0x000000009c900000| Untracked 
| 458|0x000000009ca00000, 0x000000009ca00000, 0x000000009cb00000|  0%| F|  |TAMS 0x000000009ca00000, 0x000000009ca00000| Untracked 
| 459|0x000000009cb00000, 0x000000009cb00000, 0x000000009cc00000|  0%| F|  |TAMS 0x000000009cb00000, 0x000000009cb00000| Untracked 
| 460|0x000000009cc00000, 0x000000009cc00000, 0x000000009cd00000|  0%| F|  |TAMS 0x000000009cc00000, 0x000000009cc00000| Untracked 
| 461|0x000000009cd00000, 0x000000009cd00000, 0x000000009ce00000|  0%| F|  |TAMS 0x000000009cd00000, 0x000000009cd00000| Untracked 
| 462|0x000000009ce00000, 0x000000009ce00000, 0x000000009cf00000|  0%| F|  |TAMS 0x000000009ce00000, 0x000000009ce00000| Untracked 
| 463|0x000000009cf00000, 0x000000009cf00000, 0x000000009d000000|  0%| F|  |TAMS 0x000000009cf00000, 0x000000009cf00000| Untracked 
| 464|0x000000009d000000, 0x000000009d000000, 0x000000009d100000|  0%| F|  |TAMS 0x000000009d000000, 0x000000009d000000| Untracked 
| 465|0x000000009d100000, 0x000000009d100000, 0x000000009d200000|  0%| F|  |TAMS 0x000000009d100000, 0x000000009d100000| Untracked 
| 466|0x000000009d200000, 0x000000009d200000, 0x000000009d300000|  0%| F|  |TAMS 0x000000009d200000, 0x000000009d200000| Untracked 
| 467|0x000000009d300000, 0x000000009d300000, 0x000000009d400000|  0%| F|  |TAMS 0x000000009d300000, 0x000000009d300000| Untracked 
| 468|0x000000009d400000, 0x000000009d400000, 0x000000009d500000|  0%| F|  |TAMS 0x000000009d400000, 0x000000009d400000| Untracked 
| 469|0x000000009d500000, 0x000000009d500000, 0x000000009d600000|  0%| F|  |TAMS 0x000000009d500000, 0x000000009d500000| Untracked 
| 470|0x000000009d600000, 0x000000009d600000, 0x000000009d700000|  0%| F|  |TAMS 0x000000009d600000, 0x000000009d600000| Untracked 
| 471|0x000000009d700000, 0x000000009d700000, 0x000000009d800000|  0%| F|  |TAMS 0x000000009d700000, 0x000000009d700000| Untracked 
| 472|0x000000009d800000, 0x000000009d800000, 0x000000009d900000|  0%| F|  |TAMS 0x000000009d800000, 0x000000009d800000| Untracked 
| 473|0x000000009d900000, 0x000000009d900000, 0x000000009da00000|  0%| F|  |TAMS 0x000000009d900000, 0x000000009d900000| Untracked 
| 474|0x000000009da00000, 0x000000009da00000, 0x000000009db00000|  0%| F|  |TAMS 0x000000009da00000, 0x000000009da00000| Untracked 
| 475|0x000000009db00000, 0x000000009db00000, 0x000000009dc00000|  0%| F|  |TAMS 0x000000009db00000, 0x000000009db00000| Untracked 
| 476|0x000000009dc00000, 0x000000009dc00000, 0x000000009dd00000|  0%| F|  |TAMS 0x000000009dc00000, 0x000000009dc00000| Untracked 
| 477|0x000000009dd00000, 0x000000009dd00000, 0x000000009de00000|  0%| F|  |TAMS 0x000000009dd00000, 0x000000009dd00000| Untracked 
| 478|0x000000009de00000, 0x000000009de00000, 0x000000009df00000|  0%| F|  |TAMS 0x000000009de00000, 0x000000009de00000| Untracked 
| 479|0x000000009df00000, 0x000000009df00000, 0x000000009e000000|  0%| F|  |TAMS 0x000000009df00000, 0x000000009df00000| Untracked 
| 480|0x000000009e000000, 0x000000009e000000, 0x000000009e100000|  0%| F|  |TAMS 0x000000009e000000, 0x000000009e000000| Untracked 
| 481|0x000000009e100000, 0x000000009e100000, 0x000000009e200000|  0%| F|  |TAMS 0x000000009e100000, 0x000000009e100000| Untracked 
| 482|0x000000009e200000, 0x000000009e200000, 0x000000009e300000|  0%| F|  |TAMS 0x000000009e200000, 0x000000009e200000| Untracked 
| 483|0x000000009e300000, 0x000000009e300000, 0x000000009e400000|  0%| F|  |TAMS 0x000000009e300000, 0x000000009e300000| Untracked 
| 484|0x000000009e400000, 0x000000009e400000, 0x000000009e500000|  0%| F|  |TAMS 0x000000009e400000, 0x000000009e400000| Untracked 
| 485|0x000000009e500000, 0x000000009e500000, 0x000000009e600000|  0%| F|  |TAMS 0x000000009e500000, 0x000000009e500000| Untracked 
| 486|0x000000009e600000, 0x000000009e600000, 0x000000009e700000|  0%| F|  |TAMS 0x000000009e600000, 0x000000009e600000| Untracked 
| 487|0x000000009e700000, 0x000000009e700000, 0x000000009e800000|  0%| F|  |TAMS 0x000000009e700000, 0x000000009e700000| Untracked 
| 488|0x000000009e800000, 0x000000009e800000, 0x000000009e900000|  0%| F|  |TAMS 0x000000009e800000, 0x000000009e800000| Untracked 
| 489|0x000000009e900000, 0x000000009e900000, 0x000000009ea00000|  0%| F|  |TAMS 0x000000009e900000, 0x000000009e900000| Untracked 
| 490|0x000000009ea00000, 0x000000009ea00000, 0x000000009eb00000|  0%| F|  |TAMS 0x000000009ea00000, 0x000000009ea00000| Untracked 
| 491|0x000000009eb00000, 0x000000009eb00000, 0x000000009ec00000|  0%| F|  |TAMS 0x000000009eb00000, 0x000000009eb00000| Untracked 
| 492|0x000000009ec00000, 0x000000009ec00000, 0x000000009ed00000|  0%| F|  |TAMS 0x000000009ec00000, 0x000000009ec00000| Untracked 
| 493|0x000000009ed00000, 0x000000009ed00000, 0x000000009ee00000|  0%| F|  |TAMS 0x000000009ed00000, 0x000000009ed00000| Untracked 
| 494|0x000000009ee00000, 0x000000009ee00000, 0x000000009ef00000|  0%| F|  |TAMS 0x000000009ee00000, 0x000000009ee00000| Untracked 
| 495|0x000000009ef00000, 0x000000009ef00000, 0x000000009f000000|  0%| F|  |TAMS 0x000000009ef00000, 0x000000009ef00000| Untracked 
| 496|0x000000009f000000, 0x000000009f000000, 0x000000009f100000|  0%| F|  |TAMS 0x000000009f000000, 0x000000009f000000| Untracked 
| 497|0x000000009f100000, 0x000000009f100000, 0x000000009f200000|  0%| F|  |TAMS 0x000000009f100000, 0x000000009f100000| Untracked 
| 498|0x000000009f200000, 0x000000009f200000, 0x000000009f300000|  0%| F|  |TAMS 0x000000009f200000, 0x000000009f200000| Untracked 
| 499|0x000000009f300000, 0x000000009f300000, 0x000000009f400000|  0%| F|  |TAMS 0x000000009f300000, 0x000000009f300000| Untracked 
| 500|0x000000009f400000, 0x000000009f400000, 0x000000009f500000|  0%| F|  |TAMS 0x000000009f400000, 0x000000009f400000| Untracked 
| 501|0x000000009f500000, 0x000000009f500000, 0x000000009f600000|  0%| F|  |TAMS 0x000000009f500000, 0x000000009f500000| Untracked 
| 502|0x000000009f600000, 0x000000009f600000, 0x000000009f700000|  0%| F|  |TAMS 0x000000009f600000, 0x000000009f600000| Untracked 
| 503|0x000000009f700000, 0x000000009f700000, 0x000000009f800000|  0%| F|  |TAMS 0x000000009f700000, 0x000000009f700000| Untracked 
| 504|0x000000009f800000, 0x000000009f800000, 0x000000009f900000|  0%| F|  |TAMS 0x000000009f800000, 0x000000009f800000| Untracked 
| 505|0x000000009f900000, 0x000000009f900000, 0x000000009fa00000|  0%| F|  |TAMS 0x000000009f900000, 0x000000009f900000| Untracked 
| 506|0x000000009fa00000, 0x000000009fa00000, 0x000000009fb00000|  0%| F|  |TAMS 0x000000009fa00000, 0x000000009fa00000| Untracked 
| 507|0x000000009fb00000, 0x000000009fb00000, 0x000000009fc00000|  0%| F|  |TAMS 0x000000009fb00000, 0x000000009fb00000| Untracked 
| 508|0x000000009fc00000, 0x000000009fc00000, 0x000000009fd00000|  0%| F|  |TAMS 0x000000009fc00000, 0x000000009fc00000| Untracked 
| 509|0x000000009fd00000, 0x000000009fd00000, 0x000000009fe00000|  0%| F|  |TAMS 0x000000009fd00000, 0x000000009fd00000| Untracked 
| 510|0x000000009fe00000, 0x000000009fe00000, 0x000000009ff00000|  0%| F|  |TAMS 0x000000009fe00000, 0x000000009fe00000| Untracked 
| 511|0x000000009ff00000, 0x000000009ff00000, 0x00000000a0000000|  0%| F|  |TAMS 0x000000009ff00000, 0x000000009ff00000| Untracked 
| 512|0x00000000a0000000, 0x00000000a0000000, 0x00000000a0100000|  0%| F|  |TAMS 0x00000000a0000000, 0x00000000a0000000| Untracked 
| 513|0x00000000a0100000, 0x00000000a0100000, 0x00000000a0200000|  0%| F|  |TAMS 0x00000000a0100000, 0x00000000a0100000| Untracked 
| 514|0x00000000a0200000, 0x00000000a0200000, 0x00000000a0300000|  0%| F|  |TAMS 0x00000000a0200000, 0x00000000a0200000| Untracked 
| 515|0x00000000a0300000, 0x00000000a0300000, 0x00000000a0400000|  0%| F|  |TAMS 0x00000000a0300000, 0x00000000a0300000| Untracked 
| 516|0x00000000a0400000, 0x00000000a0400000, 0x00000000a0500000|  0%| F|  |TAMS 0x00000000a0400000, 0x00000000a0400000| Untracked 
| 517|0x00000000a0500000, 0x00000000a0500000, 0x00000000a0600000|  0%| F|  |TAMS 0x00000000a0500000, 0x00000000a0500000| Untracked 
| 518|0x00000000a0600000, 0x00000000a0600000, 0x00000000a0700000|  0%| F|  |TAMS 0x00000000a0600000, 0x00000000a0600000| Untracked 
| 519|0x00000000a0700000, 0x00000000a0700000, 0x00000000a0800000|  0%| F|  |TAMS 0x00000000a0700000, 0x00000000a0700000| Untracked 
| 520|0x00000000a0800000, 0x00000000a0800000, 0x00000000a0900000|  0%| F|  |TAMS 0x00000000a0800000, 0x00000000a0800000| Untracked 
| 521|0x00000000a0900000, 0x00000000a0900000, 0x00000000a0a00000|  0%| F|  |TAMS 0x00000000a0900000, 0x00000000a0900000| Untracked 
| 522|0x00000000a0a00000, 0x00000000a0a00000, 0x00000000a0b00000|  0%| F|  |TAMS 0x00000000a0a00000, 0x00000000a0a00000| Untracked 
| 523|0x00000000a0b00000, 0x00000000a0b00000, 0x00000000a0c00000|  0%| F|  |TAMS 0x00000000a0b00000, 0x00000000a0b00000| Untracked 
| 524|0x00000000a0c00000, 0x00000000a0c00000, 0x00000000a0d00000|  0%| F|  |TAMS 0x00000000a0c00000, 0x00000000a0c00000| Untracked 
| 525|0x00000000a0d00000, 0x00000000a0d00000, 0x00000000a0e00000|  0%| F|  |TAMS 0x00000000a0d00000, 0x00000000a0d00000| Untracked 
| 526|0x00000000a0e00000, 0x00000000a0e00000, 0x00000000a0f00000|  0%| F|  |TAMS 0x00000000a0e00000, 0x00000000a0e00000| Untracked 
| 527|0x00000000a0f00000, 0x00000000a0f00000, 0x00000000a1000000|  0%| F|  |TAMS 0x00000000a0f00000, 0x00000000a0f00000| Untracked 
| 528|0x00000000a1000000, 0x00000000a1000000, 0x00000000a1100000|  0%| F|  |TAMS 0x00000000a1000000, 0x00000000a1000000| Untracked 
| 529|0x00000000a1100000, 0x00000000a1100000, 0x00000000a1200000|  0%| F|  |TAMS 0x00000000a1100000, 0x00000000a1100000| Untracked 
| 530|0x00000000a1200000, 0x00000000a1200000, 0x00000000a1300000|  0%| F|  |TAMS 0x00000000a1200000, 0x00000000a1200000| Untracked 
| 531|0x00000000a1300000, 0x00000000a1300000, 0x00000000a1400000|  0%| F|  |TAMS 0x00000000a1300000, 0x00000000a1300000| Untracked 
| 532|0x00000000a1400000, 0x00000000a1400000, 0x00000000a1500000|  0%| F|  |TAMS 0x00000000a1400000, 0x00000000a1400000| Untracked 
| 533|0x00000000a1500000, 0x00000000a1500000, 0x00000000a1600000|  0%| F|  |TAMS 0x00000000a1500000, 0x00000000a1500000| Untracked 
| 534|0x00000000a1600000, 0x00000000a1600000, 0x00000000a1700000|  0%| F|  |TAMS 0x00000000a1600000, 0x00000000a1600000| Untracked 
| 535|0x00000000a1700000, 0x00000000a1700000, 0x00000000a1800000|  0%| F|  |TAMS 0x00000000a1700000, 0x00000000a1700000| Untracked 
| 536|0x00000000a1800000, 0x00000000a1800000, 0x00000000a1900000|  0%| F|  |TAMS 0x00000000a1800000, 0x00000000a1800000| Untracked 
| 537|0x00000000a1900000, 0x00000000a1900000, 0x00000000a1a00000|  0%| F|  |TAMS 0x00000000a1900000, 0x00000000a1900000| Untracked 
| 538|0x00000000a1a00000, 0x00000000a1a00000, 0x00000000a1b00000|  0%| F|  |TAMS 0x00000000a1a00000, 0x00000000a1a00000| Untracked 
| 539|0x00000000a1b00000, 0x00000000a1b00000, 0x00000000a1c00000|  0%| F|  |TAMS 0x00000000a1b00000, 0x00000000a1b00000| Untracked 
| 540|0x00000000a1c00000, 0x00000000a1c00000, 0x00000000a1d00000|  0%| F|  |TAMS 0x00000000a1c00000, 0x00000000a1c00000| Untracked 
| 541|0x00000000a1d00000, 0x00000000a1d00000, 0x00000000a1e00000|  0%| F|  |TAMS 0x00000000a1d00000, 0x00000000a1d00000| Untracked 
| 542|0x00000000a1e00000, 0x00000000a1e00000, 0x00000000a1f00000|  0%| F|  |TAMS 0x00000000a1e00000, 0x00000000a1e00000| Untracked 
| 543|0x00000000a1f00000, 0x00000000a1f00000, 0x00000000a2000000|  0%| F|  |TAMS 0x00000000a1f00000, 0x00000000a1f00000| Untracked 
| 544|0x00000000a2000000, 0x00000000a2000000, 0x00000000a2100000|  0%| F|  |TAMS 0x00000000a2000000, 0x00000000a2000000| Untracked 
| 545|0x00000000a2100000, 0x00000000a2100000, 0x00000000a2200000|  0%| F|  |TAMS 0x00000000a2100000, 0x00000000a2100000| Untracked 
| 546|0x00000000a2200000, 0x00000000a2200000, 0x00000000a2300000|  0%| F|  |TAMS 0x00000000a2200000, 0x00000000a2200000| Untracked 
| 547|0x00000000a2300000, 0x00000000a2300000, 0x00000000a2400000|  0%| F|  |TAMS 0x00000000a2300000, 0x00000000a2300000| Untracked 
| 548|0x00000000a2400000, 0x00000000a2400000, 0x00000000a2500000|  0%| F|  |TAMS 0x00000000a2400000, 0x00000000a2400000| Untracked 
| 549|0x00000000a2500000, 0x00000000a2500000, 0x00000000a2600000|  0%| F|  |TAMS 0x00000000a2500000, 0x00000000a2500000| Untracked 
| 550|0x00000000a2600000, 0x00000000a2600000, 0x00000000a2700000|  0%| F|  |TAMS 0x00000000a2600000, 0x00000000a2600000| Untracked 
| 551|0x00000000a2700000, 0x00000000a2700000, 0x00000000a2800000|  0%| F|  |TAMS 0x00000000a2700000, 0x00000000a2700000| Untracked 
| 552|0x00000000a2800000, 0x00000000a2800000, 0x00000000a2900000|  0%| F|  |TAMS 0x00000000a2800000, 0x00000000a2800000| Untracked 
| 553|0x00000000a2900000, 0x00000000a2900000, 0x00000000a2a00000|  0%| F|  |TAMS 0x00000000a2900000, 0x00000000a2900000| Untracked 
| 554|0x00000000a2a00000, 0x00000000a2a00000, 0x00000000a2b00000|  0%| F|  |TAMS 0x00000000a2a00000, 0x00000000a2a00000| Untracked 
| 555|0x00000000a2b00000, 0x00000000a2b00000, 0x00000000a2c00000|  0%| F|  |TAMS 0x00000000a2b00000, 0x00000000a2b00000| Untracked 
| 556|0x00000000a2c00000, 0x00000000a2c00000, 0x00000000a2d00000|  0%| F|  |TAMS 0x00000000a2c00000, 0x00000000a2c00000| Untracked 
| 557|0x00000000a2d00000, 0x00000000a2d00000, 0x00000000a2e00000|  0%| F|  |TAMS 0x00000000a2d00000, 0x00000000a2d00000| Untracked 
| 558|0x00000000a2e00000, 0x00000000a2e00000, 0x00000000a2f00000|  0%| F|  |TAMS 0x00000000a2e00000, 0x00000000a2e00000| Untracked 
| 559|0x00000000a2f00000, 0x00000000a2f00000, 0x00000000a3000000|  0%| F|  |TAMS 0x00000000a2f00000, 0x00000000a2f00000| Untracked 
| 560|0x00000000a3000000, 0x00000000a3000000, 0x00000000a3100000|  0%| F|  |TAMS 0x00000000a3000000, 0x00000000a3000000| Untracked 
| 561|0x00000000a3100000, 0x00000000a3100000, 0x00000000a3200000|  0%| F|  |TAMS 0x00000000a3100000, 0x00000000a3100000| Untracked 
| 562|0x00000000a3200000, 0x00000000a3200000, 0x00000000a3300000|  0%| F|  |TAMS 0x00000000a3200000, 0x00000000a3200000| Untracked 
| 563|0x00000000a3300000, 0x00000000a3300000, 0x00000000a3400000|  0%| F|  |TAMS 0x00000000a3300000, 0x00000000a3300000| Untracked 
| 564|0x00000000a3400000, 0x00000000a3400000, 0x00000000a3500000|  0%| F|  |TAMS 0x00000000a3400000, 0x00000000a3400000| Untracked 
| 565|0x00000000a3500000, 0x00000000a3500000, 0x00000000a3600000|  0%| F|  |TAMS 0x00000000a3500000, 0x00000000a3500000| Untracked 
| 566|0x00000000a3600000, 0x00000000a3600000, 0x00000000a3700000|  0%| F|  |TAMS 0x00000000a3600000, 0x00000000a3600000| Untracked 
| 567|0x00000000a3700000, 0x00000000a3700000, 0x00000000a3800000|  0%| F|  |TAMS 0x00000000a3700000, 0x00000000a3700000| Untracked 
| 568|0x00000000a3800000, 0x00000000a3800000, 0x00000000a3900000|  0%| F|  |TAMS 0x00000000a3800000, 0x00000000a3800000| Untracked 
| 569|0x00000000a3900000, 0x00000000a3900000, 0x00000000a3a00000|  0%| F|  |TAMS 0x00000000a3900000, 0x00000000a3900000| Untracked 
| 570|0x00000000a3a00000, 0x00000000a3a00000, 0x00000000a3b00000|  0%| F|  |TAMS 0x00000000a3a00000, 0x00000000a3a00000| Untracked 
| 571|0x00000000a3b00000, 0x00000000a3b00000, 0x00000000a3c00000|  0%| F|  |TAMS 0x00000000a3b00000, 0x00000000a3b00000| Untracked 
| 572|0x00000000a3c00000, 0x00000000a3c00000, 0x00000000a3d00000|  0%| F|  |TAMS 0x00000000a3c00000, 0x00000000a3c00000| Untracked 
| 573|0x00000000a3d00000, 0x00000000a3d00000, 0x00000000a3e00000|  0%| F|  |TAMS 0x00000000a3d00000, 0x00000000a3d00000| Untracked 
| 574|0x00000000a3e00000, 0x00000000a3e00000, 0x00000000a3f00000|  0%| F|  |TAMS 0x00000000a3e00000, 0x00000000a3e00000| Untracked 
| 575|0x00000000a3f00000, 0x00000000a3f00000, 0x00000000a4000000|  0%| F|  |TAMS 0x00000000a3f00000, 0x00000000a3f00000| Untracked 
| 576|0x00000000a4000000, 0x00000000a4000000, 0x00000000a4100000|  0%| F|  |TAMS 0x00000000a4000000, 0x00000000a4000000| Untracked 
| 577|0x00000000a4100000, 0x00000000a4100000, 0x00000000a4200000|  0%| F|  |TAMS 0x00000000a4100000, 0x00000000a4100000| Untracked 
| 578|0x00000000a4200000, 0x00000000a4200000, 0x00000000a4300000|  0%| F|  |TAMS 0x00000000a4200000, 0x00000000a4200000| Untracked 
| 579|0x00000000a4300000, 0x00000000a4300000, 0x00000000a4400000|  0%| F|  |TAMS 0x00000000a4300000, 0x00000000a4300000| Untracked 
| 580|0x00000000a4400000, 0x00000000a4400000, 0x00000000a4500000|  0%| F|  |TAMS 0x00000000a4400000, 0x00000000a4400000| Untracked 
| 581|0x00000000a4500000, 0x00000000a4500000, 0x00000000a4600000|  0%| F|  |TAMS 0x00000000a4500000, 0x00000000a4500000| Untracked 
| 582|0x00000000a4600000, 0x00000000a4600000, 0x00000000a4700000|  0%| F|  |TAMS 0x00000000a4600000, 0x00000000a4600000| Untracked 
| 583|0x00000000a4700000, 0x00000000a4700000, 0x00000000a4800000|  0%| F|  |TAMS 0x00000000a4700000, 0x00000000a4700000| Untracked 
| 584|0x00000000a4800000, 0x00000000a4800000, 0x00000000a4900000|  0%| F|  |TAMS 0x00000000a4800000, 0x00000000a4800000| Untracked 
| 585|0x00000000a4900000, 0x00000000a4900000, 0x00000000a4a00000|  0%| F|  |TAMS 0x00000000a4900000, 0x00000000a4900000| Untracked 
| 586|0x00000000a4a00000, 0x00000000a4a00000, 0x00000000a4b00000|  0%| F|  |TAMS 0x00000000a4a00000, 0x00000000a4a00000| Untracked 
| 587|0x00000000a4b00000, 0x00000000a4b00000, 0x00000000a4c00000|  0%| F|  |TAMS 0x00000000a4b00000, 0x00000000a4b00000| Untracked 
| 588|0x00000000a4c00000, 0x00000000a4c00000, 0x00000000a4d00000|  0%| F|  |TAMS 0x00000000a4c00000, 0x00000000a4c00000| Untracked 
| 589|0x00000000a4d00000, 0x00000000a4d00000, 0x00000000a4e00000|  0%| F|  |TAMS 0x00000000a4d00000, 0x00000000a4d00000| Untracked 
| 590|0x00000000a4e00000, 0x00000000a4e00000, 0x00000000a4f00000|  0%| F|  |TAMS 0x00000000a4e00000, 0x00000000a4e00000| Untracked 
| 591|0x00000000a4f00000, 0x00000000a4f00000, 0x00000000a5000000|  0%| F|  |TAMS 0x00000000a4f00000, 0x00000000a4f00000| Untracked 
| 592|0x00000000a5000000, 0x00000000a5000000, 0x00000000a5100000|  0%| F|  |TAMS 0x00000000a5000000, 0x00000000a5000000| Untracked 
| 593|0x00000000a5100000, 0x00000000a5100000, 0x00000000a5200000|  0%| F|  |TAMS 0x00000000a5100000, 0x00000000a5100000| Untracked 
| 594|0x00000000a5200000, 0x00000000a5200000, 0x00000000a5300000|  0%| F|  |TAMS 0x00000000a5200000, 0x00000000a5200000| Untracked 
| 595|0x00000000a5300000, 0x00000000a5300000, 0x00000000a5400000|  0%| F|  |TAMS 0x00000000a5300000, 0x00000000a5300000| Untracked 
| 596|0x00000000a5400000, 0x00000000a5400000, 0x00000000a5500000|  0%| F|  |TAMS 0x00000000a5400000, 0x00000000a5400000| Untracked 
| 597|0x00000000a5500000, 0x00000000a5500000, 0x00000000a5600000|  0%| F|  |TAMS 0x00000000a5500000, 0x00000000a5500000| Untracked 
| 598|0x00000000a5600000, 0x00000000a5600000, 0x00000000a5700000|  0%| F|  |TAMS 0x00000000a5600000, 0x00000000a5600000| Untracked 
| 599|0x00000000a5700000, 0x00000000a5700000, 0x00000000a5800000|  0%| F|  |TAMS 0x00000000a5700000, 0x00000000a5700000| Untracked 
| 600|0x00000000a5800000, 0x00000000a5800000, 0x00000000a5900000|  0%| F|  |TAMS 0x00000000a5800000, 0x00000000a5800000| Untracked 
| 601|0x00000000a5900000, 0x00000000a5900000, 0x00000000a5a00000|  0%| F|  |TAMS 0x00000000a5900000, 0x00000000a5900000| Untracked 
| 602|0x00000000a5a00000, 0x00000000a5a00000, 0x00000000a5b00000|  0%| F|  |TAMS 0x00000000a5a00000, 0x00000000a5a00000| Untracked 
| 603|0x00000000a5b00000, 0x00000000a5b00000, 0x00000000a5c00000|  0%| F|  |TAMS 0x00000000a5b00000, 0x00000000a5b00000| Untracked 
| 604|0x00000000a5c00000, 0x00000000a5c00000, 0x00000000a5d00000|  0%| F|  |TAMS 0x00000000a5c00000, 0x00000000a5c00000| Untracked 
| 605|0x00000000a5d00000, 0x00000000a5d00000, 0x00000000a5e00000|  0%| F|  |TAMS 0x00000000a5d00000, 0x00000000a5d00000| Untracked 
| 606|0x00000000a5e00000, 0x00000000a5e00000, 0x00000000a5f00000|  0%| F|  |TAMS 0x00000000a5e00000, 0x00000000a5e00000| Untracked 
| 607|0x00000000a5f00000, 0x00000000a5f00000, 0x00000000a6000000|  0%| F|  |TAMS 0x00000000a5f00000, 0x00000000a5f00000| Untracked 
| 608|0x00000000a6000000, 0x00000000a6000000, 0x00000000a6100000|  0%| F|  |TAMS 0x00000000a6000000, 0x00000000a6000000| Untracked 
| 609|0x00000000a6100000, 0x00000000a6100000, 0x00000000a6200000|  0%| F|  |TAMS 0x00000000a6100000, 0x00000000a6100000| Untracked 
| 610|0x00000000a6200000, 0x00000000a6200000, 0x00000000a6300000|  0%| F|  |TAMS 0x00000000a6200000, 0x00000000a6200000| Untracked 
| 611|0x00000000a6300000, 0x00000000a6300000, 0x00000000a6400000|  0%| F|  |TAMS 0x00000000a6300000, 0x00000000a6300000| Untracked 
| 612|0x00000000a6400000, 0x00000000a6400000, 0x00000000a6500000|  0%| F|  |TAMS 0x00000000a6400000, 0x00000000a6400000| Untracked 
| 613|0x00000000a6500000, 0x00000000a6580000, 0x00000000a6600000| 50%| S|CS|TAMS 0x00000000a6500000, 0x00000000a6500000| Complete 
| 614|0x00000000a6600000, 0x00000000a6700000, 0x00000000a6700000|100%| S|CS|TAMS 0x00000000a6600000, 0x00000000a6600000| Complete 
| 615|0x00000000a6700000, 0x00000000a6800000, 0x00000000a6800000|100%| S|CS|TAMS 0x00000000a6700000, 0x00000000a6700000| Complete 
| 616|0x00000000a6800000, 0x00000000a6900000, 0x00000000a6900000|100%| S|CS|TAMS 0x00000000a6800000, 0x00000000a6800000| Complete 
| 617|0x00000000a6900000, 0x00000000a6a00000, 0x00000000a6a00000|100%| S|CS|TAMS 0x00000000a6900000, 0x00000000a6900000| Complete 
| 618|0x00000000a6a00000, 0x00000000a6b00000, 0x00000000a6b00000|100%| S|CS|TAMS 0x00000000a6a00000, 0x00000000a6a00000| Complete 
| 619|0x00000000a6b00000, 0x00000000a6c00000, 0x00000000a6c00000|100%| S|CS|TAMS 0x00000000a6b00000, 0x00000000a6b00000| Complete 
| 620|0x00000000a6c00000, 0x00000000a6d00000, 0x00000000a6d00000|100%| S|CS|TAMS 0x00000000a6c00000, 0x00000000a6c00000| Complete 
| 621|0x00000000a6d00000, 0x00000000a6e00000, 0x00000000a6e00000|100%| S|CS|TAMS 0x00000000a6d00000, 0x00000000a6d00000| Complete 
| 622|0x00000000a6e00000, 0x00000000a6f00000, 0x00000000a6f00000|100%| S|CS|TAMS 0x00000000a6e00000, 0x00000000a6e00000| Complete 
| 623|0x00000000a6f00000, 0x00000000a7000000, 0x00000000a7000000|100%| S|CS|TAMS 0x00000000a6f00000, 0x00000000a6f00000| Complete 
| 624|0x00000000a7000000, 0x00000000a7100000, 0x00000000a7100000|100%| S|CS|TAMS 0x00000000a7000000, 0x00000000a7000000| Complete 
| 625|0x00000000a7100000, 0x00000000a7200000, 0x00000000a7200000|100%| S|CS|TAMS 0x00000000a7100000, 0x00000000a7100000| Complete 
| 626|0x00000000a7200000, 0x00000000a7300000, 0x00000000a7300000|100%| S|CS|TAMS 0x00000000a7200000, 0x00000000a7200000| Complete 
| 627|0x00000000a7300000, 0x00000000a7400000, 0x00000000a7400000|100%| S|CS|TAMS 0x00000000a7300000, 0x00000000a7300000| Complete 
| 628|0x00000000a7400000, 0x00000000a7500000, 0x00000000a7500000|100%| S|CS|TAMS 0x00000000a7400000, 0x00000000a7400000| Complete 
| 629|0x00000000a7500000, 0x00000000a7600000, 0x00000000a7600000|100%| S|CS|TAMS 0x00000000a7500000, 0x00000000a7500000| Complete 
| 630|0x00000000a7600000, 0x00000000a7600000, 0x00000000a7700000|  0%| F|  |TAMS 0x00000000a7600000, 0x00000000a7600000| Untracked 
| 631|0x00000000a7700000, 0x00000000a7700000, 0x00000000a7800000|  0%| F|  |TAMS 0x00000000a7700000, 0x00000000a7700000| Untracked 
| 632|0x00000000a7800000, 0x00000000a7800000, 0x00000000a7900000|  0%| F|  |TAMS 0x00000000a7800000, 0x00000000a7800000| Untracked 
| 633|0x00000000a7900000, 0x00000000a7900000, 0x00000000a7a00000|  0%| F|  |TAMS 0x00000000a7900000, 0x00000000a7900000| Untracked 
| 634|0x00000000a7a00000, 0x00000000a7a00000, 0x00000000a7b00000|  0%| F|  |TAMS 0x00000000a7a00000, 0x00000000a7a00000| Untracked 
| 635|0x00000000a7b00000, 0x00000000a7b00000, 0x00000000a7c00000|  0%| F|  |TAMS 0x00000000a7b00000, 0x00000000a7b00000| Untracked 
| 636|0x00000000a7c00000, 0x00000000a7c00000, 0x00000000a7d00000|  0%| F|  |TAMS 0x00000000a7c00000, 0x00000000a7c00000| Untracked 
| 637|0x00000000a7d00000, 0x00000000a7d00000, 0x00000000a7e00000|  0%| F|  |TAMS 0x00000000a7d00000, 0x00000000a7d00000| Untracked 
| 638|0x00000000a7e00000, 0x00000000a7e00000, 0x00000000a7f00000|  0%| F|  |TAMS 0x00000000a7e00000, 0x00000000a7e00000| Untracked 
| 639|0x00000000a7f00000, 0x00000000a7f00000, 0x00000000a8000000|  0%| F|  |TAMS 0x00000000a7f00000, 0x00000000a7f00000| Untracked 
| 640|0x00000000a8000000, 0x00000000a8000000, 0x00000000a8100000|  0%| F|  |TAMS 0x00000000a8000000, 0x00000000a8000000| Untracked 
| 641|0x00000000a8100000, 0x00000000a8100000, 0x00000000a8200000|  0%| F|  |TAMS 0x00000000a8100000, 0x00000000a8100000| Untracked 
| 642|0x00000000a8200000, 0x00000000a8200000, 0x00000000a8300000|  0%| F|  |TAMS 0x00000000a8200000, 0x00000000a8200000| Untracked 
| 643|0x00000000a8300000, 0x00000000a8300000, 0x00000000a8400000|  0%| F|  |TAMS 0x00000000a8300000, 0x00000000a8300000| Untracked 
| 644|0x00000000a8400000, 0x00000000a8400000, 0x00000000a8500000|  0%| F|  |TAMS 0x00000000a8400000, 0x00000000a8400000| Untracked 
| 645|0x00000000a8500000, 0x00000000a8500000, 0x00000000a8600000|  0%| F|  |TAMS 0x00000000a8500000, 0x00000000a8500000| Untracked 
| 646|0x00000000a8600000, 0x00000000a8600000, 0x00000000a8700000|  0%| F|  |TAMS 0x00000000a8600000, 0x00000000a8600000| Untracked 
| 647|0x00000000a8700000, 0x00000000a8700000, 0x00000000a8800000|  0%| F|  |TAMS 0x00000000a8700000, 0x00000000a8700000| Untracked 
| 648|0x00000000a8800000, 0x00000000a8800000, 0x00000000a8900000|  0%| F|  |TAMS 0x00000000a8800000, 0x00000000a8800000| Untracked 
| 649|0x00000000a8900000, 0x00000000a8900000, 0x00000000a8a00000|  0%| F|  |TAMS 0x00000000a8900000, 0x00000000a8900000| Untracked 
| 650|0x00000000a8a00000, 0x00000000a8a00000, 0x00000000a8b00000|  0%| F|  |TAMS 0x00000000a8a00000, 0x00000000a8a00000| Untracked 
| 651|0x00000000a8b00000, 0x00000000a8b00000, 0x00000000a8c00000|  0%| F|  |TAMS 0x00000000a8b00000, 0x00000000a8b00000| Untracked 
| 652|0x00000000a8c00000, 0x00000000a8c00000, 0x00000000a8d00000|  0%| F|  |TAMS 0x00000000a8c00000, 0x00000000a8c00000| Untracked 
| 653|0x00000000a8d00000, 0x00000000a8d00000, 0x00000000a8e00000|  0%| F|  |TAMS 0x00000000a8d00000, 0x00000000a8d00000| Untracked 
| 654|0x00000000a8e00000, 0x00000000a8e00000, 0x00000000a8f00000|  0%| F|  |TAMS 0x00000000a8e00000, 0x00000000a8e00000| Untracked 
| 655|0x00000000a8f00000, 0x00000000a8f00000, 0x00000000a9000000|  0%| F|  |TAMS 0x00000000a8f00000, 0x00000000a8f00000| Untracked 
| 656|0x00000000a9000000, 0x00000000a9000000, 0x00000000a9100000|  0%| F|  |TAMS 0x00000000a9000000, 0x00000000a9000000| Untracked 
| 657|0x00000000a9100000, 0x00000000a9100000, 0x00000000a9200000|  0%| F|  |TAMS 0x00000000a9100000, 0x00000000a9100000| Untracked 
| 658|0x00000000a9200000, 0x00000000a9200000, 0x00000000a9300000|  0%| F|  |TAMS 0x00000000a9200000, 0x00000000a9200000| Untracked 
| 659|0x00000000a9300000, 0x00000000a9300000, 0x00000000a9400000|  0%| F|  |TAMS 0x00000000a9300000, 0x00000000a9300000| Untracked 
| 660|0x00000000a9400000, 0x00000000a9400000, 0x00000000a9500000|  0%| F|  |TAMS 0x00000000a9400000, 0x00000000a9400000| Untracked 
| 661|0x00000000a9500000, 0x00000000a9500000, 0x00000000a9600000|  0%| F|  |TAMS 0x00000000a9500000, 0x00000000a9500000| Untracked 
| 662|0x00000000a9600000, 0x00000000a9600000, 0x00000000a9700000|  0%| F|  |TAMS 0x00000000a9600000, 0x00000000a9600000| Untracked 
| 663|0x00000000a9700000, 0x00000000a9700000, 0x00000000a9800000|  0%| F|  |TAMS 0x00000000a9700000, 0x00000000a9700000| Untracked 
| 664|0x00000000a9800000, 0x00000000a9800000, 0x00000000a9900000|  0%| F|  |TAMS 0x00000000a9800000, 0x00000000a9800000| Untracked 
| 665|0x00000000a9900000, 0x00000000a9900000, 0x00000000a9a00000|  0%| F|  |TAMS 0x00000000a9900000, 0x00000000a9900000| Untracked 
| 666|0x00000000a9a00000, 0x00000000a9a00000, 0x00000000a9b00000|  0%| F|  |TAMS 0x00000000a9a00000, 0x00000000a9a00000| Untracked 
| 667|0x00000000a9b00000, 0x00000000a9b00000, 0x00000000a9c00000|  0%| F|  |TAMS 0x00000000a9b00000, 0x00000000a9b00000| Untracked 
| 668|0x00000000a9c00000, 0x00000000a9c00000, 0x00000000a9d00000|  0%| F|  |TAMS 0x00000000a9c00000, 0x00000000a9c00000| Untracked 
| 669|0x00000000a9d00000, 0x00000000a9d00000, 0x00000000a9e00000|  0%| F|  |TAMS 0x00000000a9d00000, 0x00000000a9d00000| Untracked 
| 670|0x00000000a9e00000, 0x00000000a9e00000, 0x00000000a9f00000|  0%| F|  |TAMS 0x00000000a9e00000, 0x00000000a9e00000| Untracked 
| 671|0x00000000a9f00000, 0x00000000a9f00000, 0x00000000aa000000|  0%| F|  |TAMS 0x00000000a9f00000, 0x00000000a9f00000| Untracked 
| 672|0x00000000aa000000, 0x00000000aa000000, 0x00000000aa100000|  0%| F|  |TAMS 0x00000000aa000000, 0x00000000aa000000| Untracked 
| 673|0x00000000aa100000, 0x00000000aa100000, 0x00000000aa200000|  0%| F|  |TAMS 0x00000000aa100000, 0x00000000aa100000| Untracked 
| 674|0x00000000aa200000, 0x00000000aa200000, 0x00000000aa300000|  0%| F|  |TAMS 0x00000000aa200000, 0x00000000aa200000| Untracked 
| 675|0x00000000aa300000, 0x00000000aa300000, 0x00000000aa400000|  0%| F|  |TAMS 0x00000000aa300000, 0x00000000aa300000| Untracked 
| 676|0x00000000aa400000, 0x00000000aa400000, 0x00000000aa500000|  0%| F|  |TAMS 0x00000000aa400000, 0x00000000aa400000| Untracked 
| 677|0x00000000aa500000, 0x00000000aa500000, 0x00000000aa600000|  0%| F|  |TAMS 0x00000000aa500000, 0x00000000aa500000| Untracked 
| 678|0x00000000aa600000, 0x00000000aa600000, 0x00000000aa700000|  0%| F|  |TAMS 0x00000000aa600000, 0x00000000aa600000| Untracked 
| 679|0x00000000aa700000, 0x00000000aa700000, 0x00000000aa800000|  0%| F|  |TAMS 0x00000000aa700000, 0x00000000aa700000| Untracked 
| 680|0x00000000aa800000, 0x00000000aa800000, 0x00000000aa900000|  0%| F|  |TAMS 0x00000000aa800000, 0x00000000aa800000| Untracked 
| 681|0x00000000aa900000, 0x00000000aa900000, 0x00000000aaa00000|  0%| F|  |TAMS 0x00000000aa900000, 0x00000000aa900000| Untracked 
| 682|0x00000000aaa00000, 0x00000000aaa00000, 0x00000000aab00000|  0%| F|  |TAMS 0x00000000aaa00000, 0x00000000aaa00000| Untracked 
| 683|0x00000000aab00000, 0x00000000aab00000, 0x00000000aac00000|  0%| F|  |TAMS 0x00000000aab00000, 0x00000000aab00000| Untracked 
| 684|0x00000000aac00000, 0x00000000aac00000, 0x00000000aad00000|  0%| F|  |TAMS 0x00000000aac00000, 0x00000000aac00000| Untracked 
| 685|0x00000000aad00000, 0x00000000aad00000, 0x00000000aae00000|  0%| F|  |TAMS 0x00000000aad00000, 0x00000000aad00000| Untracked 
| 686|0x00000000aae00000, 0x00000000aae00000, 0x00000000aaf00000|  0%| F|  |TAMS 0x00000000aae00000, 0x00000000aae00000| Untracked 
| 687|0x00000000aaf00000, 0x00000000aaf00000, 0x00000000ab000000|  0%| F|  |TAMS 0x00000000aaf00000, 0x00000000aaf00000| Untracked 
| 688|0x00000000ab000000, 0x00000000ab000000, 0x00000000ab100000|  0%| F|  |TAMS 0x00000000ab000000, 0x00000000ab000000| Untracked 
| 689|0x00000000ab100000, 0x00000000ab100000, 0x00000000ab200000|  0%| F|  |TAMS 0x00000000ab100000, 0x00000000ab100000| Untracked 
| 690|0x00000000ab200000, 0x00000000ab200000, 0x00000000ab300000|  0%| F|  |TAMS 0x00000000ab200000, 0x00000000ab200000| Untracked 
| 691|0x00000000ab300000, 0x00000000ab300000, 0x00000000ab400000|  0%| F|  |TAMS 0x00000000ab300000, 0x00000000ab300000| Untracked 
| 692|0x00000000ab400000, 0x00000000ab400000, 0x00000000ab500000|  0%| F|  |TAMS 0x00000000ab400000, 0x00000000ab400000| Untracked 
| 693|0x00000000ab500000, 0x00000000ab500000, 0x00000000ab600000|  0%| F|  |TAMS 0x00000000ab500000, 0x00000000ab500000| Untracked 
| 694|0x00000000ab600000, 0x00000000ab600000, 0x00000000ab700000|  0%| F|  |TAMS 0x00000000ab600000, 0x00000000ab600000| Untracked 
| 695|0x00000000ab700000, 0x00000000ab700000, 0x00000000ab800000|  0%| F|  |TAMS 0x00000000ab700000, 0x00000000ab700000| Untracked 
| 696|0x00000000ab800000, 0x00000000ab800000, 0x00000000ab900000|  0%| F|  |TAMS 0x00000000ab800000, 0x00000000ab800000| Untracked 
| 697|0x00000000ab900000, 0x00000000ab900000, 0x00000000aba00000|  0%| F|  |TAMS 0x00000000ab900000, 0x00000000ab900000| Untracked 
| 698|0x00000000aba00000, 0x00000000aba00000, 0x00000000abb00000|  0%| F|  |TAMS 0x00000000aba00000, 0x00000000aba00000| Untracked 
| 699|0x00000000abb00000, 0x00000000abb00000, 0x00000000abc00000|  0%| F|  |TAMS 0x00000000abb00000, 0x00000000abb00000| Untracked 
| 700|0x00000000abc00000, 0x00000000abc00000, 0x00000000abd00000|  0%| F|  |TAMS 0x00000000abc00000, 0x00000000abc00000| Untracked 
| 701|0x00000000abd00000, 0x00000000abd00000, 0x00000000abe00000|  0%| F|  |TAMS 0x00000000abd00000, 0x00000000abd00000| Untracked 
| 702|0x00000000abe00000, 0x00000000abe00000, 0x00000000abf00000|  0%| F|  |TAMS 0x00000000abe00000, 0x00000000abe00000| Untracked 
| 703|0x00000000abf00000, 0x00000000abf00000, 0x00000000ac000000|  0%| F|  |TAMS 0x00000000abf00000, 0x00000000abf00000| Untracked 
| 704|0x00000000ac000000, 0x00000000ac000000, 0x00000000ac100000|  0%| F|  |TAMS 0x00000000ac000000, 0x00000000ac000000| Untracked 
| 705|0x00000000ac100000, 0x00000000ac100000, 0x00000000ac200000|  0%| F|  |TAMS 0x00000000ac100000, 0x00000000ac100000| Untracked 
| 706|0x00000000ac200000, 0x00000000ac200000, 0x00000000ac300000|  0%| F|  |TAMS 0x00000000ac200000, 0x00000000ac200000| Untracked 
| 707|0x00000000ac300000, 0x00000000ac300000, 0x00000000ac400000|  0%| F|  |TAMS 0x00000000ac300000, 0x00000000ac300000| Untracked 
| 708|0x00000000ac400000, 0x00000000ac400000, 0x00000000ac500000|  0%| F|  |TAMS 0x00000000ac400000, 0x00000000ac400000| Untracked 
| 709|0x00000000ac500000, 0x00000000ac500000, 0x00000000ac600000|  0%| F|  |TAMS 0x00000000ac500000, 0x00000000ac500000| Untracked 
| 710|0x00000000ac600000, 0x00000000ac600000, 0x00000000ac700000|  0%| F|  |TAMS 0x00000000ac600000, 0x00000000ac600000| Untracked 
| 711|0x00000000ac700000, 0x00000000ac700000, 0x00000000ac800000|  0%| F|  |TAMS 0x00000000ac700000, 0x00000000ac700000| Untracked 
| 712|0x00000000ac800000, 0x00000000ac800000, 0x00000000ac900000|  0%| F|  |TAMS 0x00000000ac800000, 0x00000000ac800000| Untracked 
| 713|0x00000000ac900000, 0x00000000ac900000, 0x00000000aca00000|  0%| F|  |TAMS 0x00000000ac900000, 0x00000000ac900000| Untracked 
| 714|0x00000000aca00000, 0x00000000aca00000, 0x00000000acb00000|  0%| F|  |TAMS 0x00000000aca00000, 0x00000000aca00000| Untracked 
| 715|0x00000000acb00000, 0x00000000acb00000, 0x00000000acc00000|  0%| F|  |TAMS 0x00000000acb00000, 0x00000000acb00000| Untracked 
| 716|0x00000000acc00000, 0x00000000acc00000, 0x00000000acd00000|  0%| F|  |TAMS 0x00000000acc00000, 0x00000000acc00000| Untracked 
| 717|0x00000000acd00000, 0x00000000acd00000, 0x00000000ace00000|  0%| F|  |TAMS 0x00000000acd00000, 0x00000000acd00000| Untracked 
| 718|0x00000000ace00000, 0x00000000ace00000, 0x00000000acf00000|  0%| F|  |TAMS 0x00000000ace00000, 0x00000000ace00000| Untracked 
| 719|0x00000000acf00000, 0x00000000acf00000, 0x00000000ad000000|  0%| F|  |TAMS 0x00000000acf00000, 0x00000000acf00000| Untracked 
| 720|0x00000000ad000000, 0x00000000ad000000, 0x00000000ad100000|  0%| F|  |TAMS 0x00000000ad000000, 0x00000000ad000000| Untracked 
| 721|0x00000000ad100000, 0x00000000ad100000, 0x00000000ad200000|  0%| F|  |TAMS 0x00000000ad100000, 0x00000000ad100000| Untracked 
| 722|0x00000000ad200000, 0x00000000ad200000, 0x00000000ad300000|  0%| F|  |TAMS 0x00000000ad200000, 0x00000000ad200000| Untracked 
| 723|0x00000000ad300000, 0x00000000ad300000, 0x00000000ad400000|  0%| F|  |TAMS 0x00000000ad300000, 0x00000000ad300000| Untracked 
| 724|0x00000000ad400000, 0x00000000ad400000, 0x00000000ad500000|  0%| F|  |TAMS 0x00000000ad400000, 0x00000000ad400000| Untracked 
| 725|0x00000000ad500000, 0x00000000ad500000, 0x00000000ad600000|  0%| F|  |TAMS 0x00000000ad500000, 0x00000000ad500000| Untracked 
| 726|0x00000000ad600000, 0x00000000ad600000, 0x00000000ad700000|  0%| F|  |TAMS 0x00000000ad600000, 0x00000000ad600000| Untracked 
| 727|0x00000000ad700000, 0x00000000ad700000, 0x00000000ad800000|  0%| F|  |TAMS 0x00000000ad700000, 0x00000000ad700000| Untracked 
| 728|0x00000000ad800000, 0x00000000ad800000, 0x00000000ad900000|  0%| F|  |TAMS 0x00000000ad800000, 0x00000000ad800000| Untracked 
| 729|0x00000000ad900000, 0x00000000ad900000, 0x00000000ada00000|  0%| F|  |TAMS 0x00000000ad900000, 0x00000000ad900000| Untracked 
| 730|0x00000000ada00000, 0x00000000ada00000, 0x00000000adb00000|  0%| F|  |TAMS 0x00000000ada00000, 0x00000000ada00000| Untracked 
| 731|0x00000000adb00000, 0x00000000adb00000, 0x00000000adc00000|  0%| F|  |TAMS 0x00000000adb00000, 0x00000000adb00000| Untracked 
| 732|0x00000000adc00000, 0x00000000adc00000, 0x00000000add00000|  0%| F|  |TAMS 0x00000000adc00000, 0x00000000adc00000| Untracked 
| 733|0x00000000add00000, 0x00000000add00000, 0x00000000ade00000|  0%| F|  |TAMS 0x00000000add00000, 0x00000000add00000| Untracked 
| 734|0x00000000ade00000, 0x00000000ade00000, 0x00000000adf00000|  0%| F|  |TAMS 0x00000000ade00000, 0x00000000ade00000| Untracked 
| 735|0x00000000adf00000, 0x00000000adf00000, 0x00000000ae000000|  0%| F|  |TAMS 0x00000000adf00000, 0x00000000adf00000| Untracked 
| 736|0x00000000ae000000, 0x00000000ae000000, 0x00000000ae100000|  0%| F|  |TAMS 0x00000000ae000000, 0x00000000ae000000| Untracked 
| 737|0x00000000ae100000, 0x00000000ae100000, 0x00000000ae200000|  0%| F|  |TAMS 0x00000000ae100000, 0x00000000ae100000| Untracked 
| 738|0x00000000ae200000, 0x00000000ae200000, 0x00000000ae300000|  0%| F|  |TAMS 0x00000000ae200000, 0x00000000ae200000| Untracked 
| 739|0x00000000ae300000, 0x00000000ae300000, 0x00000000ae400000|  0%| F|  |TAMS 0x00000000ae300000, 0x00000000ae300000| Untracked 
| 740|0x00000000ae400000, 0x00000000ae400000, 0x00000000ae500000|  0%| F|  |TAMS 0x00000000ae400000, 0x00000000ae400000| Untracked 
| 741|0x00000000ae500000, 0x00000000ae500000, 0x00000000ae600000|  0%| F|  |TAMS 0x00000000ae500000, 0x00000000ae500000| Untracked 
| 742|0x00000000ae600000, 0x00000000ae600000, 0x00000000ae700000|  0%| F|  |TAMS 0x00000000ae600000, 0x00000000ae600000| Untracked 
| 743|0x00000000ae700000, 0x00000000ae700000, 0x00000000ae800000|  0%| F|  |TAMS 0x00000000ae700000, 0x00000000ae700000| Untracked 
| 744|0x00000000ae800000, 0x00000000ae800000, 0x00000000ae900000|  0%| F|  |TAMS 0x00000000ae800000, 0x00000000ae800000| Untracked 
| 745|0x00000000ae900000, 0x00000000ae900000, 0x00000000aea00000|  0%| F|  |TAMS 0x00000000ae900000, 0x00000000ae900000| Untracked 
| 746|0x00000000aea00000, 0x00000000aea00000, 0x00000000aeb00000|  0%| F|  |TAMS 0x00000000aea00000, 0x00000000aea00000| Untracked 
| 747|0x00000000aeb00000, 0x00000000aeb00000, 0x00000000aec00000|  0%| F|  |TAMS 0x00000000aeb00000, 0x00000000aeb00000| Untracked 
| 748|0x00000000aec00000, 0x00000000aec00000, 0x00000000aed00000|  0%| F|  |TAMS 0x00000000aec00000, 0x00000000aec00000| Untracked 
| 749|0x00000000aed00000, 0x00000000aed00000, 0x00000000aee00000|  0%| F|  |TAMS 0x00000000aed00000, 0x00000000aed00000| Untracked 
| 750|0x00000000aee00000, 0x00000000aee00000, 0x00000000aef00000|  0%| F|  |TAMS 0x00000000aee00000, 0x00000000aee00000| Untracked 
| 751|0x00000000aef00000, 0x00000000aef00000, 0x00000000af000000|  0%| F|  |TAMS 0x00000000aef00000, 0x00000000aef00000| Untracked 
| 752|0x00000000af000000, 0x00000000af000000, 0x00000000af100000|  0%| F|  |TAMS 0x00000000af000000, 0x00000000af000000| Untracked 
| 753|0x00000000af100000, 0x00000000af100000, 0x00000000af200000|  0%| F|  |TAMS 0x00000000af100000, 0x00000000af100000| Untracked 
| 754|0x00000000af200000, 0x00000000af200000, 0x00000000af300000|  0%| F|  |TAMS 0x00000000af200000, 0x00000000af200000| Untracked 
| 755|0x00000000af300000, 0x00000000af300000, 0x00000000af400000|  0%| F|  |TAMS 0x00000000af300000, 0x00000000af300000| Untracked 
| 756|0x00000000af400000, 0x00000000af400000, 0x00000000af500000|  0%| F|  |TAMS 0x00000000af400000, 0x00000000af400000| Untracked 
| 757|0x00000000af500000, 0x00000000af500000, 0x00000000af600000|  0%| F|  |TAMS 0x00000000af500000, 0x00000000af500000| Untracked 
| 758|0x00000000af600000, 0x00000000af600000, 0x00000000af700000|  0%| F|  |TAMS 0x00000000af600000, 0x00000000af600000| Untracked 
| 759|0x00000000af700000, 0x00000000af700000, 0x00000000af800000|  0%| F|  |TAMS 0x00000000af700000, 0x00000000af700000| Untracked 
| 760|0x00000000af800000, 0x00000000af800000, 0x00000000af900000|  0%| F|  |TAMS 0x00000000af800000, 0x00000000af800000| Untracked 
| 761|0x00000000af900000, 0x00000000af900000, 0x00000000afa00000|  0%| F|  |TAMS 0x00000000af900000, 0x00000000af900000| Untracked 
| 762|0x00000000afa00000, 0x00000000afa00000, 0x00000000afb00000|  0%| F|  |TAMS 0x00000000afa00000, 0x00000000afa00000| Untracked 
| 763|0x00000000afb00000, 0x00000000afb00000, 0x00000000afc00000|  0%| F|  |TAMS 0x00000000afb00000, 0x00000000afb00000| Untracked 
| 764|0x00000000afc00000, 0x00000000afc00000, 0x00000000afd00000|  0%| F|  |TAMS 0x00000000afc00000, 0x00000000afc00000| Untracked 
| 765|0x00000000afd00000, 0x00000000afd00000, 0x00000000afe00000|  0%| F|  |TAMS 0x00000000afd00000, 0x00000000afd00000| Untracked 
| 766|0x00000000afe00000, 0x00000000afe00000, 0x00000000aff00000|  0%| F|  |TAMS 0x00000000afe00000, 0x00000000afe00000| Untracked 
| 767|0x00000000aff00000, 0x00000000aff00000, 0x00000000b0000000|  0%| F|  |TAMS 0x00000000aff00000, 0x00000000aff00000| Untracked 
| 768|0x00000000b0000000, 0x00000000b0000000, 0x00000000b0100000|  0%| F|  |TAMS 0x00000000b0000000, 0x00000000b0000000| Untracked 
| 769|0x00000000b0100000, 0x00000000b0100000, 0x00000000b0200000|  0%| F|  |TAMS 0x00000000b0100000, 0x00000000b0100000| Untracked 
| 770|0x00000000b0200000, 0x00000000b0200000, 0x00000000b0300000|  0%| F|  |TAMS 0x00000000b0200000, 0x00000000b0200000| Untracked 
| 771|0x00000000b0300000, 0x00000000b0300000, 0x00000000b0400000|  0%| F|  |TAMS 0x00000000b0300000, 0x00000000b0300000| Untracked 
| 772|0x00000000b0400000, 0x00000000b0400000, 0x00000000b0500000|  0%| F|  |TAMS 0x00000000b0400000, 0x00000000b0400000| Untracked 
| 773|0x00000000b0500000, 0x00000000b0500000, 0x00000000b0600000|  0%| F|  |TAMS 0x00000000b0500000, 0x00000000b0500000| Untracked 
| 774|0x00000000b0600000, 0x00000000b0600000, 0x00000000b0700000|  0%| F|  |TAMS 0x00000000b0600000, 0x00000000b0600000| Untracked 
| 775|0x00000000b0700000, 0x00000000b0700000, 0x00000000b0800000|  0%| F|  |TAMS 0x00000000b0700000, 0x00000000b0700000| Untracked 
| 776|0x00000000b0800000, 0x00000000b0800000, 0x00000000b0900000|  0%| F|  |TAMS 0x00000000b0800000, 0x00000000b0800000| Untracked 
| 777|0x00000000b0900000, 0x00000000b0900000, 0x00000000b0a00000|  0%| F|  |TAMS 0x00000000b0900000, 0x00000000b0900000| Untracked 
| 778|0x00000000b0a00000, 0x00000000b0a00000, 0x00000000b0b00000|  0%| F|  |TAMS 0x00000000b0a00000, 0x00000000b0a00000| Untracked 
| 779|0x00000000b0b00000, 0x00000000b0b00000, 0x00000000b0c00000|  0%| F|  |TAMS 0x00000000b0b00000, 0x00000000b0b00000| Untracked 
| 780|0x00000000b0c00000, 0x00000000b0c00000, 0x00000000b0d00000|  0%| F|  |TAMS 0x00000000b0c00000, 0x00000000b0c00000| Untracked 
| 781|0x00000000b0d00000, 0x00000000b0d00000, 0x00000000b0e00000|  0%| F|  |TAMS 0x00000000b0d00000, 0x00000000b0d00000| Untracked 
| 782|0x00000000b0e00000, 0x00000000b0e00000, 0x00000000b0f00000|  0%| F|  |TAMS 0x00000000b0e00000, 0x00000000b0e00000| Untracked 
| 783|0x00000000b0f00000, 0x00000000b0f00000, 0x00000000b1000000|  0%| F|  |TAMS 0x00000000b0f00000, 0x00000000b0f00000| Untracked 
| 784|0x00000000b1000000, 0x00000000b1000000, 0x00000000b1100000|  0%| F|  |TAMS 0x00000000b1000000, 0x00000000b1000000| Untracked 
| 785|0x00000000b1100000, 0x00000000b1100000, 0x00000000b1200000|  0%| F|  |TAMS 0x00000000b1100000, 0x00000000b1100000| Untracked 
| 786|0x00000000b1200000, 0x00000000b1200000, 0x00000000b1300000|  0%| F|  |TAMS 0x00000000b1200000, 0x00000000b1200000| Untracked 
| 787|0x00000000b1300000, 0x00000000b1300000, 0x00000000b1400000|  0%| F|  |TAMS 0x00000000b1300000, 0x00000000b1300000| Untracked 
| 788|0x00000000b1400000, 0x00000000b1400000, 0x00000000b1500000|  0%| F|  |TAMS 0x00000000b1400000, 0x00000000b1400000| Untracked 
| 789|0x00000000b1500000, 0x00000000b1500000, 0x00000000b1600000|  0%| F|  |TAMS 0x00000000b1500000, 0x00000000b1500000| Untracked 
| 790|0x00000000b1600000, 0x00000000b1600000, 0x00000000b1700000|  0%| F|  |TAMS 0x00000000b1600000, 0x00000000b1600000| Untracked 
| 791|0x00000000b1700000, 0x00000000b1700000, 0x00000000b1800000|  0%| F|  |TAMS 0x00000000b1700000, 0x00000000b1700000| Untracked 
| 792|0x00000000b1800000, 0x00000000b1800000, 0x00000000b1900000|  0%| F|  |TAMS 0x00000000b1800000, 0x00000000b1800000| Untracked 
| 793|0x00000000b1900000, 0x00000000b1900000, 0x00000000b1a00000|  0%| F|  |TAMS 0x00000000b1900000, 0x00000000b1900000| Untracked 
| 794|0x00000000b1a00000, 0x00000000b1a00000, 0x00000000b1b00000|  0%| F|  |TAMS 0x00000000b1a00000, 0x00000000b1a00000| Untracked 
| 795|0x00000000b1b00000, 0x00000000b1b00000, 0x00000000b1c00000|  0%| F|  |TAMS 0x00000000b1b00000, 0x00000000b1b00000| Untracked 
| 796|0x00000000b1c00000, 0x00000000b1c00000, 0x00000000b1d00000|  0%| F|  |TAMS 0x00000000b1c00000, 0x00000000b1c00000| Untracked 
| 797|0x00000000b1d00000, 0x00000000b1d00000, 0x00000000b1e00000|  0%| F|  |TAMS 0x00000000b1d00000, 0x00000000b1d00000| Untracked 
| 798|0x00000000b1e00000, 0x00000000b1e00000, 0x00000000b1f00000|  0%| F|  |TAMS 0x00000000b1e00000, 0x00000000b1e00000| Untracked 
| 799|0x00000000b1f00000, 0x00000000b1f00000, 0x00000000b2000000|  0%| F|  |TAMS 0x00000000b1f00000, 0x00000000b1f00000| Untracked 
| 800|0x00000000b2000000, 0x00000000b2000000, 0x00000000b2100000|  0%| F|  |TAMS 0x00000000b2000000, 0x00000000b2000000| Untracked 
| 801|0x00000000b2100000, 0x00000000b2100000, 0x00000000b2200000|  0%| F|  |TAMS 0x00000000b2100000, 0x00000000b2100000| Untracked 
| 802|0x00000000b2200000, 0x00000000b2200000, 0x00000000b2300000|  0%| F|  |TAMS 0x00000000b2200000, 0x00000000b2200000| Untracked 
| 803|0x00000000b2300000, 0x00000000b2300000, 0x00000000b2400000|  0%| F|  |TAMS 0x00000000b2300000, 0x00000000b2300000| Untracked 
| 804|0x00000000b2400000, 0x00000000b2400000, 0x00000000b2500000|  0%| F|  |TAMS 0x00000000b2400000, 0x00000000b2400000| Untracked 
| 805|0x00000000b2500000, 0x00000000b2500000, 0x00000000b2600000|  0%| F|  |TAMS 0x00000000b2500000, 0x00000000b2500000| Untracked 
| 806|0x00000000b2600000, 0x00000000b2600000, 0x00000000b2700000|  0%| F|  |TAMS 0x00000000b2600000, 0x00000000b2600000| Untracked 
|2046|0x00000000ffe00000, 0x00000000ffe75000, 0x00000000fff00000| 45%|OA|  |TAMS 0x00000000ffe75000, 0x00000000ffe75000| Untracked 
|2047|0x00000000fff00000, 0x00000000fff78000, 0x0000000100000000| 46%|CA|  |TAMS 0x00000000fff78000, 0x00000000fff78000| Untracked 

Card table byte_map: [0x00007f8ff9909000,0x00007f8ff9d09000] _byte_map_base: 0x00007f8ff9509000

Marking Bits (Prev, Next): (CMBitMap*) 0x00007f8ff4076810, (CMBitMap*) 0x00007f8ff4076850
 Prev Bits: [0x00007f8fdb511000, 0x00007f8fdd511000)
 Next Bits: [0x00007f8fd9511000, 0x00007f8fdb511000)

Polling page: 0x00007f8ffbecc000

Metaspace:

Usage:
  Non-class:    238.53 MB used.
      Class:     33.78 MB used.
       Both:    272.30 MB used.

Virtual space:
  Non-class space:      256.00 MB reserved,     239.19 MB ( 93%) committed,  4 nodes.
      Class space:        1.00 GB reserved,      34.44 MB (  3%) committed,  1 nodes.
             Both:        1.25 GB reserved,     273.62 MB ( 21%) committed. 

Chunk freelists:
   Non-Class:  160.00 KB
       Class:  13.39 MB
        Both:  13.55 MB

MaxMetaspaceSize: unlimited
CompressedClassSpaceSize: 1.00 GB
Initial GC threshold: 21.00 MB
Current GC threshold: 444.50 MB
CDS: on
MetaspaceReclaimPolicy: balanced
 - commit_granule_bytes: 65536.
 - commit_granule_words: 8192.
 - virtual_space_node_default_size: 8388608.
 - enlarge_chunks_in_place: 1.
 - new_chunks_are_fully_committed: 0.
 - uncommit_free_chunks: 1.
 - use_allocation_guard: 0.
 - handle_deallocations: 1.


Internal statistics:

num_allocs_failed_limit: 28.
num_arena_births: 2342.
num_arena_deaths: 2.
num_vsnodes_births: 5.
num_vsnodes_deaths: 0.
num_space_committed: 4373.
num_space_uncommitted: 0.
num_chunks_returned_to_freelist: 30.
num_chunks_taken_from_freelist: 13092.
num_chunk_merges: 25.
num_chunk_splits: 9647.
num_chunks_enlarged: 7449.
num_inconsistent_stats: 0.

CodeHeap 'non-profiled nmethods': size=120036Kb used=21142Kb max_used=21142Kb free=98893Kb
 bounds [0x00007f8fe4fd8000, 0x00007f8fe6498000, 0x00007f8fec511000]
CodeHeap 'profiled nmethods': size=120032Kb used=77258Kb max_used=77258Kb free=42773Kb
 bounds [0x00007f8fdd511000, 0x00007f8fe2091000, 0x00007f8fe4a49000]
CodeHeap 'non-nmethods': size=5692Kb used=2130Kb max_used=2217Kb free=3561Kb
 bounds [0x00007f8fe4a49000, 0x00007f8fe4cb9000, 0x00007f8fe4fd8000]
 total_blobs=37239 nmethods=35944 adapters=1205
 compilation: enabled
              stopped_count=0, restarted_count=0
 full_count=0

Compilation events (20 events):
Event: 785.480 Thread 0x00007f8ff40e5300 nmethod 50001 0x00007f8fe207d790 code [0x00007f8fe207d920, 0x00007f8fe207da10]
Event: 785.480 Thread 0x00007f8ff40e5300 49996       2       org.jetbrains.kotlin.types.model.TypeSystemContextContextualKt::isClassType (25 bytes)
Event: 785.480 Thread 0x00007f8ff40e5300 nmethod 49996 0x00007f8fe207da90 code [0x00007f8fe207dcc0, 0x00007f8fe207e100]
Event: 785.480 Thread 0x00007f8ff40e5300 50012       2       org.jetbrains.kotlin.fir.resolve.ToSymbolUtilsKt::toRegularClassSymbol (23 bytes)
Event: 785.481 Thread 0x00007f8ff40e5300 nmethod 50012 0x00007f8fe207e410 code [0x00007f8fe207e6e0, 0x00007f8fe207ef50]
Event: 785.481 Thread 0x00007f8ff40e5300 50022       1       org.jetbrains.kotlin.fir.declarations.impl.FirReceiverParameterImpl::getOrigin (5 bytes)
Event: 785.481 Thread 0x00007f8ff40e5300 nmethod 50022 0x00007f8fe6015d10 code [0x00007f8fe6015ea0, 0x00007f8fe6015f70]
Event: 785.481 Thread 0x00007f8ff40e5300 50018       1       org.jetbrains.kotlin.fir.resolve.dfa.cfg.ControlFlowGraph::getDeclaration (5 bytes)
Event: 785.481 Thread 0x00007f8ff40e5300 nmethod 50018 0x00007f8fe6015a10 code [0x00007f8fe6015ba0, 0x00007f8fe6015c70]
Event: 785.488 Thread 0x00007f8ff40e5300 50035       3       org.jetbrains.kotlin.fir.resolve.calls.ResolutionDiagnosticKt::getAllSuccessful (80 bytes)
Event: 785.488 Thread 0x00007f8ff40e5300 nmethod 50035 0x00007f8fe207f490 code [0x00007f8fe207f7c0, 0x00007f8fe2080ae0]
Event: 785.488 Thread 0x00007f8ff40e5300 50036       3       org.jetbrains.kotlin.types.model.TypeSystemContext::asCapturedTypeUnwrappingDnn (20 bytes)
Event: 785.489 Thread 0x00007f8ff40e5300 nmethod 50036 0x00007f8fe2081090 code [0x00007f8fe20812c0, 0x00007f8fe20819f0]
Event: 785.489 Thread 0x00007f8ff40e5300 50034       3       org.jetbrains.kotlin.fir.resolve.calls.candidate.Candidate::isSuccessful (36 bytes)
Event: 785.489 Thread 0x00007f8ff40e5300 nmethod 50034 0x00007f8fe2081c90 code [0x00007f8fe2081e80, 0x00007f8fe2082400]
Event: 785.489 Thread 0x00007f8ff40e5300 50039       3       org.jetbrains.kotlin.resolve.calls.inference.model.NewConstraintSystemImpl::typeConstructor (17 bytes)
Event: 785.489 Thread 0x00007f8ff40e5300 nmethod 50039 0x00007f8fe2082590 code [0x00007f8fe20827c0, 0x00007f8fe2082e20]
Event: 785.489 Thread 0x00007f8ff40e5300 50037       3       org.jetbrains.kotlin.resolve.calls.inference.model.NewConstraintSystemImpl::isIntersection (17 bytes)
Event: 785.490 Thread 0x00007f8ff40e5300 nmethod 50037 0x00007f8fe2083090 code [0x00007f8fe20832c0, 0x00007f8fe2083920]
Event: 785.490 Thread 0x00007f8ff40e5300 50040       3       org.jetbrains.kotlin.utils.CollectionsKt::addIfNotNull (19 bytes)

GC Heap History (20 events):
Event: 743.053 GC heap after
{Heap after GC invocations=142 (full 0):
 garbage-first heap   total 775168K, used 198068K [0x0000000080000000, 0x0000000100000000)
  region size 1024K, 5 young (5120K), 5 survivors (5120K)
 Metaspace       used 232428K, committed 233728K, reserved 1310720K
  class space    used 29190K, committed 29824K, reserved 1048576K
}
Event: 761.779 GC heap before
{Heap before GC invocations=142 (full 0):
 garbage-first heap   total 775168K, used 657844K [0x0000000080000000, 0x0000000100000000)
  region size 1024K, 454 young (464896K), 5 survivors (5120K)
 Metaspace       used 235235K, committed 236544K, reserved 1310720K
  class space    used 29425K, committed 30080K, reserved 1048576K
}
Event: 761.861 GC heap after
{Heap after GC invocations=143 (full 0):
 garbage-first heap   total 828416K, used 208052K [0x0000000080000000, 0x0000000100000000)
  region size 1024K, 15 young (15360K), 15 survivors (15360K)
 Metaspace       used 235235K, committed 236544K, reserved 1310720K
  class space    used 29425K, committed 30080K, reserved 1048576K
}
Event: 763.464 GC heap before
{Heap before GC invocations=144 (full 0):
 garbage-first heap   total 828416K, used 285876K [0x0000000080000000, 0x0000000100000000)
  region size 1024K, 89 young (91136K), 15 survivors (15360K)
 Metaspace       used 238022K, committed 239424K, reserved 1310720K
  class space    used 29702K, committed 30400K, reserved 1048576K
}
Event: 763.567 GC heap after
{Heap after GC invocations=145 (full 0):
 garbage-first heap   total 828416K, used 215964K [0x0000000080000000, 0x0000000100000000)
  region size 1024K, 12 young (12288K), 12 survivors (12288K)
 Metaspace       used 238022K, committed 239424K, reserved 1310720K
  class space    used 29702K, committed 30400K, reserved 1048576K
}
Event: 764.090 GC heap before
{Heap before GC invocations=145 (full 0):
 garbage-first heap   total 828416K, used 243612K [0x0000000080000000, 0x0000000100000000)
  region size 1024K, 40 young (40960K), 12 survivors (12288K)
 Metaspace       used 239664K, committed 241024K, reserved 1310720K
  class space    used 29971K, committed 30656K, reserved 1048576K
}
Event: 764.175 GC heap after
{Heap after GC invocations=146 (full 0):
 garbage-first heap   total 828416K, used 210356K [0x0000000080000000, 0x0000000100000000)
  region size 1024K, 4 young (4096K), 4 survivors (4096K)
 Metaspace       used 239664K, committed 241024K, reserved 1310720K
  class space    used 29971K, committed 30656K, reserved 1048576K
}
Event: 769.650 GC heap before
{Heap before GC invocations=146 (full 0):
 garbage-first heap   total 828416K, used 692660K [0x0000000080000000, 0x0000000100000000)
  region size 1024K, 475 young (486400K), 4 survivors (4096K)
 Metaspace       used 253974K, committed 255360K, reserved 1310720K
  class space    used 32102K, committed 32768K, reserved 1048576K
}
Event: 769.766 GC heap after
{Heap after GC invocations=147 (full 0):
 garbage-first heap   total 828416K, used 220596K [0x0000000080000000, 0x0000000100000000)
  region size 1024K, 14 young (14336K), 14 survivors (14336K)
 Metaspace       used 253974K, committed 255360K, reserved 1310720K
  class space    used 32102K, committed 32768K, reserved 1048576K
}
Event: 775.753 GC heap before
{Heap before GC invocations=147 (full 0):
 garbage-first heap   total 828416K, used 706996K [0x0000000080000000, 0x0000000100000000)
  region size 1024K, 485 young (496640K), 14 survivors (14336K)
 Metaspace       used 267930K, committed 269312K, reserved 1310720K
  class space    used 33450K, committed 34112K, reserved 1048576K
}
Event: 775.880 GC heap after
{Heap after GC invocations=148 (full 0):
 garbage-first heap   total 828416K, used 249268K [0x0000000080000000, 0x0000000100000000)
  region size 1024K, 42 young (43008K), 42 survivors (43008K)
 Metaspace       used 267930K, committed 269312K, reserved 1310720K
  class space    used 33450K, committed 34112K, reserved 1048576K
}
Event: 775.885 GC heap before
{Heap before GC invocations=148 (full 0):
 garbage-first heap   total 828416K, used 249268K [0x0000000080000000, 0x0000000100000000)
  region size 1024K, 43 young (44032K), 42 survivors (43008K)
 Metaspace       used 267968K, committed 269376K, reserved 1310720K
  class space    used 33462K, committed 34176K, reserved 1048576K
}
Event: 775.996 GC heap after
{Heap after GC invocations=149 (full 0):
 garbage-first heap   total 828416K, used 250077K [0x0000000080000000, 0x0000000100000000)
  region size 1024K, 1 young (1024K), 1 survivors (1024K)
 Metaspace       used 267968K, committed 269376K, reserved 1310720K
  class space    used 33462K, committed 34176K, reserved 1048576K
}
Event: 777.660 GC heap before
{Heap before GC invocations=149 (full 0):
 garbage-first heap   total 828416K, used 402653K [0x0000000080000000, 0x0000000100000000)
  region size 1024K, 151 young (154624K), 1 survivors (1024K)
 Metaspace       used 271203K, committed 272576K, reserved 1310720K
  class space    used 33782K, committed 34496K, reserved 1048576K
}
Event: 777.677 GC heap after
{Heap after GC invocations=150 (full 0):
 garbage-first heap   total 828416K, used 255197K [0x0000000080000000, 0x0000000100000000)
  region size 1024K, 6 young (6144K), 6 survivors (6144K)
 Metaspace       used 271203K, committed 272576K, reserved 1310720K
  class space    used 33782K, committed 34496K, reserved 1048576K
}
Event: 782.665 GC heap before
{Heap before GC invocations=151 (full 0):
 garbage-first heap   total 828416K, used 627933K [0x0000000080000000, 0x0000000100000000)
  region size 1024K, 378 young (387072K), 6 survivors (6144K)
 Metaspace       used 277227K, committed 278592K, reserved 1310720K
  class space    used 34448K, committed 35136K, reserved 1048576K
}
Event: 782.768 GC heap after
{Heap after GC invocations=152 (full 0):
 garbage-first heap   total 828416K, used 272605K [0x0000000080000000, 0x0000000100000000)
  region size 1024K, 31 young (31744K), 31 survivors (31744K)
 Metaspace       used 277227K, committed 278592K, reserved 1310720K
  class space    used 34448K, committed 35136K, reserved 1048576K
}
Event: 782.872 GC heap before
{Heap before GC invocations=152 (full 0):
 garbage-first heap   total 828416K, used 281821K [0x0000000080000000, 0x0000000100000000)
  region size 1024K, 40 young (40960K), 31 survivors (31744K)
 Metaspace       used 277259K, committed 278592K, reserved 1310720K
  class space    used 34448K, committed 35136K, reserved 1048576K
}
Event: 782.961 GC heap after
{Heap after GC invocations=153 (full 0):
 garbage-first heap   total 828416K, used 256622K [0x0000000080000000, 0x0000000100000000)
  region size 1024K, 2 young (2048K), 2 survivors (2048K)
 Metaspace       used 277259K, committed 278592K, reserved 1310720K
  class space    used 34448K, committed 35136K, reserved 1048576K
}
Event: 785.490 GC heap before
{Heap before GC invocations=153 (full 0):
 garbage-first heap   total 828416K, used 434798K [0x0000000080000000, 0x0000000100000000)
  region size 1024K, 177 young (181248K), 2 survivors (2048K)
 Metaspace       used 278838K, committed 280192K, reserved 1310720K
  class space    used 34587K, committed 35264K, reserved 1048576K
}

Dll operation events (15 events):
Event: 0.051 Loaded shared library /usr/lib/jvm/java-17-openjdk-amd64/lib/libjava.so
Event: 0.093 Loaded shared library /usr/lib/jvm/java-17-openjdk-amd64/lib/libjsvml.so
Event: 0.181 Loaded shared library /usr/lib/jvm/java-17-openjdk-amd64/lib/libzip.so
Event: 0.182 Loaded shared library /usr/lib/jvm/java-17-openjdk-amd64/lib/libinstrument.so
Event: 0.184 Loaded shared library /usr/lib/jvm/java-17-openjdk-amd64/lib/libnio.so
Event: 0.186 Loaded shared library /usr/lib/jvm/java-17-openjdk-amd64/lib/libzip.so
Event: 0.485 Loaded shared library /usr/lib/jvm/java-17-openjdk-amd64/lib/libjimage.so
Event: 0.862 Loaded shared library /usr/lib/jvm/java-17-openjdk-amd64/lib/libverify.so
Event: 0.892 Loaded shared library /usr/lib/jvm/java-17-openjdk-amd64/lib/libnet.so
Event: 0.893 Loaded shared library /root/.gradle/native/660c5614fbf4a5f2a75b1949f50a0caf5cd603558e7d8a26e50b933a0cfb79d1/linux-amd64/libnative-platform.so
Event: 0.961 Loaded shared library /root/.gradle/native/0.2.8/x86_64-linux-gnu/libgradle-fileevents.so
Event: 2.356 Loaded shared library /usr/lib/jvm/java-17-openjdk-amd64/lib/libmanagement.so
Event: 2.358 Loaded shared library /usr/lib/jvm/java-17-openjdk-amd64/lib/libmanagement_ext.so
Event: 2.554 Loaded shared library /usr/lib/jvm/java-17-openjdk-amd64/lib/libextnet.so
Event: 707.671 Loaded shared library /usr/lib/jvm/java-17-openjdk-amd64/lib/librmi.so

Deoptimization events (20 events):
Event: 785.161 Thread 0x00007f8f68493040 DEOPT PACKING pc=0x00007f8fe1867708 sp=0x00007f8fc9bf23f0
Event: 785.161 Thread 0x00007f8f68493040 DEOPT UNPACKING pc=0x00007f8fe4aa364f sp=0x00007f8fc9bf1938 mode 0
Event: 785.161 Thread 0x00007f8f68493040 DEOPT PACKING pc=0x00007f8fe1867840 sp=0x00007f8fc9bf23f0
Event: 785.161 Thread 0x00007f8f68493040 DEOPT UNPACKING pc=0x00007f8fe4aa364f sp=0x00007f8fc9bf1938 mode 0
Event: 785.161 Thread 0x00007f8f68493040 DEOPT PACKING pc=0x00007f8fe1867840 sp=0x00007f8fc9bf23f0
Event: 785.161 Thread 0x00007f8f68493040 DEOPT UNPACKING pc=0x00007f8fe4aa364f sp=0x00007f8fc9bf1938 mode 0
Event: 785.162 Thread 0x00007f8f68493040 DEOPT PACKING pc=0x00007f8fe1867840 sp=0x00007f8fc9bf23f0
Event: 785.162 Thread 0x00007f8f68493040 DEOPT UNPACKING pc=0x00007f8fe4aa364f sp=0x00007f8fc9bf1938 mode 0
Event: 785.162 Thread 0x00007f8f68493040 DEOPT PACKING pc=0x00007f8fe1867840 sp=0x00007f8fc9bf23f0
Event: 785.162 Thread 0x00007f8f68493040 DEOPT UNPACKING pc=0x00007f8fe4aa364f sp=0x00007f8fc9bf1938 mode 0
Event: 785.173 Thread 0x00007f8f68493040 DEOPT PACKING pc=0x00007f8fe1867840 sp=0x00007f8fc9bf23f0
Event: 785.173 Thread 0x00007f8f68493040 DEOPT UNPACKING pc=0x00007f8fe4aa364f sp=0x00007f8fc9bf1938 mode 0
Event: 785.174 Thread 0x00007f8f68493040 DEOPT PACKING pc=0x00007f8fe1867840 sp=0x00007f8fc9bf23f0
Event: 785.174 Thread 0x00007f8f68493040 DEOPT UNPACKING pc=0x00007f8fe4aa364f sp=0x00007f8fc9bf1938 mode 0
Event: 785.174 Thread 0x00007f8f68493040 DEOPT PACKING pc=0x00007f8fe1867840 sp=0x00007f8fc9bf21d0
Event: 785.174 Thread 0x00007f8f68493040 DEOPT UNPACKING pc=0x00007f8fe4aa364f sp=0x00007f8fc9bf1718 mode 0
Event: 785.188 Thread 0x00007f8f68493040 DEOPT PACKING pc=0x00007f8fe1867840 sp=0x00007f8fc9bf1ae0
Event: 785.188 Thread 0x00007f8f68493040 DEOPT UNPACKING pc=0x00007f8fe4aa364f sp=0x00007f8fc9bf1028 mode 0
Event: 785.272 Thread 0x00007f8f68493040 DEOPT PACKING pc=0x00007f8fe1867708 sp=0x00007f8fc9bf2640
Event: 785.272 Thread 0x00007f8f68493040 DEOPT UNPACKING pc=0x00007f8fe4aa364f sp=0x00007f8fc9bf1b88 mode 0

Classes loaded (20 events):
Event: 732.757 Loading class java/util/SortedSet$1
Event: 732.761 Loading class java/util/SortedSet$1 done
Event: 732.792 Loading class java/util/IdentityHashMap$ValueIterator
Event: 732.794 Loading class java/util/IdentityHashMap$ValueIterator done
Event: 741.764 Loading class java/nio/ShortBuffer
Event: 741.764 Loading class java/nio/ShortBuffer done
Event: 741.984 Loading class java/nio/ByteBufferAsShortBufferL
Event: 741.984 Loading class java/nio/ByteBufferAsShortBufferL done
Event: 742.364 Loading class java/util/zip/ZipOutputStream$XEntry
Event: 742.364 Loading class java/util/zip/ZipOutputStream$XEntry done
Event: 760.892 Loading class java/lang/ProcessBuilder$NullOutputStream
Event: 760.893 Loading class java/lang/ProcessBuilder$NullOutputStream done
Event: 760.898 Loading class java/lang/Throwable$WrappedPrintWriter
Event: 760.948 Loading class java/lang/Throwable$WrappedPrintWriter done
Event: 762.864 Loading class sun/rmi/transport/DGCClient$EndpointEntry$CleanRequest
Event: 762.864 Loading class sun/rmi/transport/DGCClient$EndpointEntry$CleanRequest done
Event: 762.865 Loading class sun/net/util/SocketExceptions
Event: 762.865 Loading class sun/net/util/SocketExceptions done
Event: 763.097 Loading class sun/reflect/annotation/AnnotationSupport
Event: 763.149 Loading class sun/reflect/annotation/AnnotationSupport done

Classes unloaded (1 events):
Event: 734.852 Thread 0x00007f8ff40d3980 Unloading class 0x00007f8f7d4f4000 'java/lang/invoke/LambdaForm$MH+0x00007f8f7d4f4000'

Classes redefined (0 events):
No events

Internal exceptions (20 events):
Event: 762.065 Thread 0x00007f8f68493040 Exception <a 'sun/nio/fs/UnixException'{0x00000000b20dd6e8}> (0x00000000b20dd6e8) 
thrown [./src/hotspot/share/prims/jni.cpp, line 516]
Event: 762.073 Thread 0x00007f8f68493040 Exception <a 'sun/nio/fs/UnixException'{0x00000000b1f75280}> (0x00000000b1f75280) 
thrown [./src/hotspot/share/prims/jni.cpp, line 516]
Event: 762.077 Thread 0x00007f8f68493040 Exception <a 'sun/nio/fs/UnixException'{0x00000000b1fbcce8}> (0x00000000b1fbcce8) 
thrown [./src/hotspot/share/prims/jni.cpp, line 516]
Event: 762.865 Thread 0x00007f8f549e5700 Exception <a 'java/net/ConnectException'{0x00000000af704078}> (0x00000000af704078) 
thrown [./src/hotspot/share/prims/jni.cpp, line 516]
Event: 762.875 Thread 0x00007f8f549e5700 Exception <a 'java/net/ConnectException'{0x00000000af705260}> (0x00000000af705260) 
thrown [./src/hotspot/share/prims/jni.cpp, line 516]
Event: 762.886 Thread 0x00007f8f549e5700 Exception <a 'java/net/ConnectException'{0x00000000af7059e8}> (0x00000000af7059e8) 
thrown [./src/hotspot/share/prims/jni.cpp, line 516]
Event: 764.297 Thread 0x00007f8f54c96490 Exception <a 'sun/nio/fs/UnixException'{0x00000000b1787bb0}> (0x00000000b1787bb0) 
thrown [./src/hotspot/share/prims/jni.cpp, line 516]
Event: 766.066 Thread 0x00007f8f54c96490 Implicit null exception at 0x00007f8fe58df333 to 0x00007f8fe58df48c
Event: 771.488 Thread 0x00007f8f68493040 Exception <a 'sun/nio/fs/UnixException'{0x00000000ab3289e8}> (0x00000000ab3289e8) 
thrown [./src/hotspot/share/prims/jni.cpp, line 516]
Event: 771.551 Thread 0x00007f8f68493040 Exception <a 'sun/nio/fs/UnixException'{0x00000000ab370f40}> (0x00000000ab370f40) 
thrown [./src/hotspot/share/prims/jni.cpp, line 516]
Event: 771.558 Thread 0x00007f8f68493040 Exception <a 'sun/nio/fs/UnixException'{0x00000000ab2276d0}> (0x00000000ab2276d0) 
thrown [./src/hotspot/share/prims/jni.cpp, line 516]
Event: 771.565 Thread 0x00007f8f68493040 Exception <a 'sun/nio/fs/UnixException'{0x00000000ab26f518}> (0x00000000ab26f518) 
thrown [./src/hotspot/share/prims/jni.cpp, line 516]
Event: 776.192 Thread 0x00007f8f54c96490 Exception <a 'java/lang/NoSuchMethodError'{0x00000000b137db58}: 'java.lang.Object java.lang.invoke.DirectMethodHandle$Holder.invokeStatic(java.lang.Object, java.lang.Object, java.lang.Object, int, java.lang.Object, java.lang.Object, java.lang.Object)'> (0x00000000b137db58) 
thrown [./src/hotspot/share/interpreter/linkResolver.cpp, line 758]
Event: 780.773 Thread 0x00007f8f54c96490 Exception <a 'java/lang/NoSuchMethodError'{0x00000000a5c4ad88}: 'java.lang.Object java.lang.invoke.DirectMethodHandle$Holder.invokeStatic(java.lang.Object, java.lang.Object, java.lang.Object, java.lang.Object, java.lang.Object, int)'> (0x00000000a5c4ad88) 
thrown [./src/hotspot/share/interpreter/linkResolver.cpp, line 758]
Event: 781.758 Thread 0x00007f8f54c96490 Exception <a 'java/lang/NoSuchMethodError'{0x000000009f4e9d10}: 'java.lang.Object java.lang.invoke.DirectMethodHandle$Holder.newInvokeSpecial(java.lang.Object, java.lang.Object, java.lang.Object, java.lang.Object, java.lang.Object, int)'> (0x000000009f4e9d10) 
thrown [./src/hotspot/share/interpreter/linkResolver.cpp, line 758]
Event: 781.758 Thread 0x00007f8f54c96490 Exception <a 'java/lang/NoSuchMethodError'{0x000000009f4ee4f0}: 'java.lang.Object java.lang.invoke.DirectMethodHandle$Holder.invokeSpecial(java.lang.Object, java.lang.Object, java.lang.Object, java.lang.Object, java.lang.Object, java.lang.Object, int)'> (0x000000009f4ee4f0) 
thrown [./src/hotspot/share/interpreter/linkResolver.cpp, line 758]
Event: 781.758 Thread 0x00007f8f54c96490 Exception <a 'java/lang/NoSuchMethodError'{0x000000009f4f25d0}: 'java.lang.Object java.lang.invoke.Invokers$Holder.linkToTargetMethod(java.lang.Object, java.lang.Object, java.lang.Object, java.lang.Object, int, java.lang.Object)'> (0x000000009f4f25d0) 
thrown [./src/hotspot/share/interpreter/linkResolver.cpp, line 758]
Event: 781.759 Thread 0x00007f8f54c96490 Exception <a 'java/lang/NoSuchMethodError'{0x000000009ec01228}: 'java.lang.Object java.lang.invoke.DirectMethodHandle$Holder.invokeStatic(java.lang.Object, java.lang.Object, java.lang.Object, java.lang.Object, int, int, java.lang.Object)'> (0x000000009ec01228) 
thrown [./src/hotspot/share/interpreter/linkResolver.cpp, line 758]
Event: 783.371 Thread 0x00007f8f54c96490 Exception <a 'java/lang/NoSuchMethodError'{0x00000000b092bc10}: 'java.lang.Object java.lang.invoke.DirectMethodHandle$Holder.invokeStatic(java.lang.Object, java.lang.Object, java.lang.Object, int, java.lang.Object, java.lang.Object)'> (0x00000000b092bc10) 
thrown [./src/hotspot/share/interpreter/linkResolver.cpp, line 758]
Event: 783.885 Thread 0x00007f8f54c96490 Exception <a 'java/lang/NoSuchMethodError'{0x00000000ae508f90}: 'java.lang.Object java.lang.invoke.DirectMethodHandle$Holder.invokeStatic(java.lang.Object, int, java.lang.Object, java.lang.Object, java.lang.Object, java.lang.Object, java.lang.Object)'> (0x00000000ae508f90) 
thrown [./src/hotspot/share/interpreter/linkResolver.cpp, line 758]

VM Operations (20 events):
Event: 781.050 Executing VM operation: HandshakeAllThreads done
Event: 781.392 Executing VM operation: HandshakeAllThreads
Event: 781.393 Executing VM operation: HandshakeAllThreads done
Event: 781.959 Executing VM operation: HandshakeAllThreads
Event: 781.959 Executing VM operation: HandshakeAllThreads done
Event: 781.959 Executing VM operation: Cleanup
Event: 781.959 Executing VM operation: Cleanup done
Event: 782.648 Executing VM operation: HandshakeAllThreads
Event: 782.649 Executing VM operation: HandshakeAllThreads done
Event: 782.665 Executing VM operation: G1CollectForAllocation
Event: 782.768 Executing VM operation: G1CollectForAllocation done
Event: 782.872 Executing VM operation: G1CollectForAllocation
Event: 782.961 Executing VM operation: G1CollectForAllocation done
Event: 783.488 Executing VM operation: ICBufferFull
Event: 783.488 Executing VM operation: ICBufferFull done
Event: 784.095 Executing VM operation: ICBufferFull
Event: 784.095 Executing VM operation: ICBufferFull done
Event: 784.856 Executing VM operation: ICBufferFull
Event: 784.856 Executing VM operation: ICBufferFull done
Event: 785.490 Executing VM operation: G1TryInitiateConcMark

Memory protections (20 events):
Event: 672.377 Protecting memory [0x00007f8fd80f2000,0x00007f8fd80f6000] with protection modes 0
Event: 672.812 Protecting memory [0x00007f8fc83e5000,0x00007f8fc83e9000] with protection modes 0
Event: 679.286 Protecting memory [0x00007f8f7af00000,0x00007f8f7af04000] with protection modes 0
Event: 679.300 Protecting memory [0x00007f8f7adff000,0x00007f8f7ae03000] with protection modes 0
Event: 691.283 Protecting memory [0x00007f8f7acfe000,0x00007f8f7ad02000] with protection modes 0
Event: 691.290 Protecting memory [0x00007f8f7abfd000,0x00007f8f7ac01000] with protection modes 0
Event: 694.786 Protecting memory [0x00007f8f7aafc000,0x00007f8f7ab00000] with protection modes 0
Event: 705.155 Protecting memory [0x00007f8fd9250000,0x00007f8fd9254000] with protection modes 0
Event: 705.182 Protecting memory [0x00007f8f7a9fb000,0x00007f8f7a9ff000] with protection modes 0
Event: 707.651 Protecting memory [0x00007f8f7a9fb000,0x00007f8f7a9ff000] with protection modes 0
Event: 707.669 Protecting memory [0x00007f8f7a8fa000,0x00007f8f7a8fe000] with protection modes 0
Event: 707.676 Protecting memory [0x00007f8f7a7f9000,0x00007f8f7a7fd000] with protection modes 0
Event: 707.891 Protecting memory [0x00007f8f7a6f8000,0x00007f8f7a6fc000] with protection modes 0
Event: 707.958 Protecting memory [0x00007f8f7a5f7000,0x00007f8f7a5fb000] with protection modes 0
Event: 708.091 Protecting memory [0x00007f8f7a4f6000,0x00007f8f7a4fa000] with protection modes 0
Event: 712.661 Protecting memory [0x00007f8f7a3f5000,0x00007f8f7a3f9000] with protection modes 0
Event: 712.748 Protecting memory [0x00007f8fd9228000,0x00007f8fd922c000] with protection modes 0
Event: 712.757 Protecting memory [0x00007f8f7a2f4000,0x00007f8f7a2f8000] with protection modes 0
Event: 712.763 Protecting memory [0x00007f8f7a1f3000,0x00007f8f7a1f7000] with protection modes 0
Event: 761.282 Protecting memory [0x00007f8f7aafc000,0x00007f8f7ab00000] with protection modes 0

Nmethod flushes (20 events):
Event: 780.466 Thread 0x00007f8ff40e6770 flushing  nmethod 0x00007f8fe1acf190
Event: 780.466 Thread 0x00007f8ff40e6770 flushing  nmethod 0x00007f8fe1ad2110
Event: 780.466 Thread 0x00007f8ff40e6770 flushing  nmethod 0x00007f8fe1aefa90
Event: 780.466 Thread 0x00007f8ff40e6770 flushing  nmethod 0x00007f8fe1afa510
Event: 780.466 Thread 0x00007f8ff40e6770 flushing  nmethod 0x00007f8fe1afb590
Event: 780.466 Thread 0x00007f8ff40e6770 flushing  nmethod 0x00007f8fe1afc010
Event: 780.466 Thread 0x00007f8ff40e6770 flushing  nmethod 0x00007f8fe1afc310
Event: 780.466 Thread 0x00007f8ff40e6770 flushing  nmethod 0x00007f8fe1afd090
Event: 780.466 Thread 0x00007f8ff40e6770 flushing  nmethod 0x00007f8fe1afe690
Event: 780.466 Thread 0x00007f8ff40e6770 flushing  nmethod 0x00007f8fe1b00d10
Event: 780.466 Thread 0x00007f8ff40e6770 flushing  nmethod 0x00007f8fe1b03110
Event: 780.466 Thread 0x00007f8ff40e6770 flushing  nmethod 0x00007f8fe1b05e10
Event: 780.466 Thread 0x00007f8ff40e6770 flushing  nmethod 0x00007f8fe1b06490
Event: 780.466 Thread 0x00007f8ff40e6770 flushing  nmethod 0x00007f8fe1b06810
Event: 780.466 Thread 0x00007f8ff40e6770 flushing  nmethod 0x00007f8fe1b07010
Event: 780.466 Thread 0x00007f8ff40e6770 flushing  nmethod 0x00007f8fe1b08d90
Event: 780.466 Thread 0x00007f8ff40e6770 flushing  nmethod 0x00007f8fe1b09390
Event: 780.467 Thread 0x00007f8ff40e6770 flushing  nmethod 0x00007f8fe1b85610
Event: 780.467 Thread 0x00007f8ff40e6770 flushing  nmethod 0x00007f8fe1bf2810
Event: 780.467 Thread 0x00007f8ff40e6770 flushing  nmethod 0x00007f8fe1bf6710

Events (20 events):
Event: 691.290 Thread 0x00007f8fd003e120 Thread added: 0x00007f8fcc296390
Event: 694.786 Thread 0x00007f8fcc07c560 Thread added: 0x00007f8f70018750
Event: 705.153 Thread 0x00007f8fd00924f0 Thread added: 0x00007f8f54c5daf0
Event: 705.182 Thread 0x00007f8fd00924f0 Thread added: 0x00007f8f54c62270
Event: 707.267 Thread 0x00007f8f54c62270 Thread exited: 0x00007f8f54c62270
Event: 707.648 Thread 0x00007f8fd00924f0 Thread added: 0x00007f8f549de720
Event: 707.668 Thread 0x00007f8fd00924f0 Thread added: 0x00007f8f549e5700
Event: 707.675 Thread 0x00007f8fd00924f0 Thread added: 0x00007f8f545b0880
Event: 707.891 Thread 0x00007f8fd00924f0 Thread added: 0x00007f8f545b97b0
Event: 707.892 Thread 0x00007f8fd00924f0 Thread added: 0x00007f8f54192280
Event: 708.091 Thread 0x00007f8f545b97b0 Thread added: 0x00007f8fc5f268f0
Event: 712.659 Thread 0x00007f8f68493040 Thread added: 0x00007f8fd014cf00
Event: 712.697 Thread 0x00007f8f68493040 Thread added: 0x00007f8fd0146590
Event: 712.757 Thread 0x00007f8f68493040 Thread added: 0x00007f8fd0147f00
Event: 712.761 Thread 0x00007f8f68493040 Thread added: 0x00007f8fd0148bb0
Event: 757.187 Thread 0x00007f8fcc296390 Thread exited: 0x00007f8fcc296390
Event: 759.187 Thread 0x00007f8f7002f710 Thread exited: 0x00007f8f7002f710
Event: 760.355 Thread 0x00007f8f70018750 Thread exited: 0x00007f8f70018750
Event: 761.281 Thread 0x00007f8fd00924f0 Thread added: 0x00007f8f54c96490
Event: 783.155 Thread 0x00007f8fc5f268f0 Thread exited: 0x00007f8fc5f268f0


Dynamic libraries:
80000000-b2700000 rw-p 00000000 00:00 0 
d1700000-ffe00000 ---p 00000000 00:00 0 
ffe00000-ffe75000 rw-p 00c7a000 00:25 13853                              /usr/lib/jvm/java-17-openjdk-amd64/lib/server/classes.jsa
ffe75000-fff00000 rw-p 00000000 00:00 0 
fff00000-fff78000 rw-p 00c02000 00:25 13853                              /usr/lib/jvm/java-17-openjdk-amd64/lib/server/classes.jsa
fff78000-100000000 rw-p 00000000 00:00 0 
563681da2000-563681da3000 r--p 00000000 00:25 13495                      /usr/lib/jvm/java-17-openjdk-amd64/bin/java
563681da3000-563681da4000 r-xp 00001000 00:25 13495                      /usr/lib/jvm/java-17-openjdk-amd64/bin/java
563681da4000-563681da5000 r--p 00002000 00:25 13495                      /usr/lib/jvm/java-17-openjdk-amd64/bin/java
563681da5000-563681da6000 r--p 00002000 00:25 13495                      /usr/lib/jvm/java-17-openjdk-amd64/bin/java
563681da6000-563681da7000 rw-p 00003000 00:25 13495                      /usr/lib/jvm/java-17-openjdk-amd64/bin/java
563683241000-5636832d3000 rw-p 00000000 00:00 0                          [heap]
7f8f34511000-7f8f3c000000 r--s 00000000 00:25 13844                      /usr/lib/jvm/java-17-openjdk-amd64/lib/modules
7f8f3c000000-7f8f3e7c0000 rw-p 00000000 00:00 0 
7f8f3e7c0000-7f8f3e800000 rw-p 00000000 00:00 0 
7f8f3e800000-7f8f3e9e0000 rw-p 00000000 00:00 0 
7f8f3e9e0000-7f8f3ea00000 rw-p 00000000 00:00 0 
7f8f3ea00000-7f8f3eaa0000 rw-p 00000000 00:00 0 
7f8f3eaa0000-7f8f3eac0000 rw-p 00000000 00:00 0 
7f8f3eac0000-7f8f3eb00000 rw-p 00000000 00:00 0 
7f8f3eb00000-7f8f3ed00000 rw-p 00000000 00:00 0 
7f8f3ed00000-7f8f3ef00000 rw-p 00000000 00:00 0 
7f8f3ef00000-7f8f3ef40000 rw-p 00000000 00:00 0 
7f8f3ef40000-7f8f3ef80000 rw-p 00000000 00:00 0 
7f8f3ef80000-7f8f3f080000 rw-p 00000000 00:00 0 
7f8f3f080000-7f8f3f100000 rw-p 00000000 00:00 0 
7f8f3f100000-7f8f3f300000 rw-p 00000000 00:00 0 
7f8f3f300000-7f8f3f400000 rw-p 00000000 00:00 0 
7f8f3f400000-7f8f3f700000 rw-p 00000000 00:00 0 
7f8f3f700000-7f8f3f800000 rw-p 00000000 00:00 0 
7f8f3f800000-7f8f3ff00000 rw-p 00000000 00:00 0 
7f8f3ff00000-7f8f40000000 rw-p 00000000 00:00 0 
7f8f41acb000-7f8f42584000 r--s 00000000 fe:00 528119                     /root/.gradle/caches/9.3.1/transforms/5311a16e4ea4b3d81cfd0feb87d8240e/transformed/foundation-api.jar
7f8f42584000-7f8f44000000 r--s 00000000 fe:00 395651                     /opt/android-sdk/platforms/android-36/android.jar
7f8f44000000-7f8f46420000 rw-p 00000000 00:00 0 
7f8f46420000-7f8f46fe0000 rw-p 00000000 00:00 0 
7f8f46fe0000-7f8f48000000 ---p 00000000 00:00 0 
7f8f48000000-7f8f486c0000 rw-p 00000000 00:00 0 
7f8f486c0000-7f8f49600000 rw-p 00000000 00:00 0 
7f8f49600000-7f8f49900000 rw-p 00000000 00:00 0 
7f8f49900000-7f8f49b00000 rw-p 00000000 00:00 0 
7f8f49b00000-7f8f49c00000 rw-p 00000000 00:00 0 
7f8f49c00000-7f8f49e20000 rw-p 00000000 00:00 0 
7f8f49e20000-7f8f4a100000 rw-p 00000000 00:00 0 
7f8f4a100000-7f8f4a200000 rw-p 00000000 00:00 0 
7f8f4a200000-7f8f4b1c0000 rw-p 00000000 00:00 0 
7f8f4b1c0000-7f8f4b200000 rw-p 00000000 00:00 0 
7f8f4b200000-7f8f4b550000 rw-p 00000000 00:00 0 
7f8f4b550000-7f8f4b600000 ---p 00000000 00:00 0 
7f8f4b600000-7f8f4c000000 rw-p 00000000 00:00 0 
7f8f4c511000-7f8f54000000 r--s 00000000 00:25 13844                      /usr/lib/jvm/java-17-openjdk-amd64/lib/modules
7f8f54000000-7f8f55e6d000 rw-p 00000000 00:00 0 
7f8f55e6d000-7f8f58000000 ---p 00000000 00:00 0 
7f8f58000000-7f8f5829a000 rw-p 00000000 00:00 0 
7f8f5829a000-7f8f5c000000 ---p 00000000 00:00 0 
7f8f5c000000-7f8f5c0d3000 rw-p 00000000 00:00 0 
7f8f5c0d3000-7f8f60000000 ---p 00000000 00:00 0 
7f8f60000000-7f8f639ae000 rw-p 00000000 00:00 0 
7f8f639ae000-7f8f64000000 ---p 00000000 00:00 0 
7f8f64000000-7f8f64056000 rw-p 00000000 00:00 0 
7f8f64056000-7f8f68000000 ---p 00000000 00:00 0 
7f8f68000000-7f8f6851d000 rw-p 00000000 00:00 0 
7f8f6851d000-7f8f6c000000 ---p 00000000 00:00 0 
7f8f6c000000-7f8f6c033000 rw-p 00000000 00:00 0 
7f8f6c033000-7f8f70000000 ---p 00000000 00:00 0 
7f8f70000000-7f8f70048000 rw-p 00000000 00:00 0 
7f8f70048000-7f8f74000000 ---p 00000000 00:00 0 
7f8f74000000-7f8f7462f000 rw-p 00000000 00:00 0 
7f8f7462f000-7f8f78000000 ---p 00000000 00:00 0 
7f8f78513000-7f8f78705000 r--s 00000000 fe:00 528142                     /root/.gradle/caches/9.3.1/transforms/7f8aa8ff8c2669c9c5e3d185af11ab01/transformed/ui-text-api.jar
7f8f78705000-7f8f78a6a000 r--s 00000000 fe:00 528092                     /root/.gradle/caches/9.3.1/transforms/4038ba0b43adfedf247246cbf697d6ce/transformed/material-api.jar
7f8f78a6a000-7f8f78aa0000 r--s 00000000 fe:00 528127                     /root/.gradle/caches/9.3.1/transforms/89edce8b163c4ac4093c20097b686ad3/transformed/ui-unit-api.jar
7f8f78aa0000-7f8f78ab6000 r--s 00000000 fe:00 528199                     /root/.gradle/caches/9.3.1/transforms/656273b6f4cac8321d94d4838dcb38a1/transformed/datastore-preferences-core-api.jar
7f8f78ab6000-7f8f78b27000 r--s 00000000 fe:00 528194                     /root/.gradle/caches/9.3.1/transforms/1bb80a88c0e32972e8f2ea750905002a/transformed/datastore-core-api.jar
7f8f78b27000-7f8f78cd3000 r--s 00000000 fe:00 528112                     /root/.gradle/caches/9.3.1/transforms/49066267ac65ef5fc11c7a58f897cd47/transformed/foundation-layout-api.jar
7f8f78cd3000-7f8f78e63000 r--s 00000000 fe:00 528132                     /root/.gradle/caches/9.3.1/transforms/a56180203e6308245b595f20ee3b5a28/transformed/ui-graphics-api.jar
7f8f78e63000-7f8f795eb000 r--s 00000000 fe:00 528147                     /root/.gradle/caches/9.3.1/transforms/4fe93a86a1e95793edd6e7dc00f3db7e/transformed/ui-api.jar
7f8f795eb000-7f8f79640000 r--s 00000000 fe:00 528248                     /root/.gradle/caches/9.3.1/transforms/0c3db1305f65ec1f260ed6a92ec833c3/transformed/savedstate-release-api.jar
7f8f79640000-7f8f796ab000 r--s 00000000 fe:00 528185                     /root/.gradle/caches/9.3.1/transforms/4b902add6b64bc1e7374f87d3d797f10/transformed/core-ktx-1.18.0-api.jar
7f8f796ab000-7f8f7996b000 r--s 00000000 fe:00 528088                     /root/.gradle/caches/9.3.1/transforms/8048feba4d3038e995237d198adf2c21/transformed/core-1.18.0-api.jar
7f8f7996b000-7f8f79b24000 r--s 00000000 fe:00 407146                     /root/.gradle/caches/modules-2/files-2.1/org.jetbrains.kotlin/kotlin-stdlib/2.3.21/a2ee2c4e220fee522f0451b723bab2a43f3481a7/kotlin-stdlib-2.3.21.jar
7f8f79b24000-7f8f79b84000 r--s 00000000 fe:00 407144                     /root/.gradle/caches/modules-2/files-2.1/org.jetbrains.kotlinx/kotlinx-serialization-core-jvm/1.7.3/1f226780b845ff9206474c05159245d861556249/kotlinx-serialization-core-jvm-1.7.3.jar
7f8f79b84000-7f8f79bdf000 r--s 00000000 fe:00 407143                     /root/.gradle/caches/modules-2/files-2.1/com.squareup.okio/okio-jvm/3.9.1/79696e3f4ff05d41ba2b3dc68adb5808a2e5dc53/okio-jvm-3.9.1.jar
7f8f79bdf000-7f8f79d45000 r--s 00000000 fe:00 394959                     /root/.gradle/caches/modules-2/files-2.1/org.jetbrains.kotlinx/kotlinx-coroutines-core-jvm/1.9.0/9beade4c1c1569e4f36cbd2c37e02e3e41502601/kotlinx-coroutines-core-jvm-1.9.0.jar
7f8f79d45000-7f8f7a1f2000 r--s 00000000 fe:00 528254                     /root/.gradle/caches/9.3.1/transforms/d0f7cd4adae7551609c65d5ca94a7594/transformed/runtime-api.jar
7f8f7a1f2000-7f8f7a1f3000 ---p 00000000 00:00 0 
7f8f7a1f3000-7f8f7a1f7000 ---p 00000000 00:00 0 
7f8f7a1f7000-7f8f7a2f3000 rw-p 00000000 00:00 0 
7f8f7a2f3000-7f8f7a2f4000 ---p 00000000 00:00 0 
7f8f7a2f4000-7f8f7a2f8000 ---p 00000000 00:00 0 
7f8f7a2f8000-7f8f7a3f4000 rw-p 00000000 00:00 0 
7f8f7a3f4000-7f8f7a3f5000 ---p 00000000 00:00 0 
7f8f7a3f5000-7f8f7a3f9000 ---p 00000000 00:00 0 
7f8f7a3f9000-7f8f7a4f5000 rw-p 00000000 00:00 0 
7f8f7a4f5000-7f8f7a4f6000 ---p 00000000 00:00 0 
7f8f7a4f6000-7f8f7a4fa000 ---p 00000000 00:00 0 
7f8f7a4fa000-7f8f7a5f6000 rw-p 00000000 00:00 0 
7f8f7a5f6000-7f8f7a5f7000 ---p 00000000 00:00 0 
7f8f7a5f7000-7f8f7a5fb000 ---p 00000000 00:00 0 
7f8f7a5fb000-7f8f7a6f7000 rw-p 00000000 00:00 0 
7f8f7a6f7000-7f8f7a6f8000 ---p 00000000 00:00 0 
7f8f7a6f8000-7f8f7a6fc000 ---p 00000000 00:00 0 
7f8f7a6fc000-7f8f7a7f8000 rw-p 00000000 00:00 0 
7f8f7a7f8000-7f8f7a7f9000 ---p 00000000 00:00 0 
7f8f7a7f9000-7f8f7a7fd000 ---p 00000000 00:00 0 
7f8f7a7fd000-7f8f7a8f9000 rw-p 00000000 00:00 0 
7f8f7a8f9000-7f8f7a8fa000 ---p 00000000 00:00 0 
7f8f7a8fa000-7f8f7a8fe000 ---p 00000000 00:00 0 
7f8f7a8fe000-7f8f7a9fa000 rw-p 00000000 00:00 0 
7f8f7a9fa000-7f8f7a9fb000 ---p 00000000 00:00 0 
7f8f7a9fb000-7f8f7a9ff000 ---p 00000000 00:00 0 
7f8f7a9ff000-7f8f7aafb000 rw-p 00000000 00:00 0 
7f8f7aafb000-7f8f7aafc000 ---p 00000000 00:00 0 
7f8f7aafc000-7f8f7ab00000 ---p 00000000 00:00 0 
7f8f7ab00000-7f8f7abfc000 rw-p 00000000 00:00 0 
7f8f7abfc000-7f8f7abfd000 ---p 00000000 00:00 0 
7f8f7abfd000-7f8f7ac01000 ---p 00000000 00:00 0 
7f8f7ac01000-7f8f7acfd000 rw-p 00000000 00:00 0 
7f8f7acfd000-7f8f7acfe000 ---p 00000000 00:00 0 
7f8f7acfe000-7f8f7ad02000 ---p 00000000 00:00 0 
7f8f7ad02000-7f8f7adfe000 rw-p 00000000 00:00 0 
7f8f7adfe000-7f8f7adff000 ---p 00000000 00:00 0 
7f8f7adff000-7f8f7ae03000 ---p 00000000 00:00 0 
7f8f7ae03000-7f8f7aeff000 rw-p 00000000 00:00 0 
7f8f7aeff000-7f8f7af00000 ---p 00000000 00:00 0 
7f8f7af00000-7f8f7af04000 ---p 00000000 00:00 0 
7f8f7af04000-7f8f7b000000 rw-p 00000000 00:00 0 
7f8f7b000000-7f8f7b455000 rw-p 00001000 00:25 13853                      /usr/lib/jvm/java-17-openjdk-amd64/lib/server/classes.jsa
7f8f7b455000-7f8f7bbca000 rw-p 00456000 00:25 13853                      /usr/lib/jvm/java-17-openjdk-amd64/lib/server/classes.jsa
7f8f7bbca000-7f8f7c000000 ---p 00000000 00:00 0 
7f8f7c000000-7f8f7c040000 rw-p 00000000 00:00 0 
7f8f7c040000-7f8f7c080000 rw-p 00000000 00:00 0 
7f8f7c080000-7f8f7c140000 rw-p 00000000 00:00 0 
7f8f7c140000-7f8f7c180000 rw-p 00000000 00:00 0 
7f8f7c180000-7f8f7c460000 rw-p 00000000 00:00 0 
7f8f7c460000-7f8f7c480000 rw-p 00000000 00:00 0 
7f8f7c480000-7f8f7ccc0000 rw-p 00000000 00:00 0 
7f8f7ccc0000-7f8f7cd00000 rw-p 00000000 00:00 0 
7f8f7cd00000-7f8f7d040000 rw-p 00000000 00:00 0 
7f8f7d040000-7f8f7d0c0000 rw-p 00000000 00:00 0 
7f8f7d0c0000-7f8f7d100000 rw-p 00000000 00:00 0 
7f8f7d100000-7f8f7d260000 rw-p 00000000 00:00 0 
7f8f7d260000-7f8f7d280000 rw-p 00000000 00:00 0 
7f8f7d280000-7f8f7d640000 rw-p 00000000 00:00 0 
7f8f7d640000-7f8f7d680000 rw-p 00000000 00:00 0 
7f8f7d680000-7f8f7d700000 rw-p 00000000 00:00 0 
7f8f7d700000-7f8f7d9c0000 rw-p 00000000 00:00 0 
7f8f7d9c0000-7f8f7d9d0000 rw-p 00000000 00:00 0 
7f8f7d9d0000-7f8f7da00000 ---p 00000000 00:00 0 
7f8f7da00000-7f8f7e2a0000 rw-p 00000000 00:00 0 
7f8f7e2a0000-7f8fbc000000 ---p 00000000 00:00 0 
7f8fbc000000-7f8fbc025000 rw-p 00000000 00:00 0 
7f8fbc025000-7f8fc0000000 ---p 00000000 00:00 0 
7f8fc0000000-7f8fc0400000 rw-p 00000000 00:00 0 
7f8fc0400000-7f8fc0900000 rw-p 00000000 00:00 0 
7f8fc0900000-7f8fc1400000 rw-p 00000000 00:00 0 
7f8fc1400000-7f8fc1b00000 rw-p 00000000 00:00 0 
7f8fc1b00000-7f8fc1c00000 rw-p 00000000 00:00 0 
7f8fc1c00000-7f8fc2b00000 rw-p 00000000 00:00 0 
7f8fc2b00000-7f8fc2c00000 rw-p 00000000 00:00 0 
7f8fc2c00000-7f8fc4000000 rw-p 00000000 00:00 0 
7f8fc4000000-7f8fc7f52000 rw-p 00000000 00:00 0 
7f8fc7f52000-7f8fc8000000 ---p 00000000 00:00 0 
7f8fc80b8000-7f8fc80e1000 r--s 00000000 fe:00 528081                     /root/.gradle/caches/9.3.1/transforms/1fd00877789578d37387e30e370de03a/transformed/activity-compose-1.13.0-api.jar
7f8fc80e1000-7f8fc80e2000 ---p 00000000 00:00 0 
7f8fc80e2000-7f8fc80e6000 ---p 00000000 00:00 0 
7f8fc80e6000-7f8fc81e2000 rw-p 00000000 00:00 0 
7f8fc81e2000-7f8fc81e3000 ---p 00000000 00:00 0 
7f8fc81e3000-7f8fc81e7000 ---p 00000000 00:00 0 
7f8fc81e7000-7f8fc82e3000 rw-p 00000000 00:00 0 
7f8fc82e3000-7f8fc82e4000 ---p 00000000 00:00 0 
7f8fc82e4000-7f8fc82e8000 ---p 00000000 00:00 0 
7f8fc82e8000-7f8fc83e4000 rw-p 00000000 00:00 0 
7f8fc83e4000-7f8fc83e5000 ---p 00000000 00:00 0 
7f8fc83e5000-7f8fc83e9000 ---p 00000000 00:00 0 
7f8fc83e9000-7f8fc84e5000 rw-p 00000000 00:00 0 
7f8fc84e5000-7f8fc84e6000 ---p 00000000 00:00 0 
7f8fc84e6000-7f8fc84ea000 ---p 00000000 00:00 0 
7f8fc84ea000-7f8fc85e6000 rw-p 00000000 00:00 0 
7f8fc85e6000-7f8fc85e7000 ---p 00000000 00:00 0 
7f8fc85e7000-7f8fc85eb000 ---p 00000000 00:00 0 
7f8fc85eb000-7f8fc86e7000 rw-p 00000000 00:00 0 
7f8fc86e7000-7f8fc86e8000 ---p 00000000 00:00 0 
7f8fc86e8000-7f8fc86ec000 ---p 00000000 00:00 0 
7f8fc86ec000-7f8fc87e8000 rw-p 00000000 00:00 0 
7f8fc87e8000-7f8fc87e9000 ---p 00000000 00:00 0 
7f8fc87e9000-7f8fc87ed000 ---p 00000000 00:00 0 
7f8fc87ed000-7f8fc88e9000 rw-p 00000000 00:00 0 
7f8fc88e9000-7f8fc88ea000 ---p 00000000 00:00 0 
7f8fc88ea000-7f8fc88ee000 ---p 00000000 00:00 0 
7f8fc88ee000-7f8fc89ea000 rw-p 00000000 00:00 0 
7f8fc89ea000-7f8fc89eb000 ---p 00000000 00:00 0 
7f8fc89eb000-7f8fc89ef000 ---p 00000000 00:00 0 
7f8fc89ef000-7f8fc8aeb000 rw-p 00000000 00:00 0 
7f8fc8aeb000-7f8fc8aec000 ---p 00000000 00:00 0 
7f8fc8aec000-7f8fc8af0000 ---p 00000000 00:00 0 
7f8fc8af0000-7f8fc8bec000 rw-p 00000000 00:00 0 
7f8fc8bec000-7f8fc8bed000 ---p 00000000 00:00 0 
7f8fc8bed000-7f8fc8bf1000 ---p 00000000 00:00 0 
7f8fc8bf1000-7f8fc8ced000 rw-p 00000000 00:00 0 
7f8fc8ced000-7f8fc8cee000 ---p 00000000 00:00 0 
7f8fc8cee000-7f8fc8cf2000 ---p 00000000 00:00 0 
7f8fc8cf2000-7f8fc8dee000 rw-p 00000000 00:00 0 
7f8fc8dee000-7f8fc8def000 ---p 00000000 00:00 0 
7f8fc8def000-7f8fc8df3000 ---p 00000000 00:00 0 
7f8fc8df3000-7f8fc8eef000 rw-p 00000000 00:00 0 
7f8fc8eef000-7f8fc8ef0000 ---p 00000000 00:00 0 
7f8fc8ef0000-7f8fc8ef4000 ---p 00000000 00:00 0 
7f8fc8ef4000-7f8fc8ff0000 rw-p 00000000 00:00 0 
7f8fc8ff0000-7f8fc8ff1000 ---p 00000000 00:00 0 
7f8fc8ff1000-7f8fc8ff5000 ---p 00000000 00:00 0 
7f8fc8ff5000-7f8fc90f1000 rw-p 00000000 00:00 0 
7f8fc90f1000-7f8fc90f2000 ---p 00000000 00:00 0 
7f8fc90f2000-7f8fc90f6000 ---p 00000000 00:00 0 
7f8fc90f6000-7f8fc91f2000 rw-p 00000000 00:00 0 
7f8fc91f2000-7f8fc91f3000 ---p 00000000 00:00 0 
7f8fc91f3000-7f8fc91f7000 ---p 00000000 00:00 0 
7f8fc91f7000-7f8fc92f3000 rw-p 00000000 00:00 0 
7f8fc92f3000-7f8fc92f4000 ---p 00000000 00:00 0 
7f8fc92f4000-7f8fc92f8000 ---p 00000000 00:00 0 
7f8fc92f8000-7f8fc93f4000 rw-p 00000000 00:00 0 
7f8fc93f4000-7f8fc93f5000 ---p 00000000 00:00 0 
7f8fc93f5000-7f8fc93f9000 ---p 00000000 00:00 0 
7f8fc93f9000-7f8fc94f5000 rw-p 00000000 00:00 0 
7f8fc94f5000-7f8fc94f6000 ---p 00000000 00:00 0 
7f8fc94f6000-7f8fc94fa000 ---p 00000000 00:00 0 
7f8fc94fa000-7f8fc95f6000 rw-p 00000000 00:00 0 
7f8fc95f6000-7f8fc95f7000 ---p 00000000 00:00 0 
7f8fc95f7000-7f8fc95fb000 ---p 00000000 00:00 0 
7f8fc95fb000-7f8fc96f7000 rw-p 00000000 00:00 0 
7f8fc96f7000-7f8fc96f8000 ---p 00000000 00:00 0 
7f8fc96f8000-7f8fc96fc000 ---p 00000000 00:00 0 
7f8fc96fc000-7f8fc97f8000 rw-p 00000000 00:00 0 
7f8fc97f8000-7f8fc97f9000 ---p 00000000 00:00 0 
7f8fc97f9000-7f8fc97fd000 ---p 00000000 00:00 0 
7f8fc97fd000-7f8fc98f9000 rw-p 00000000 00:00 0 
7f8fc98f9000-7f8fc98fa000 ---p 00000000 00:00 0 
7f8fc98fa000-7f8fc98fe000 ---p 00000000 00:00 0 
7f8fc98fe000-7f8fc99fa000 rw-p 00000000 00:00 0 
7f8fc99fa000-7f8fc99fb000 ---p 00000000 00:00 0 
7f8fc99fb000-7f8fc99ff000 ---p 00000000 00:00 0 
7f8fc99ff000-7f8fc9afb000 rw-p 00000000 00:00 0 
7f8fc9afb000-7f8fc9afc000 ---p 00000000 00:00 0 
7f8fc9afc000-7f8fc9b00000 ---p 00000000 00:00 0 
7f8fc9b00000-7f8fc9bfc000 rw-p 00000000 00:00 0 
7f8fc9bfc000-7f8fc9bfd000 ---p 00000000 00:00 0 
7f8fc9bfd000-7f8fc9c01000 ---p 00000000 00:00 0 
7f8fc9c01000-7f8fc9cfd000 rw-p 00000000 00:00 0 
7f8fc9cfd000-7f8fc9cfe000 ---p 00000000 00:00 0 
7f8fc9cfe000-7f8fc9d02000 ---p 00000000 00:00 0 
7f8fc9d02000-7f8fc9dfe000 rw-p 00000000 00:00 0 
7f8fc9dfe000-7f8fc9dff000 ---p 00000000 00:00 0 
7f8fc9dff000-7f8fc9e03000 ---p 00000000 00:00 0 
7f8fc9e03000-7f8fc9eff000 rw-p 00000000 00:00 0 
7f8fc9eff000-7f8fc9f00000 ---p 00000000 00:00 0 
7f8fc9f00000-7f8fc9f04000 ---p 00000000 00:00 0 
7f8fc9f04000-7f8fcc000000 rw-p 00000000 00:00 0 
7f8fcc000000-7f8fcc2ce000 rw-p 00000000 00:00 0 
7f8fcc2ce000-7f8fd0000000 ---p 00000000 00:00 0 
7f8fd0000000-7f8fd071f000 rw-p 00000000 00:00 0 
7f8fd071f000-7f8fd4000000 ---p 00000000 00:00 0 
7f8fd4000000-7f8fd41cd000 rw-p 00000000 00:00 0 
7f8fd41cd000-7f8fd8000000 ---p 00000000 00:00 0 
7f8fd8004000-7f8fd8026000 r--s 00000000 fe:00 528137                     /root/.gradle/caches/9.3.1/transforms/da2d26af86a7a4af81f160c1c7b286f3/transformed/ui-geometry-api.jar
7f8fd8026000-7f8fd803e000 r--s 00000000 fe:00 528219                     /root/.gradle/caches/9.3.1/transforms/ba42455c6bdaa15ae2d52a44e582fa66/transformed/navigationevent-api.jar
7f8fd803e000-7f8fd805b000 r--s 00000000 fe:00 528180                     /root/.gradle/caches/9.3.1/transforms/98f78ad68b2e1b5edda4c524d5c115f5/transformed/lifecycle-viewmodel-savedstate-release-api.jar
7f8fd805b000-7f8fd807d000 r--s 00000000 fe:00 528175                     /root/.gradle/caches/9.3.1/transforms/fe5e79a5b425e38c9eb7aa7c8b5fc722/transformed/lifecycle-viewmodel-release-api.jar
7f8fd807d000-7f8fd80f1000 r--s 00000000 fe:00 528082                     /root/.gradle/caches/9.3.1/transforms/5c8432fe7827ef132b2f767da37efd64/transformed/activity-1.13.0-api.jar
7f8fd80f1000-7f8fd80f2000 ---p 00000000 00:00 0 
7f8fd80f2000-7f8fd80f6000 ---p 00000000 00:00 0 
7f8fd80f6000-7f8fd81f2000 rw-p 00000000 00:00 0 
7f8fd81f2000-7f8fd81f3000 ---p 00000000 00:00 0 
7f8fd81f3000-7f8fd81f7000 ---p 00000000 00:00 0 
7f8fd81f7000-7f8fd82f3000 rw-p 00000000 00:00 0 
7f8fd82f3000-7f8fd82f4000 ---p 00000000 00:00 0 
7f8fd82f4000-7f8fd82f8000 ---p 00000000 00:00 0 
7f8fd82f8000-7f8fd83f4000 rw-p 00000000 00:00 0 
7f8fd83f4000-7f8fd83f5000 ---p 00000000 00:00 0 
7f8fd83f5000-7f8fd83f9000 ---p 00000000 00:00 0 
7f8fd83f9000-7f8fd84f5000 rw-p 00000000 00:00 0 
7f8fd84f5000-7f8fd84f6000 ---p 00000000 00:00 0 
7f8fd84f6000-7f8fd84fa000 ---p 00000000 00:00 0 
7f8fd84fa000-7f8fd85f6000 rw-p 00000000 00:00 0 
7f8fd85f6000-7f8fd85f7000 ---p 00000000 00:00 0 
7f8fd85f7000-7f8fd85fb000 ---p 00000000 00:00 0 
7f8fd85fb000-7f8fd86f7000 rw-p 00000000 00:00 0 
7f8fd86f7000-7f8fd86f8000 ---p 00000000 00:00 0 
7f8fd86f8000-7f8fd86fc000 ---p 00000000 00:00 0 
7f8fd86fc000-7f8fd87f8000 rw-p 00000000 00:00 0 
7f8fd87f8000-7f8fd87f9000 ---p 00000000 00:00 0 
7f8fd87f9000-7f8fd87fd000 ---p 00000000 00:00 0 
7f8fd87fd000-7f8fd88f9000 rw-p 00000000 00:00 0 
7f8fd88f9000-7f8fd88fa000 ---p 00000000 00:00 0 
7f8fd88fa000-7f8fd88fe000 ---p 00000000 00:00 0 
7f8fd88fe000-7f8fd89fa000 rw-p 00000000 00:00 0 
7f8fd89fa000-7f8fd89fb000 ---p 00000000 00:00 0 
7f8fd89fb000-7f8fd89ff000 ---p 00000000 00:00 0 
7f8fd89ff000-7f8fd8afb000 rw-p 00000000 00:00 0 
7f8fd8afb000-7f8fd8afc000 ---p 00000000 00:00 0 
7f8fd8afc000-7f8fd8b00000 ---p 00000000 00:00 0 
7f8fd8b00000-7f8fd8bfc000 rw-p 00000000 00:00 0 
7f8fd8bfc000-7f8fd8bfd000 ---p 00000000 00:00 0 
7f8fd8bfd000-7f8fd8c01000 ---p 00000000 00:00 0 
7f8fd8c01000-7f8fd8cfd000 rw-p 00000000 00:00 0 
7f8fd8cfd000-7f8fd8cfe000 ---p 00000000 00:00 0 
7f8fd8cfe000-7f8fd8d02000 ---p 00000000 00:00 0 
7f8fd8d02000-7f8fd8dfe000 rw-p 00000000 00:00 0 
7f8fd8dfe000-7f8fd8dff000 ---p 00000000 00:00 0 
7f8fd8dff000-7f8fd8e03000 ---p 00000000 00:00 0 
7f8fd8e03000-7f8fd8eff000 rw-p 00000000 00:00 0 
7f8fd8eff000-7f8fd8f00000 ---p 00000000 00:00 0 
7f8fd8f00000-7f8fd9000000 rw-p 00000000 00:00 0 
7f8fd9000000-7f8fd9005000 r-xp 00000000 fe:00 393979                     /root/.gradle/native/660c5614fbf4a5f2a75b1949f50a0caf5cd603558e7d8a26e50b933a0cfb79d1/linux-amd64/libnative-platform.so
7f8fd9005000-7f8fd9205000 ---p 00005000 fe:00 393979                     /root/.gradle/native/660c5614fbf4a5f2a75b1949f50a0caf5cd603558e7d8a26e50b933a0cfb79d1/linux-amd64/libnative-platform.so
7f8fd9205000-7f8fd9206000 r--p 00005000 fe:00 393979                     /root/.gradle/native/660c5614fbf4a5f2a75b1949f50a0caf5cd603558e7d8a26e50b933a0cfb79d1/linux-amd64/libnative-platform.so
7f8fd9206000-7f8fd9207000 rw-p 00006000 fe:00 393979                     /root/.gradle/native/660c5614fbf4a5f2a75b1949f50a0caf5cd603558e7d8a26e50b933a0cfb79d1/linux-amd64/libnative-platform.so
7f8fd920f000-7f8fd9218000 r--s 00000000 fe:00 528209                     /root/.gradle/caches/9.3.1/transforms/6bdca308ce45a5876fddedd7ef3f9a6f/transformed/datastore-preferences-api.jar
7f8fd9218000-7f8fd9227000 r--s 00000000 fe:00 407133                     /root/.gradle/caches/modules-2/files-2.1/androidx.lifecycle/lifecycle-common-jvm/2.9.4/ab739bccdb3541983385af169565c7c035d897e7/lifecycle-common-jvm-2.9.4.jar
7f8fd9227000-7f8fd9228000 ---p 00000000 00:00 0 
7f8fd9228000-7f8fd922c000 ---p 00000000 00:00 0 
7f8fd922c000-7f8fd924a000 rw-p 00000000 00:00 0 
7f8fd924a000-7f8fd924b000 r--p 00000000 00:25 13837                      /usr/lib/jvm/java-17-openjdk-amd64/lib/librmi.so
7f8fd924b000-7f8fd924c000 r-xp 00001000 00:25 13837                      /usr/lib/jvm/java-17-openjdk-amd64/lib/librmi.so
7f8fd924c000-7f8fd924d000 r--p 00002000 00:25 13837                      /usr/lib/jvm/java-17-openjdk-amd64/lib/librmi.so
7f8fd924d000-7f8fd924e000 r--p 00002000 00:25 13837                      /usr/lib/jvm/java-17-openjdk-amd64/lib/librmi.so
7f8fd924e000-7f8fd924f000 rw-p 00003000 00:25 13837                      /usr/lib/jvm/java-17-openjdk-amd64/lib/librmi.so
7f8fd924f000-7f8fd9250000 ---p 00000000 00:00 0 
7f8fd9250000-7f8fd9254000 ---p 00000000 00:00 0 
7f8fd9254000-7f8fd9272000 rw-p 00000000 00:00 0 
7f8fd9272000-7f8fd9273000 r--p 00000000 00:25 13813                      /usr/lib/jvm/java-17-openjdk-amd64/lib/libextnet.so
7f8fd9273000-7f8fd9274000 r-xp 00001000 00:25 13813                      /usr/lib/jvm/java-17-openjdk-amd64/lib/libextnet.so
7f8fd9274000-7f8fd9275000 r--p 00002000 00:25 13813                      /usr/lib/jvm/java-17-openjdk-amd64/lib/libextnet.so
7f8fd9275000-7f8fd9276000 r--p 00002000 00:25 13813                      /usr/lib/jvm/java-17-openjdk-amd64/lib/libextnet.so
7f8fd9276000-7f8fd9277000 rw-p 00003000 00:25 13813                      /usr/lib/jvm/java-17-openjdk-amd64/lib/libextnet.so
7f8fd9277000-7f8fd9279000 r--p 00000000 00:25 13832                      /usr/lib/jvm/java-17-openjdk-amd64/lib/libmanagement_ext.so
7f8fd9279000-7f8fd927c000 r-xp 00002000 00:25 13832                      /usr/lib/jvm/java-17-openjdk-amd64/lib/libmanagement_ext.so
7f8fd927c000-7f8fd927d000 r--p 00005000 00:25 13832                      /usr/lib/jvm/java-17-openjdk-amd64/lib/libmanagement_ext.so
7f8fd927d000-7f8fd927e000 r--p 00006000 00:25 13832                      /usr/lib/jvm/java-17-openjdk-amd64/lib/libmanagement_ext.so
7f8fd927e000-7f8fd927f000 rw-p 00007000 00:25 13832                      /usr/lib/jvm/java-17-openjdk-amd64/lib/libmanagement_ext.so
7f8fd927f000-7f8fd92bb000 r--p 00000000 fe:00 394006                     /root/.gradle/native/0.2.8/x86_64-linux-gnu/libgradle-fileevents.so
7f8fd92bb000-7f8fd9303000 r-xp 0003b000 fe:00 394006                     /root/.gradle/native/0.2.8/x86_64-linux-gnu/libgradle-fileevents.so
7f8fd9303000-7f8fd930c000 r--p 00082000 fe:00 394006                     /root/.gradle/native/0.2.8/x86_64-linux-gnu/libgradle-fileevents.so
7f8fd930c000-7f8fd930d000 rw-p 0008a000 fe:00 394006                     /root/.gradle/native/0.2.8/x86_64-linux-gnu/libgradle-fileevents.so
7f8fd930d000-7f8fd930f000 rw-p 00000000 00:00 0 
7f8fd930f000-7f8fd9310000 ---p 00000000 00:00 0 
7f8fd9310000-7f8fd9410000 rw-p 00000000 00:00 0 
7f8fd9410000-7f8fd9411000 ---p 00000000 00:00 0 
7f8fd9411000-7f8fda1ad000 rw-p 00000000 00:00 0 
7f8fda1ad000-7f8fdb509000 ---p 00000000 00:00 0 
7f8fdb509000-7f8fdc1ad000 rw-p 00000000 00:00 0 
7f8fdc1ad000-7f8fdd509000 ---p 00000000 00:00 0 
7f8fdd509000-7f8fdd511000 rw-p 00000000 00:00 0 
7f8fdd511000-7f8fe2091000 rwxp 00000000 00:00 0 
7f8fe2091000-7f8fe4a49000 ---p 00000000 00:00 0 
7f8fe4a49000-7f8fe4cb9000 rwxp 00000000 00:00 0 
7f8fe4cb9000-7f8fe4fd8000 ---p 00000000 00:00 0 
7f8fe4fd8000-7f8fe6498000 rwxp 00000000 00:00 0 
7f8fe6498000-7f8fec511000 ---p 00000000 00:00 0 
7f8fec511000-7f8ff4000000 r--s 00000000 00:25 13844                      /usr/lib/jvm/java-17-openjdk-amd64/lib/modules
7f8ff4000000-7f8ff5520000 rw-p 00000000 00:00 0 
7f8ff5520000-7f8ff8000000 ---p 00000000 00:00 0 
7f8ff8004000-7f8ff8005000 r--p 00000000 00:25 17909                      /usr/lib/x86_64-linux-gnu/libdl.so.2
7f8ff8005000-7f8ff8006000 r-xp 00001000 00:25 17909                      /usr/lib/x86_64-linux-gnu/libdl.so.2
7f8ff8006000-7f8ff8007000 r--p 00002000 00:25 17909                      /usr/lib/x86_64-linux-gnu/libdl.so.2
7f8ff8007000-7f8ff8008000 r--p 00002000 00:25 17909                      /usr/lib/x86_64-linux-gnu/libdl.so.2
7f8ff8008000-7f8ff8009000 rw-p 00003000 00:25 17909                      /usr/lib/x86_64-linux-gnu/libdl.so.2
7f8ff8009000-7f8ff800a000 r--p 00000000 00:25 18162                      /usr/lib/x86_64-linux-gnu/libpthread.so.0
7f8ff800a000-7f8ff800b000 r-xp 00001000 00:25 18162                      /usr/lib/x86_64-linux-gnu/libpthread.so.0
7f8ff800b000-7f8ff800c000 r--p 00002000 00:25 18162                      /usr/lib/x86_64-linux-gnu/libpthread.so.0
7f8ff800c000-7f8ff800d000 r--p 00002000 00:25 18162                      /usr/lib/x86_64-linux-gnu/libpthread.so.0
7f8ff800d000-7f8ff800e000 rw-p 00003000 00:25 18162                      /usr/lib/x86_64-linux-gnu/libpthread.so.0
7f8ff800e000-7f8ff8012000 r--p 00000000 00:25 13842                      /usr/lib/jvm/java-17-openjdk-amd64/lib/libverify.so
7f8ff8012000-7f8ff8019000 r-xp 00004000 00:25 13842                      /usr/lib/jvm/java-17-openjdk-amd64/lib/libverify.so
7f8ff8019000-7f8ff801b000 r--p 0000b000 00:25 13842                      /usr/lib/jvm/java-17-openjdk-amd64/lib/libverify.so
7f8ff801b000-7f8ff801d000 r--p 0000c000 00:25 13842                      /usr/lib/jvm/java-17-openjdk-amd64/lib/libverify.so
7f8ff801d000-7f8ff801e000 rw-p 0000e000 00:25 13842                      /usr/lib/jvm/java-17-openjdk-amd64/lib/libverify.so
7f8ff801e000-7f8ff801f000 ---p 00000000 00:00 0 
7f8ff801f000-7f8ff8023000 ---p 00000000 00:00 0 
7f8ff8023000-7f8ff811f000 rw-p 00000000 00:00 0 
7f8ff811f000-7f8ff8123000 r--p 00000000 00:25 13834                      /usr/lib/jvm/java-17-openjdk-amd64/lib/libnet.so
7f8ff8123000-7f8ff8131000 r-xp 00004000 00:25 13834                      /usr/lib/jvm/java-17-openjdk-amd64/lib/libnet.so
7f8ff8131000-7f8ff8135000 r--p 00012000 00:25 13834                      /usr/lib/jvm/java-17-openjdk-amd64/lib/libnet.so
7f8ff8135000-7f8ff8136000 r--p 00015000 00:25 13834                      /usr/lib/jvm/java-17-openjdk-amd64/lib/libnet.so
7f8ff8136000-7f8ff8137000 rw-p 00016000 00:25 13834                      /usr/lib/jvm/java-17-openjdk-amd64/lib/libnet.so
7f8ff8137000-7f8ff8138000 ---p 00000000 00:00 0 
7f8ff8138000-7f8ff813c000 ---p 00000000 00:00 0 
7f8ff813c000-7f8ff8238000 rw-p 00000000 00:00 0 
7f8ff8238000-7f8ff8239000 ---p 00000000 00:00 0 
7f8ff8239000-7f8ff823d000 ---p 00000000 00:00 0 
7f8ff823d000-7f8ff8339000 rw-p 00000000 00:00 0 
7f8ff8339000-7f8ff833a000 ---p 00000000 00:00 0 
7f8ff833a000-7f8ff833e000 ---p 00000000 00:00 0 
7f8ff833e000-7f8ff843a000 rw-p 00000000 00:00 0 
7f8ff843a000-7f8ff843b000 ---p 00000000 00:00 0 
7f8ff843b000-7f8ff843f000 ---p 00000000 00:00 0 
7f8ff843f000-7f8ff853b000 rw-p 00000000 00:00 0 
7f8ff853b000-7f8ff853c000 ---p 00000000 00:00 0 
7f8ff853c000-7f8ff8540000 ---p 00000000 00:00 0 
7f8ff8540000-7f8ff863c000 rw-p 00000000 00:00 0 
7f8ff863c000-7f8ff863d000 ---p 00000000 00:00 0 
7f8ff863d000-7f8ff8641000 ---p 00000000 00:00 0 
7f8ff8641000-7f8ff873d000 rw-p 00000000 00:00 0 
7f8ff873d000-7f8ff873e000 ---p 00000000 00:00 0 
7f8ff873e000-7f8ff8742000 ---p 00000000 00:00 0 
7f8ff8742000-7f8ff883e000 rw-p 00000000 00:00 0 
7f8ff883e000-7f8ff8895000 r--p 00000000 00:25 13893                      /usr/lib/locale/C.utf8/LC_CTYPE
7f8ff8895000-7f8ff8896000 ---p 00000000 00:00 0 
7f8ff8896000-7f8ff889a000 ---p 00000000 00:00 0 
7f8ff889a000-7f8ff8996000 rw-p 00000000 00:00 0 
7f8ff8996000-7f8ff8997000 ---p 00000000 00:00 0 
7f8ff8997000-7f8ff899b000 ---p 00000000 00:00 0 
7f8ff899b000-7f8ff8a97000 rw-p 00000000 00:00 0 
7f8ff8a97000-7f8ff8a98000 ---p 00000000 00:00 0 
7f8ff8a98000-7f8ff8b98000 rw-p 00000000 00:00 0 
7f8ff8b98000-7f8ff8b9d000 r--p 00000000 00:25 13828                      /usr/lib/jvm/java-17-openjdk-amd64/lib/libjsvml.so
7f8ff8b9d000-7f8ff8bde000 r-xp 00005000 00:25 13828                      /usr/lib/jvm/java-17-openjdk-amd64/lib/libjsvml.so
7f8ff8bde000-7f8ff8c67000 r--p 00046000 00:25 13828                      /usr/lib/jvm/java-17-openjdk-amd64/lib/libjsvml.so
7f8ff8c67000-7f8ff8c68000 r--p 000ce000 00:25 13828                      /usr/lib/jvm/java-17-openjdk-amd64/lib/libjsvml.so
7f8ff8c68000-7f8ff8c69000 rw-p 000cf000 00:25 13828                      /usr/lib/jvm/java-17-openjdk-amd64/lib/libjsvml.so
7f8ff8c69000-7f8ff8d45000 rw-p 00000000 00:00 0 
7f8ff8d48000-7f8ff8d65000 r--s 00000000 fe:00 528166                     /root/.gradle/caches/9.3.1/transforms/1d25615fc1312be449eb0977d17d1618/transformed/lifecycle-runtime-release-api.jar
7f8ff8d65000-7f8ff8d6b000 r--s 00000000 fe:00 528156                     /root/.gradle/caches/9.3.1/transforms/033a54b0fa507c5d066bca639a59fbd7/transformed/lifecycle-livedata-core-2.9.4-api.jar
7f8ff8d6b000-7f8ff8d7a000 r--s 00000000 fe:00 407142                     /root/.gradle/caches/modules-2/files-2.1/androidx.annotation/annotation-jvm/1.9.1/b17951747e38bf3986a24431b9ba0d039958aa5f/annotation-jvm-1.9.1.jar
7f8ff8d7a000-7f8ff8d7f000 r--s 00000000 fe:00 407139                     /root/.gradle/caches/modules-2/files-2.1/org.jetbrains.kotlinx/kotlinx-coroutines-android/1.9.0/6cf3b8df5a2ce8c6b0dffe55657a827c405ee2fe/kotlinx-coroutines-android-1.9.0.jar
7f8ff8d89000-7f8ff8d8b000 r--p 00000000 00:25 13830                      /usr/lib/jvm/java-17-openjdk-amd64/lib/libmanagement.so
7f8ff8d8b000-7f8ff8d8c000 r-xp 00002000 00:25 13830                      /usr/lib/jvm/java-17-openjdk-amd64/lib/libmanagement.so
7f8ff8d8c000-7f8ff8d8d000 r--p 00003000 00:25 13830                      /usr/lib/jvm/java-17-openjdk-amd64/lib/libmanagement.so
7f8ff8d8d000-7f8ff8d8e000 r--p 00003000 00:25 13830                      /usr/lib/jvm/java-17-openjdk-amd64/lib/libmanagement.so
7f8ff8d8e000-7f8ff8d8f000 rw-p 00004000 00:25 13830                      /usr/lib/jvm/java-17-openjdk-amd64/lib/libmanagement.so
7f8ff8d8f000-7f8ff8d96000 r--p 00000000 00:25 13835                      /usr/lib/jvm/java-17-openjdk-amd64/lib/libnio.so
7f8ff8d96000-7f8ff8d9f000 r-xp 00007000 00:25 13835                      /usr/lib/jvm/java-17-openjdk-amd64/lib/libnio.so
7f8ff8d9f000-7f8ff8da3000 r--p 00010000 00:25 13835                      /usr/lib/jvm/java-17-openjdk-amd64/lib/libnio.so
7f8ff8da3000-7f8ff8da4000 r--p 00014000 00:25 13835                      /usr/lib/jvm/java-17-openjdk-amd64/lib/libnio.so
7f8ff8da4000-7f8ff8da5000 rw-p 00015000 00:25 13835                      /usr/lib/jvm/java-17-openjdk-amd64/lib/libnio.so
7f8ff8da5000-7f8ff8da7000 r--p 00000000 00:25 13843                      /usr/lib/jvm/java-17-openjdk-amd64/lib/libzip.so
7f8ff8da7000-7f8ff8dab000 r-xp 00002000 00:25 13843                      /usr/lib/jvm/java-17-openjdk-amd64/lib/libzip.so
7f8ff8dab000-7f8ff8dad000 r--p 00006000 00:25 13843                      /usr/lib/jvm/java-17-openjdk-amd64/lib/libzip.so
7f8ff8dad000-7f8ff8dae000 r--p 00007000 00:25 13843                      /usr/lib/jvm/java-17-openjdk-amd64/lib/libzip.so
7f8ff8dae000-7f8ff8daf000 rw-p 00008000 00:25 13843                      /usr/lib/jvm/java-17-openjdk-amd64/lib/libzip.so
7f8ff8daf000-7f8ff8db0000 r--p 00000000 00:25 13899                      /usr/lib/locale/C.utf8/LC_NUMERIC
7f8ff8db0000-7f8ff8db1000 r--p 00000000 00:25 13902                      /usr/lib/locale/C.utf8/LC_TIME
7f8ff8db1000-7f8ff8db2000 r--p 00000000 00:25 13892                      /usr/lib/locale/C.utf8/LC_COLLATE
7f8ff8db2000-7f8ff8db3000 r--p 00000000 00:25 13897                      /usr/lib/locale/C.utf8/LC_MONETARY
7f8ff8db3000-7f8ff8db4000 r--p 00000000 00:25 13896                      /usr/lib/locale/C.utf8/LC_MESSAGES/SYS_LC_MESSAGES
7f8ff8db4000-7f8ff8db5000 r--p 00000000 00:25 13900                      /usr/lib/locale/C.utf8/LC_PAPER
7f8ff8db5000-7f8ff8db6000 r--p 00000000 00:25 13898                      /usr/lib/locale/C.utf8/LC_NAME
7f8ff8db6000-7f8ff8dbd000 r--s 00000000 00:25 17585                      /usr/lib/x86_64-linux-gnu/gconv/gconv-modules.cache
7f8ff8dbd000-7f8ff8dbe000 ---p 00000000 00:00 0 
7f8ff8dbe000-7f8ff8ebe000 rw-p 00000000 00:00 0 
7f8ff8ebe000-7f8ff8ebf000 ---p 00000000 00:00 0 
7f8ff8ebf000-7f8ff91c1000 rw-p 00000000 00:00 0 
7f8ff91c1000-7f8ff91c2000 ---p 00000000 00:00 0 
7f8ff91c2000-7f8ff92c2000 rw-p 00000000 00:00 0 
7f8ff92c2000-7f8ff92c3000 ---p 00000000 00:00 0 
7f8ff92c3000-7f8ff93c3000 rw-p 00000000 00:00 0 
7f8ff93c3000-7f8ff93c4000 ---p 00000000 00:00 0 
7f8ff93c4000-7f8ff969d000 rw-p 00000000 00:00 0 
7f8ff969d000-7f8ff9908000 ---p 00000000 00:00 0 
7f8ff9908000-7f8ff9a9d000 rw-p 00000000 00:00 0 
7f8ff9a9d000-7f8ff9d08000 ---p 00000000 00:00 0 
7f8ff9d08000-7f8ff9e9d000 rw-p 00000000 00:00 0 
7f8ff9e9d000-7f8ffa108000 ---p 00000000 00:00 0 
7f8ffa108000-7f8ffa335000 rw-p 00000000 00:00 0 
7f8ffa335000-7f8ffa3f6000 ---p 00000000 00:00 0 
7f8ffa3f6000-7f8ffa48d000 rw-p 00000000 00:00 0 
7f8ffa48d000-7f8ffa4e1000 ---p 00000000 00:00 0 
7f8ffa4e1000-7f8ffa4e6000 rw-p 00000000 00:00 0 
7f8ffa4e6000-7f8ffa4ed000 ---p 00000000 00:00 0 
7f8ffa4ed000-7f8ffa4f5000 rw-s 00000000 fe:00 394002                     /tmp/hsperfdata_root/281
7f8ffa4f5000-7f8ffa501000 r--p 00000000 00:25 13820                      /usr/lib/jvm/java-17-openjdk-amd64/lib/libjava.so
7f8ffa501000-7f8ffa512000 r-xp 0000c000 00:25 13820                      /usr/lib/jvm/java-17-openjdk-amd64/lib/libjava.so
7f8ffa512000-7f8ffa518000 r--p 0001d000 00:25 13820                      /usr/lib/jvm/java-17-openjdk-amd64/lib/libjava.so
7f8ffa518000-7f8ffa519000 r--p 00022000 00:25 13820                      /usr/lib/jvm/java-17-openjdk-amd64/lib/libjava.so
7f8ffa519000-7f8ffa51a000 rw-p 00023000 00:25 13820                      /usr/lib/jvm/java-17-openjdk-amd64/lib/libjava.so
7f8ffa51a000-7f8ffa51b000 rw-p 00000000 00:00 0 
7f8ffa51b000-7f8ffa51c000 r--p 00000000 00:25 13815                      /usr/lib/jvm/java-17-openjdk-amd64/lib/libinstrument.so
7f8ffa51c000-7f8ffa522000 r-xp 00001000 00:25 13815                      /usr/lib/jvm/java-17-openjdk-amd64/lib/libinstrument.so
7f8ffa522000-7f8ffa525000 r--p 00007000 00:25 13815                      /usr/lib/jvm/java-17-openjdk-amd64/lib/libinstrument.so
7f8ffa525000-7f8ffa526000 r--p 00009000 00:25 13815                      /usr/lib/jvm/java-17-openjdk-amd64/lib/libinstrument.so
7f8ffa526000-7f8ffa527000 rw-p 0000a000 00:25 13815                      /usr/lib/jvm/java-17-openjdk-amd64/lib/libinstrument.so
7f8ffa527000-7f8ffa529000 r--p 00000000 00:25 13824                      /usr/lib/jvm/java-17-openjdk-amd64/lib/libjimage.so
7f8ffa529000-7f8ffa52c000 r-xp 00002000 00:25 13824                      /usr/lib/jvm/java-17-openjdk-amd64/lib/libjimage.so
7f8ffa52c000-7f8ffa52d000 r--p 00005000 00:25 13824                      /usr/lib/jvm/java-17-openjdk-amd64/lib/libjimage.so
7f8ffa52d000-7f8ffa52e000 r--p 00006000 00:25 13824                      /usr/lib/jvm/java-17-openjdk-amd64/lib/libjimage.so
7f8ffa52e000-7f8ffa52f000 rw-p 00007000 00:25 13824                      /usr/lib/jvm/java-17-openjdk-amd64/lib/libjimage.so
7f8ffa52f000-7f8ffa533000 ---p 00000000 00:00 0 
7f8ffa533000-7f8ffa62f000 rw-p 00000000 00:00 0 
7f8ffa62f000-7f8ffa632000 r--p 00000000 00:25 17971                      /usr/lib/x86_64-linux-gnu/libgcc_s.so.1
7f8ffa632000-7f8ffa649000 r-xp 00003000 00:25 17971                      /usr/lib/x86_64-linux-gnu/libgcc_s.so.1
7f8ffa649000-7f8ffa64d000 r--p 0001a000 00:25 17971                      /usr/lib/x86_64-linux-gnu/libgcc_s.so.1
7f8ffa64d000-7f8ffa64e000 r--p 0001d000 00:25 17971                      /usr/lib/x86_64-linux-gnu/libgcc_s.so.1
7f8ffa64e000-7f8ffa64f000 rw-p 0001e000 00:25 17971                      /usr/lib/x86_64-linux-gnu/libgcc_s.so.1
7f8ffa64f000-7f8ffa65f000 r--p 00000000 00:25 18072                      /usr/lib/x86_64-linux-gnu/libm.so.6
7f8ffa65f000-7f8ffa6d3000 r-xp 00010000 00:25 18072                      /usr/lib/x86_64-linux-gnu/libm.so.6
7f8ffa6d3000-7f8ffa72d000 r--p 00084000 00:25 18072                      /usr/lib/x86_64-linux-gnu/libm.so.6
7f8ffa72d000-7f8ffa72e000 r--p 000dd000 00:25 18072                      /usr/lib/x86_64-linux-gnu/libm.so.6
7f8ffa72e000-7f8ffa72f000 rw-p 000de000 00:25 18072                      /usr/lib/x86_64-linux-gnu/libm.so.6
7f8ffa72f000-7f8ffa7c8000 r--p 00000000 00:25 18239                      /usr/lib/x86_64-linux-gnu/libstdc++.so.6.0.30
7f8ffa7c8000-7f8ffa8c9000 r-xp 00099000 00:25 18239                      /usr/lib/x86_64-linux-gnu/libstdc++.so.6.0.30
7f8ffa8c9000-7f8ffa938000 r--p 0019a000 00:25 18239                      /usr/lib/x86_64-linux-gnu/libstdc++.so.6.0.30
7f8ffa938000-7f8ffa943000 r--p 00209000 00:25 18239                      /usr/lib/x86_64-linux-gnu/libstdc++.so.6.0.30
7f8ffa943000-7f8ffa946000 rw-p 00214000 00:25 18239                      /usr/lib/x86_64-linux-gnu/libstdc++.so.6.0.30
7f8ffa946000-7f8ffa949000 rw-p 00000000 00:00 0 
7f8ffa949000-7f8ffab9a000 r--p 00000000 00:25 13856                      /usr/lib/jvm/java-17-openjdk-amd64/lib/server/libjvm.so
7f8ffab9a000-7f8ffb8ec000 r-xp 00251000 00:25 13856                      /usr/lib/jvm/java-17-openjdk-amd64/lib/server/libjvm.so
7f8ffb8ec000-7f8ffbb6e000 r--p 00fa3000 00:25 13856                      /usr/lib/jvm/java-17-openjdk-amd64/lib/server/libjvm.so
7f8ffbb6e000-7f8ffbc26000 r--p 01225000 00:25 13856                      /usr/lib/jvm/java-17-openjdk-amd64/lib/server/libjvm.so
7f8ffbc26000-7f8ffbc5b000 rw-p 012dd000 00:25 13856                      /usr/lib/jvm/java-17-openjdk-amd64/lib/server/libjvm.so
7f8ffbc5b000-7f8ffbcb7000 rw-p 00000000 00:00 0 
7f8ffbcb7000-7f8ffbcdd000 r--p 00000000 00:25 17860                      /usr/lib/x86_64-linux-gnu/libc.so.6
7f8ffbcdd000-7f8ffbe33000 r-xp 00026000 00:25 17860                      /usr/lib/x86_64-linux-gnu/libc.so.6
7f8ffbe33000-7f8ffbe86000 r--p 0017c000 00:25 17860                      /usr/lib/x86_64-linux-gnu/libc.so.6
7f8ffbe86000-7f8ffbe8a000 r--p 001cf000 00:25 17860                      /usr/lib/x86_64-linux-gnu/libc.so.6
7f8ffbe8a000-7f8ffbe8c000 rw-p 001d3000 00:25 17860                      /usr/lib/x86_64-linux-gnu/libc.so.6
7f8ffbe8c000-7f8ffbe99000 rw-p 00000000 00:00 0 
7f8ffbe99000-7f8ffbe9b000 r--p 00000000 00:25 13825                      /usr/lib/jvm/java-17-openjdk-amd64/lib/libjli.so
7f8ffbe9b000-7f8ffbea4000 r-xp 00002000 00:25 13825                      /usr/lib/jvm/java-17-openjdk-amd64/lib/libjli.so
7f8ffbea4000-7f8ffbea7000 r--p 0000b000 00:25 13825                      /usr/lib/jvm/java-17-openjdk-amd64/lib/libjli.so
7f8ffbea7000-7f8ffbea8000 r--p 0000d000 00:25 13825                      /usr/lib/jvm/java-17-openjdk-amd64/lib/libjli.so
7f8ffbea8000-7f8ffbea9000 rw-p 0000e000 00:25 13825                      /usr/lib/jvm/java-17-openjdk-amd64/lib/libjli.so
7f8ffbea9000-7f8ffbeac000 r--p 00000000 00:25 1006                       /usr/lib/x86_64-linux-gnu/libz.so.1.2.13
7f8ffbeac000-7f8ffbebf000 r-xp 00003000 00:25 1006                       /usr/lib/x86_64-linux-gnu/libz.so.1.2.13
7f8ffbebf000-7f8ffbec6000 r--p 00016000 00:25 1006                       /usr/lib/x86_64-linux-gnu/libz.so.1.2.13
7f8ffbec6000-7f8ffbec7000 r--p 0001c000 00:25 1006                       /usr/lib/x86_64-linux-gnu/libz.so.1.2.13
7f8ffbec7000-7f8ffbec8000 rw-p 0001d000 00:25 1006                       /usr/lib/x86_64-linux-gnu/libz.so.1.2.13
7f8ffbec8000-7f8ffbec9000 r--p 00000000 00:25 13891                      /usr/lib/locale/C.utf8/LC_ADDRESS
7f8ffbec9000-7f8ffbeca000 r--p 00000000 00:25 13901                      /usr/lib/locale/C.utf8/LC_TELEPHONE
7f8ffbeca000-7f8ffbecb000 r--p 00000000 00:25 13895                      /usr/lib/locale/C.utf8/LC_MEASUREMENT
7f8ffbecb000-7f8ffbecc000 r--p 00000000 00:25 13894                      /usr/lib/locale/C.utf8/LC_IDENTIFICATION
7f8ffbecc000-7f8ffbecd000 ---p 00000000 00:00 0 
7f8ffbecd000-7f8ffbece000 r--p 00000000 00:00 0 
7f8ffbece000-7f8ffbecf000 ---p 00000000 00:00 0 
7f8ffbecf000-7f8ffbed1000 rw-p 00000000 00:00 0 
7f8ffbed1000-7f8ffbed2000 r--p 00000000 00:25 17646                      /usr/lib/x86_64-linux-gnu/ld-linux-x86-64.so.2
7f8ffbed2000-7f8ffbef8000 r-xp 00001000 00:25 17646                      /usr/lib/x86_64-linux-gnu/ld-linux-x86-64.so.2
7f8ffbef8000-7f8ffbf02000 r--p 00027000 00:25 17646                      /usr/lib/x86_64-linux-gnu/ld-linux-x86-64.so.2
7f8ffbf02000-7f8ffbf04000 r--p 00031000 00:25 17646                      /usr/lib/x86_64-linux-gnu/ld-linux-x86-64.so.2
7f8ffbf04000-7f8ffbf06000 rw-p 00033000 00:25 17646                      /usr/lib/x86_64-linux-gnu/ld-linux-x86-64.so.2
7ffe04c45000-7ffe04c66000 rw-p 00000000 00:00 0                          [stack]
7ffe04dbe000-7ffe04dc1000 r--p 00000000 00:00 0                          [vvar]
7ffe04dc1000-7ffe04dc3000 r-xp 00000000 00:00 0                          [vdso]
ffffffffff600000-ffffffffff601000 r-xp 00000000 00:00 0                  [vsyscall]


VM Arguments:
jvm_args: --add-opens=java.base/java.lang=ALL-UNNAMED --add-opens=java.base/java.lang.invoke=ALL-UNNAMED --add-opens=java.base/java.util=ALL-UNNAMED --add-opens=java.prefs/java.util.prefs=ALL-UNNAMED --add-exports=jdk.compiler/com.sun.tools.javac.api=ALL-UNNAMED --add-exports=jdk.compiler/com.sun.tools.javac.util=ALL-UNNAMED --add-opens=java.base/java.util=ALL-UNNAMED --add-opens=java.prefs/java.util.prefs=ALL-UNNAMED --add-opens=java.base/java.nio.charset=ALL-UNNAMED --add-opens=java.base/java.net=ALL-UNNAMED --add-opens=java.base/java.util.concurrent=ALL-UNNAMED --add-opens=java.base/java.util.concurrent.atomic=ALL-UNNAMED --add-opens=java.xml/javax.xml.namespace=ALL-UNNAMED --add-opens=java.base/java.time=ALL-UNNAMED -Xmx2g -Dfile.encoding=UTF-8 -Duser.country -Duser.language=en -Duser.variant -javaagent:/root/.gradle/wrapper/dists/gradle-9.3.1-bin/23ovyewtku6u96viwx3xl3oks/gradle-9.3.1/lib/agents/gradle-instrumentation-agent-9.3.1.jar 
java_command: org.gradle.launcher.daemon.bootstrap.GradleDaemon 9.3.1
java_class_path (initial): /root/.gradle/wrapper/dists/gradle-9.3.1-bin/23ovyewtku6u96viwx3xl3oks/gradle-9.3.1/lib/gradle-daemon-main-9.3.1.jar
Launcher Type: SUN_STANDARD

[Global flags]
     intx CICompilerCount                          = 2                                         {product} {ergonomic}
     uint ConcGCThreads                            = 1                                         {product} {ergonomic}
     uint G1ConcRefinementThreads                  = 2                                         {product} {ergonomic}
   size_t G1HeapRegionSize                         = 1048576                                   {product} {ergonomic}
    uintx GCDrainStackTargetSize                   = 64                                        {product} {ergonomic}
   size_t InitialHeapSize                          = 33554432                                  {product} {ergonomic}
   size_t MarkStackSize                            = 4194304                                   {product} {ergonomic}
   size_t MaxHeapSize                              = 2147483648                                {product} {command line}
   size_t MaxNewSize                               = 1287651328                                {product} {ergonomic}
   size_t MinHeapDeltaBytes                        = 1048576                                   {product} {ergonomic}
   size_t MinHeapSize                              = 8388608                                   {product} {ergonomic}
    uintx NonNMethodCodeHeapSize                   = 5826188                                {pd product} {ergonomic}
    uintx NonProfiledCodeHeapSize                  = 122916026                              {pd product} {ergonomic}
    uintx ProfiledCodeHeapSize                     = 122916026                              {pd product} {ergonomic}
    uintx ReservedCodeCacheSize                    = 251658240                              {pd product} {ergonomic}
     bool SegmentedCodeCache                       = true                                      {product} {ergonomic}
   size_t SoftMaxHeapSize                          = 2147483648                             {manageable} {ergonomic}
     bool UseCompressedClassPointers               = true                           {product lp64_product} {ergonomic}
     bool UseCompressedOops                        = true                           {product lp64_product} {ergonomic}
     bool UseG1GC                                  = true                                      {product} {ergonomic}

Logging:
Log output configuration:
 #0: stdout all=warning uptime,level,tags
 #1: stderr all=off uptime,level,tags

Environment Variables:
PATH=/usr/local/sbin:/usr/local/bin:/usr/sbin:/usr/bin:/sbin:/bin:/opt/android-sdk/cmdline-tools/latest/bin:/opt/android-sdk/platform-tools:/opt/android-sdk/cmdline-tools/latest/bin:/opt/android-sdk/platform-tools
SHELL=/bin/bash
LANG=C.UTF-8
LC_ALL=C.UTF-8
TERM=tmux-256color

Active Locale:
LC_ALL=C.UTF-8
LC_COLLATE=C.UTF-8
LC_CTYPE=C.UTF-8
LC_MESSAGES=C.UTF-8
LC_MONETARY=C.UTF-8
LC_NUMERIC=C.UTF-8
LC_TIME=C.UTF-8

Signal Handlers:
   SIGSEGV: crash_handler in libjvm.so, mask=11100100010111111101111111111110, flags=SA_RESTART|SA_SIGINFO, unblocked
    SIGBUS: crash_handler in libjvm.so, mask=11100100010111111101111111111110, flags=SA_RESTART|SA_SIGINFO, unblocked
    SIGFPE: crash_handler in libjvm.so, mask=11100100010111111101111111111110, flags=SA_RESTART|SA_SIGINFO, unblocked
   SIGPIPE: javaSignalHandler in libjvm.so, mask=11100100010111111101111111111110, flags=SA_RESTART|SA_SIGINFO, unblocked
   SIGXFSZ: javaSignalHandler in libjvm.so, mask=11100100010111111101111111111110, flags=SA_RESTART|SA_SIGINFO, unblocked
    SIGILL: crash_handler in libjvm.so, mask=11100100010111111101111111111110, flags=SA_RESTART|SA_SIGINFO, unblocked
   SIGUSR2: SR_handler in libjvm.so, mask=00100000000000000000000000000000, flags=SA_RESTART|SA_SIGINFO, unblocked
    SIGHUP: UserHandler in libjvm.so, mask=11100100010111111101111111111110, flags=SA_RESTART|SA_SIGINFO, unblocked
    SIGINT: UserHandler in libjvm.so, mask=11100100010111111101111111111110, flags=SA_RESTART|SA_SIGINFO, unblocked
   SIGTERM: UserHandler in libjvm.so, mask=11100100010111111101111111111110, flags=SA_RESTART|SA_SIGINFO, unblocked
   SIGQUIT: UserHandler in libjvm.so, mask=11100100010111111101111111111110, flags=SA_RESTART|SA_SIGINFO, unblocked
   SIGTRAP: crash_handler in libjvm.so, mask=11100100010111111101111111111110, flags=SA_RESTART|SA_SIGINFO, unblocked


Periodic native trim disabled


---------------  S Y S T E M  ---------------

OS:
PRETTY_NAME="Debian GNU/Linux 12 (bookworm)"
NAME="Debian GNU/Linux"
VERSION_ID="12"
VERSION="12 (bookworm)"
VERSION_CODENAME=bookworm
ID=debian
HOME_URL="https://www.debian.org/"
SUPPORT_URL="https://www.debian.org/support"
BUG_REPORT_URL="https://bugs.debian.org/"
uname: Linux 4.19.91-c8dfc93.al7.x86_64 #1 SMP Tue Sep 26 10:25:51 UTC 2023 x86_64
OS uptime: 0 days 0:13 hours
libc: glibc 2.36 NPTL 2.36 
rlimit (soft/hard): STACK 8192k/infinity , CORE 0k/0k , NPROC 100000/100000 , NOFILE 100000/100000 , AS infinity/infinity , CPU infinity/infinity , DATA infinity/infinity , FSIZE infinity/infinity , MEMLOCK 64k/64k
load average: 1.02 0.72 0.46

/proc/meminfo:
MemTotal:        2152516 kB
MemFree:          163756 kB
MemAvailable:     211456 kB
Buffers:            2432 kB
Cached:            97592 kB
SwapCached:            0 kB
Active:          1841432 kB
Inactive:          64692 kB
Active(anon):    1806204 kB
Inactive(anon):       16 kB
Active(file):      35228 kB
Inactive(file):    64676 kB
Unevictable:           0 kB
Mlocked:               0 kB
SwapTotal:             0 kB
SwapFree:              0 kB
Dirty:              1736 kB
Writeback:             0 kB
AnonPages:       1806260 kB
Mapped:            36336 kB
Shmem:                32 kB
Slab:              32500 kB
SReclaimable:      19328 kB
SUnreclaim:        13172 kB
KernelStack:        2992 kB
PageTables:         5180 kB
NFS_Unstable:          0 kB
Bounce:                0 kB
WritebackTmp:          0 kB
CommitLimit:     1076256 kB
Committed_AS:    1982220 kB
VmallocTotal:   34359738367 kB
VmallocUsed:           0 kB
VmallocChunk:          0 kB
Percpu:              400 kB
AnonHugePages:    532480 kB
ShmemHugePages:        0 kB
ShmemPmdMapped:        0 kB
HugePages_Total:       0
HugePages_Free:        0
HugePages_Rsvd:        0
HugePages_Surp:        0
Hugepagesize:       2048 kB
Hugetlb:               0 kB
DirectMap4k:        8192 kB
DirectMap2M:     2523136 kB
DirectMap1G:           0 kB

/sys/kernel/mm/transparent_hugepage/enabled: [always] madvise never
/sys/kernel/mm/transparent_hugepage/hpage_pmd_size: 2097152
/sys/kernel/mm/transparent_hugepage/defrag (defrag/compaction efforts parameter): always defer defer+madvise madvise [never]

Process Memory:
Virtual Size: 4821944K (peak: 5330544K)
Resident Set Size: 1473340K (peak: 1473340K) (anon: 1447596K, file: 25744K, shmem: 0K)
Swapped out: 0K
C-Heap outstanding allocations: 168432K, retained: 41923K
glibc malloc tunables: (default)

/proc/sys/kernel/threads-max (system-wide limit on the number of threads): 1129
/proc/sys/vm/max_map_count (maximum number of memory map areas a process may have): 65530
/proc/sys/vm/swappiness (control to define how aggressively the kernel swaps out anonymous memory): 60
/proc/sys/kernel/pid_max (system-wide limit on number of process identifiers): 32768

container (cgroup) information:
container_type: cgroupv1
cpu_cpuset_cpus: 0-1
cpu_memory_nodes: 0
active_processor_count: 2
cpu_quota: no quota
cpu_period: 100000
cpu_shares: 12288
memory_limit_in_bytes: 2097152 k
memory_and_swap_limit_in_bytes: unlimited
memory_soft_limit_in_bytes: unlimited
memory_usage_in_bytes: 1927324 k
memory_max_usage_in_bytes: 2070400 k
rss_usage_in_bytes: 1799576 k
cache_usage_in_bytes: 99936 k
kernel_memory_limit_in_bytes: unlimited
kernel_memory_usage_in_bytes: 27464 k
kernel_memory_max_usage_in_bytes: 150088 k
maximum number of tasks: unlimited
current number of tasks: 112

KVM virtualization detected
Steal ticks since vm start: 27328
Steal ticks percentage since vm start:  0.174

CPU: total 2 (initial active 2) (2 cores per cpu, 1 threads per core) family 6 model 85 stepping 7 microcode 0x1, cx8, cmov, fxsr, mmx, 3dnowpref, sse, sse2, sse3, ssse3, sse4.1, sse4.2, popcnt, lzcnt, tsc, tscinvbit, avx, avx2, aes, erms, clmul, bmi1, bmi2, adx, avx512f, avx512dq, avx512cd, avx512bw, avx512vl, fma, vzeroupper, avx512_vnni, clflush, clflushopt, clwb, hv
CPU Model and flags from /proc/cpuinfo:
model name	: Intel(R) Xeon(R) Processor @ 2.50GHz
flags		: fpu vme de pse tsc msr pae mce cx8 apic sep mtrr pge mca cmov pat pse36 clflush mmx fxsr sse sse2 ss ht syscall nx pdpe1gb rdtscp lm constant_tsc rep_good nopl xtopology nonstop_tsc cpuid tsc_known_freq pni pclmulqdq ssse3 fma cx16 pcid sse4_1 sse4_2 x2apic movbe popcnt tsc_deadline_timer aes xsave avx f16c rdrand hypervisor lahf_lm abm 3dnowprefetch cpuid_fault invpcid_single ssbd ibrs ibpb stibp ibrs_enhanced fsgsbase tsc_adjust bmi1 avx2 smep bmi2 erms invpcid mpx avx512f avx512dq rdseed adx smap clflushopt clwb avx512cd avx512bw avx512vl xsaveopt xsavec xgetbv1 xsaves umip avx512_vnni md_clear arch_capabilities

Online cpus: 0-1
Offline cpus: 
BIOS frequency limitation: <Not Available>
Frequency switch latency (ns): <Not Available>
Available cpu frequencies: <Not Available>
Current governor: <Not Available>
Core performance/turbo boost: <Not Available>

Memory: 4k page, physical 2097152k(169828k free), swap 0k(0k free)
Page Sizes: 4k

vm_info: OpenJDK 64-Bit Server VM (17.0.20+8-1-deb12u1-Debian) for linux-amd64 JRE (17.0.20+8-1-deb12u1-Debian), built on Jul 28 2026 07:08:51 by "buildd" with gcc 12.2.0

END.
